Insert into OFFENDER (OFFENDER_ID,FIRST_NAME,CRN,SECOND_NAME,PNC_NUMBER,THIRD_NAME,CRO_NUMBER,SURNAME,NOMS_NUMBER,PREVIOUS_SURNAME,ALLOW_SMS,DATE_OF_BIRTH_DATE,NI_NUMBER,NOTES,LANGUAGE_CONCERNS,DECEASED_DATE,INTERPRETER_REQUIRED,IMMIGRATION_NUMBER,EXCLUSION_MESSAGE,RESTRICTION_MESSAGE,TELEPHONE_NUMBER,MOBILE_NUMBER,E_MAIL_ADDRESS,PARTITION_AREA_ID,SOFT_DELETED,ROW_VERSION,TITLE_ID,GENDER_ID,ETHNICITY_ID,NATIONALITY_ID,IMMIGRATION_STATUS_ID,LANGUAGE_ID,RELIGION_ID,SURNAME_SOUNDEX,CREATED_DATETIME,MOST_RECENT_PRISONER_NUMBER,LAST_UPDATED_DATETIME,LAST_UPDATED_DATETIME_DIVERSIT,SECOND_NATIONALITY_ID,SEXUAL_ORIENTATION_ID,CURRENT_EXCLUSION,CREATED_BY_USER_ID,LAST_UPDATED_USER_ID,TRAINING_SESSION_ID,FIRST_NAME_SOUNDEX,MIDDLE_NAME_SOUNDEX,LAST_UPDATED_USER_ID_DIVERSITY,CURRENT_DISPOSAL,CURRENT_HIGHEST_RISK_COLOUR,CURRENT_RESTRICTION,INSTITUTION_ID,ESTABLISHMENT,ORGANISATIONS,CURRENT_TIER,PENDING_TRANSFER,OFFENDER_DETAILS,PREVIOUS_CONVICTION_DATE,PREVIOUS_CONVICTION_DOCUMENT,PREV_CONVICTION_DOCUMENT_NAME,CURRENT_REMAND_STATUS,OM_ALLOCATION_DECISION_ID,PREV_CON_LAST_UPDATED_USER_ID,PREV_CON_LAST_UPD_AUTH_PROV_ID,PREV_CON_CREATED_PROVIDER_ID,PREV_CON_CREATED_BY_USER_ID,PREV_CON_CREATED_DATETIME,PREV_CON_ALFRESCO_DOCUMENT_ID,TRANSGENDER_CONSENT_DISCLOSE,TRANSGENDER_PROCESS_ID,IOM_NOMINAL,SAFEGUARDING_ISSUE,VULNERABILITY_ISSUE,DISABILITY,LEARNING,MENTAL_HEALTH,CDC_CUSTODY_START_DATE,DYNAMIC_RSR_SCORE,PREFERRED_NAME,GENDER_IDENTITY_ID,GENDER_IDENTITY_DESCRIPTION) values (2500343964,'Aadland','X320741','Danger',null,null,null,'Bertrand','G9542VP',null,null,to_date('19-JUL-65','DD-MON-RR'),null, null,null,null,null,null,'You are excluded from viewing this offender record. Please contact a system administrator','This is a restricted offender record. Please contact a system administrator',null,null,null,0,0,15,null,545,null,null,null,null,null,'B636',to_date('04-09-19','DD-MM-RR'),'V74111',to_date('27-09-19','DD-MM-RR'),to_date('04-09-19','DD-MM-RR'),null,null,0,2500040507,2500040507,null,'A345',null,2500040507,1,null,0,2500004521,'Y',('2500007020', '1500001001'),2500031092,0, null,to_date('01-09-19','DD-MM-RR'), null,'PRE-CONS.pdf','Bail - Unconditional',2500005001,2500040507,1500001001,1500001001,2500040507,to_date('10-09-19','DD-MM-RR'),'1e593ff6-d5d6-4048-a671-cdeb8f65608b',null,null,null,null,null,null,null,null,to_date('04-09-19','DD-MM-RR'),1,'Bob',2500110654,'Jedi');
Insert into ADDITIONAL_OFFENCE (ADDITIONAL_OFFENCE_ID,OFFENCE_DATE,OFFENCE_COUNT,EVENT_ID,SOFT_DELETED,PARTITION_AREA_ID,ROW_VERSION,CREATED_BY_USER_ID,CREATED_DATETIME,LAST_UPDATED_USER_ID,LAST_UPDATED_DATETIME,OFFENCE_ID,TRAINING_SESSION_ID) values (2500108084,to_date('02-09-19','DD-MM-RR'),3,2500295345,0,0,1,2500040507,to_date('04-09-19','DD-MM-RR'),2500040507,to_date('04-09-19','DD-MM-RR'),311,null);
Insert into ADDRESS_ASSESSMENT (ADDRESS_ASSESSMENT_ID,ASSESSMENT_DATE,DETAILS,STAFF_ID,TEAM_ID,PARTITION_AREA_ID,SOFT_DELETED,ROW_VERSION,OFFENDER_ID,PROVIDER_EMPLOYEE_ID,PROVIDER_TEAM_ID,OFFENDER_ADDRESS_ID,TRAINING_SESSION_ID,ORGANISATIONS,CREATED_BY_USER_ID,LAST_UPDATED_USER_ID,CREATED_DATETIME,LAST_UPDATED_DATETIME,DOCUMENT_LINKED) values (2500066584,to_date('02-09-19','DD-MM-RR'),'Be there',2500001578,2500002001,0,0,2,2500343964,null,null,2500065226,null,('2500007020', '1500001001'),2500040507,2500040507,to_date('13-09-19','DD-MM-RR'),to_date('13-09-19','DD-MM-RR'),'Y');
Insert into APPROVED_PREMISES_REFERRAL (APPROVED_PREMISES_REFERRAL_ID,REFERRAL_DATE,EXPECTED_ARRIVAL_DATE,EXPECTED_DEPARTURE_DATE,DECISION_DATE,REFERRAL_NOTES,NON_ARRIVAL_DATE,ORIGINAL_AP_ADMIT_DATE,SELF_HARM_ISSUES,NON_ARRIVAL_NOTES,REFERRING_TEAM_ID,DECISION_BY_TEAM_ID,REFERRING_STAFF_ID,DECISION_BY_STAFF_ID,DECISION_NOTES,SOFT_DELETED,PARTITION_AREA_ID,ROW_VERSION,REFERRAL_CATEGORY_ID,REFERRAL_DECISION_ID,PENDING_STATUS_ID,REJECT_REASON_ID,REFERRAL_OUTCOME_ID,REFERRAL_GROUP_ID,NON_ARRIVAL_REASON_ID,INSTITUTION_ID,APPROVED_PREMISES_ID,TRANSFER_REASON_ID,REFERRAL_SOURCE_ID,SOURCE_TYPE_ID,EXTERNAL_REFERRAL_REASON_ID,CREATED_DATETIME,LAST_UPDATED_DATETIME,EVENT_ID,ESTABLISHMENT,REFERRING_PROBATION_AREA_ID,REFERRED_TO_PROBATION_AREA_ID,CREATED_BY_USER_ID,LAST_UPDATED_USER_ID,TRAINING_SESSION_ID,OFFENDER_ID,ORIGINAL_APPROVED_PREMISES_ID,ORGANISATIONS,RESERVATION_START_DATE,RESERVATION_LENGTH,REASON_FOR_REFERRAL,ACTIVE_ARSON_RISK_ID,ARSON_RISK_DETAILS,DISABILITY_ISSUES_ID,DISABILITY_DETAILS,SINGLE_ROOM_ID,SINGLE_ROOM_DETAILS,SEX_OFFENDER,GANG_AFFILIATED,MAPPA_LEVEL_ID,ROH_PUBLIC_ID,ROH_STAFF_ID,ROH_KNOWN_PERSON_ID,ROH_CHILDREN_ID,ROH_RESIDENTS_ID,ROH_SELF_ID,ROH_OTHERS_ID,RISK_INFORMATION,REFERRAL_DATE_TYPE_ID) values (2500074467,to_date('13-09-19','DD-MM-RR'),to_date('27-09-19','DD-MM-RR'),to_date('25-OCT-19','DD-MON-RR'),null, null,null,null,null, null,2500005275,null,2500006556,null, null,0,0,2,213,220,null,null,null,2500040206,null,null,null,null,7,2188,null,to_date('13-09-19','DD-MM-RR'),to_date('13-09-19','DD-MM-RR'),2500295345,null,1500001003,null,2500040507,2500040507,null,2500343964,null,('2500007020', '1500001001'),null,null,'Just to check',2500172652,null,2500172652,null,2500172652,null,'N','N',null,2500172657,2500172657,2500172657,2500172657,2500172657,2500172657,2500172657, null,2500172665);
Insert into ASSESSMENT (ASSESSMENT_ID,REFERRAL_ID,ASSESSMENT_DATE,OFFENDERS_AGREEMENT,NOTES,TEAM_ID,STAFF_ID,PROVIDER_EMPLOYEE_ID,SOFT_DELETED,OFFENDER_REQUIRED_TO_ATTEND,OFFENDER_ATTENDED,PARTITION_AREA_ID,ROW_VERSION,ASSESSMENT_TYPE_ID,PROVIDER_TEAM_ID,SCORE,DURATION_MINUTES,CREATED_BY_USER_ID,CREATED_DATETIME,LAST_UPDATED_USER_ID,LAST_UPDATED_DATETIME,ASSESSMENT_OUTCOME_ID,TRAINING_SESSION_ID,OFFENDER_ID,ORGANISATIONS,DOCUMENT_LINKED) values (2500083501,2500080019,to_date('11-09-19','DD-MM-RR'),'Y', null,2500016363,2500021176,null,0,'N','N',0,0,1,null,null,0,2500040507,to_date('13-09-19','DD-MM-RR'),2500040507,to_date('13-09-19','DD-MM-RR'),2,null,2500343964,('2500007020', '1500001001'),null);
Insert into ASSESSMENT (ASSESSMENT_ID,REFERRAL_ID,ASSESSMENT_DATE,OFFENDERS_AGREEMENT,NOTES,TEAM_ID,STAFF_ID,PROVIDER_EMPLOYEE_ID,SOFT_DELETED,OFFENDER_REQUIRED_TO_ATTEND,OFFENDER_ATTENDED,PARTITION_AREA_ID,ROW_VERSION,ASSESSMENT_TYPE_ID,PROVIDER_TEAM_ID,SCORE,DURATION_MINUTES,CREATED_BY_USER_ID,CREATED_DATETIME,LAST_UPDATED_USER_ID,LAST_UPDATED_DATETIME,ASSESSMENT_OUTCOME_ID,TRAINING_SESSION_ID,OFFENDER_ID,ORGANISATIONS,DOCUMENT_LINKED) values (2500083502,2500080018,to_date('12-09-19','DD-MM-RR'),'N', null,2500031218,2500038545,null,0,'N','N',0,0,24,null,'4.00',600,2500040507,to_date('13-09-19','DD-MM-RR'),2500040507,to_date('13-09-19','DD-MM-RR'),1,null,2500343964,('2500007020', '1500001001'),null);
Insert into CASE_ALLOCATION (CASE_ALLOCATION_ID,OFFENDER_ID,EVENT_ID,RSR_SCORE,RSR_ASSESSOR_PROVIDER_ID,RSR_ASSESSOR_TEAM_ID,RSR_ASSESSOR_STAFF_ID,RSR_ASSESSOR_DATE,ALLOCATION_DECISION_ID,ALLOCATION_DECISION_DATE,TARGET_PROVIDER_ID,DECISION_PROVIDER_ID,DECISION_TEAM_ID,DECISION_STAFF_ID,ALLOCATION_DECISION_NOTES,ROW_VERSION,CREATED_BY_USER_ID,CREATED_DATETIME,LAST_UPDATED_USER_ID,LAST_UPDATED_DATETIME,ALLOCATION_OVERRIDE_REASON_ID,ALLOCATION_OVERRIDE,OSP_SCORE) values (101579,2500343964,2500295345,1,null,null,null,null,2500005001,to_date('13-09-19','DD-MM-RR'),1500001001,1500001001,2500002001,2500001627, null,1,2500040507,to_date('13-09-19','DD-MM-RR'),2500040507,to_date('13-09-19','DD-MM-RR'),2500100525,1,null);
Insert into CASELOAD (CASELOAD_ID,OFFENDER_ID,OFFENDER_MANAGER_ID,EVENT_ID,ORDER_MANAGER_ID,DISPOSAL_ID,LIC_CONDITION_ID,LIC_CONDITION_MANAGER_ID,RQMNT_ID,RQMNT_MANAGER_ID,TRUST_PROVIDER_FLAG,TRUST_PROVIDER_TEAM_ID,STAFF_EMPLOYEE_ID,DISPOSAL_TYPE_ID,LIC_COND_TYPE_MAIN_CAT_ID,CRN,RQMNT_TYPE_MAIN_CATEGORY_ID,AD_RQMNT_TYPE_MAIN_CATEGORY_ID,FIRST_NAME,GENDER_ID,SECOND_NAME,THIRD_NAME,DATE_OF_BIRTH,CURRENT_HIGHEST_RISK_COLOUR,SURNAME,CURRENT_EXCLUSION,CURRENT_TIER,CURRENT_RESTRICTION,LENGTH_VALUE,START_DATE,ROLE_CODE,ROW_VERSION,PARTITION_AREA_ID,ORGANISATIONS,TRAINING_SESSION_ID,ALLOCATION_DATE,PSS_RQMNT_ID,PSS_RQMNT_MANAGER_ID,PSS_RQMNT_TYPE_MAIN_CAT_ID,LENGTH_IN_DAYS,ENTRY_LENGTH_UNITS_ID,NOTIONAL_END_DATE,ENTRY_LENGTH,NSI_ID,NSI_MANAGER_ID,PRISON_OFFENDER_MANAGER_ID,REPORT_MANAGER_ID,COURT_REPORT_ID,INSTITUTIONAL_REPORT_ID) values (2502094553,2500343964,null,2500295345,null,2500282335,null,null,null,null,0,1500119949,1500543278,41,null,'X320741',null,null,'Aadland',545,null,null,to_date('19-JUL-65','DD-MON-RR'),null,'Bertrand',0,2500031092,0,null,null,'NSI',0,0,('2500007020', '1500001001'),null,null,null,null,null,null,null,null,null,2500018596,2500022677,null,null,null,null);
Insert into CASELOAD (CASELOAD_ID,OFFENDER_ID,OFFENDER_MANAGER_ID,EVENT_ID,ORDER_MANAGER_ID,DISPOSAL_ID,LIC_CONDITION_ID,LIC_CONDITION_MANAGER_ID,RQMNT_ID,RQMNT_MANAGER_ID,TRUST_PROVIDER_FLAG,TRUST_PROVIDER_TEAM_ID,STAFF_EMPLOYEE_ID,DISPOSAL_TYPE_ID,LIC_COND_TYPE_MAIN_CAT_ID,CRN,RQMNT_TYPE_MAIN_CATEGORY_ID,AD_RQMNT_TYPE_MAIN_CATEGORY_ID,FIRST_NAME,GENDER_ID,SECOND_NAME,THIRD_NAME,DATE_OF_BIRTH,CURRENT_HIGHEST_RISK_COLOUR,SURNAME,CURRENT_EXCLUSION,CURRENT_TIER,CURRENT_RESTRICTION,LENGTH_VALUE,START_DATE,ROLE_CODE,ROW_VERSION,PARTITION_AREA_ID,ORGANISATIONS,TRAINING_SESSION_ID,ALLOCATION_DATE,PSS_RQMNT_ID,PSS_RQMNT_MANAGER_ID,PSS_RQMNT_TYPE_MAIN_CAT_ID,LENGTH_IN_DAYS,ENTRY_LENGTH_UNITS_ID,NOTIONAL_END_DATE,ENTRY_LENGTH,NSI_ID,NSI_MANAGER_ID,PRISON_OFFENDER_MANAGER_ID,REPORT_MANAGER_ID,COURT_REPORT_ID,INSTITUTIONAL_REPORT_ID) values (2502094554,2500343964,2502409870,null,null,null,null,null,null,null,0,2500041269,2500057096,null,null,'X320741',null,null,'Aadland',545,null,null,to_date('19-JUL-65','DD-MON-RR'),null,'Bertrand',0,2500031092,0,null,to_date('04-09-19','DD-MM-RR'),'OM',0,0,('2500007020', '1500001001'),null,to_date('30-09-19','DD-MM-RR'),null,null,null,null,null,null,null,null,null,null,null,null,null);
Insert into CASELOAD (CASELOAD_ID,OFFENDER_ID,OFFENDER_MANAGER_ID,EVENT_ID,ORDER_MANAGER_ID,DISPOSAL_ID,LIC_CONDITION_ID,LIC_CONDITION_MANAGER_ID,RQMNT_ID,RQMNT_MANAGER_ID,TRUST_PROVIDER_FLAG,TRUST_PROVIDER_TEAM_ID,STAFF_EMPLOYEE_ID,DISPOSAL_TYPE_ID,LIC_COND_TYPE_MAIN_CAT_ID,CRN,RQMNT_TYPE_MAIN_CATEGORY_ID,AD_RQMNT_TYPE_MAIN_CATEGORY_ID,FIRST_NAME,GENDER_ID,SECOND_NAME,THIRD_NAME,DATE_OF_BIRTH,CURRENT_HIGHEST_RISK_COLOUR,SURNAME,CURRENT_EXCLUSION,CURRENT_TIER,CURRENT_RESTRICTION,LENGTH_VALUE,START_DATE,ROLE_CODE,ROW_VERSION,PARTITION_AREA_ID,ORGANISATIONS,TRAINING_SESSION_ID,ALLOCATION_DATE,PSS_RQMNT_ID,PSS_RQMNT_MANAGER_ID,PSS_RQMNT_TYPE_MAIN_CAT_ID,LENGTH_IN_DAYS,ENTRY_LENGTH_UNITS_ID,NOTIONAL_END_DATE,ENTRY_LENGTH,NSI_ID,NSI_MANAGER_ID,PRISON_OFFENDER_MANAGER_ID,REPORT_MANAGER_ID,COURT_REPORT_ID,INSTITUTIONAL_REPORT_ID) values (2502094555,2500343964,null,2500295345,2500346572,2500282335,null,null,null,null,0,2500002001,2500001501,41,null,'X320741',null,null,'Aadland',545,null,null,to_date('19-JUL-65','DD-MON-RR'),null,'Bertrand',0,2500031092,0,60,to_date('04-09-18','DD-MM-RR'),'OS',0,0,('2500007020', '1500001001'),null,to_date('04-09-19','DD-MM-RR'),null,null,null,1826,1111,to_date('03-09-24','DD-MM-RR'),5,null,null,null,null,null,null);
Insert into CASELOAD (CASELOAD_ID,OFFENDER_ID,OFFENDER_MANAGER_ID,EVENT_ID,ORDER_MANAGER_ID,DISPOSAL_ID,LIC_CONDITION_ID,LIC_CONDITION_MANAGER_ID,RQMNT_ID,RQMNT_MANAGER_ID,TRUST_PROVIDER_FLAG,TRUST_PROVIDER_TEAM_ID,STAFF_EMPLOYEE_ID,DISPOSAL_TYPE_ID,LIC_COND_TYPE_MAIN_CAT_ID,CRN,RQMNT_TYPE_MAIN_CATEGORY_ID,AD_RQMNT_TYPE_MAIN_CATEGORY_ID,FIRST_NAME,GENDER_ID,SECOND_NAME,THIRD_NAME,DATE_OF_BIRTH,CURRENT_HIGHEST_RISK_COLOUR,SURNAME,CURRENT_EXCLUSION,CURRENT_TIER,CURRENT_RESTRICTION,LENGTH_VALUE,START_DATE,ROLE_CODE,ROW_VERSION,PARTITION_AREA_ID,ORGANISATIONS,TRAINING_SESSION_ID,ALLOCATION_DATE,PSS_RQMNT_ID,PSS_RQMNT_MANAGER_ID,PSS_RQMNT_TYPE_MAIN_CAT_ID,LENGTH_IN_DAYS,ENTRY_LENGTH_UNITS_ID,NOTIONAL_END_DATE,ENTRY_LENGTH,NSI_ID,NSI_MANAGER_ID,PRISON_OFFENDER_MANAGER_ID,REPORT_MANAGER_ID,COURT_REPORT_ID,INSTITUTIONAL_REPORT_ID) values (2502094556,2500343964,null,null,null,null,null,null,null,null,0,2500015813,2500057541,null,null,'X320741',null,null,'Aadland',545,null,null,to_date('19-JUL-65','DD-MON-RR'),null,'Bertrand',0,2500031092,0,null,null,'POM',0,0,('2500007020', '1500001001'),null,null,null,null,null,null,null,null,null,null,null,121530,null,null,null);
Insert into CASELOAD (CASELOAD_ID,OFFENDER_ID,OFFENDER_MANAGER_ID,EVENT_ID,ORDER_MANAGER_ID,DISPOSAL_ID,LIC_CONDITION_ID,LIC_CONDITION_MANAGER_ID,RQMNT_ID,RQMNT_MANAGER_ID,TRUST_PROVIDER_FLAG,TRUST_PROVIDER_TEAM_ID,STAFF_EMPLOYEE_ID,DISPOSAL_TYPE_ID,LIC_COND_TYPE_MAIN_CAT_ID,CRN,RQMNT_TYPE_MAIN_CATEGORY_ID,AD_RQMNT_TYPE_MAIN_CATEGORY_ID,FIRST_NAME,GENDER_ID,SECOND_NAME,THIRD_NAME,DATE_OF_BIRTH,CURRENT_HIGHEST_RISK_COLOUR,SURNAME,CURRENT_EXCLUSION,CURRENT_TIER,CURRENT_RESTRICTION,LENGTH_VALUE,START_DATE,ROLE_CODE,ROW_VERSION,PARTITION_AREA_ID,ORGANISATIONS,TRAINING_SESSION_ID,ALLOCATION_DATE,PSS_RQMNT_ID,PSS_RQMNT_MANAGER_ID,PSS_RQMNT_TYPE_MAIN_CAT_ID,LENGTH_IN_DAYS,ENTRY_LENGTH_UNITS_ID,NOTIONAL_END_DATE,ENTRY_LENGTH,NSI_ID,NSI_MANAGER_ID,PRISON_OFFENDER_MANAGER_ID,REPORT_MANAGER_ID,COURT_REPORT_ID,INSTITUTIONAL_REPORT_ID) values (2502094557,2500343964,null,2500295345,null,2500282335,null,null,null,null,0,1500119949,1500543278,41,null,'X320741',null,null,'Aadland',545,null,null,to_date('19-JUL-65','DD-MON-RR'),null,'Bertrand',0,2500031092,0,null,to_date('04-09-18','DD-MM-RR'),'RM',0,0,('2500007020', '1500001001'),null,null,null,null,null,null,null,null,null,null,null,null,2500075677,2500079873,null);
Insert into CASELOAD (CASELOAD_ID,OFFENDER_ID,OFFENDER_MANAGER_ID,EVENT_ID,ORDER_MANAGER_ID,DISPOSAL_ID,LIC_CONDITION_ID,LIC_CONDITION_MANAGER_ID,RQMNT_ID,RQMNT_MANAGER_ID,TRUST_PROVIDER_FLAG,TRUST_PROVIDER_TEAM_ID,STAFF_EMPLOYEE_ID,DISPOSAL_TYPE_ID,LIC_COND_TYPE_MAIN_CAT_ID,CRN,RQMNT_TYPE_MAIN_CATEGORY_ID,AD_RQMNT_TYPE_MAIN_CATEGORY_ID,FIRST_NAME,GENDER_ID,SECOND_NAME,THIRD_NAME,DATE_OF_BIRTH,CURRENT_HIGHEST_RISK_COLOUR,SURNAME,CURRENT_EXCLUSION,CURRENT_TIER,CURRENT_RESTRICTION,LENGTH_VALUE,START_DATE,ROLE_CODE,ROW_VERSION,PARTITION_AREA_ID,ORGANISATIONS,TRAINING_SESSION_ID,ALLOCATION_DATE,PSS_RQMNT_ID,PSS_RQMNT_MANAGER_ID,PSS_RQMNT_TYPE_MAIN_CAT_ID,LENGTH_IN_DAYS,ENTRY_LENGTH_UNITS_ID,NOTIONAL_END_DATE,ENTRY_LENGTH,NSI_ID,NSI_MANAGER_ID,PRISON_OFFENDER_MANAGER_ID,REPORT_MANAGER_ID,COURT_REPORT_ID,INSTITUTIONAL_REPORT_ID) values (2502094559,2500343964,null,2500295345,null,2500282335,null,null,null,null,0,1500119949,1500543278,41,null,'X320741',null,null,'Aadland',545,null,null,to_date('19-JUL-65','DD-MON-RR'),null,'Bertrand',0,2500031092,0,null,to_date('04-09-18','DD-MM-RR'),'RM',0,0,('2500007020', '1500001001'),null,null,null,null,null,null,null,null,null,null,null,null,2500075677,2500079874,null);
Insert into CASELOAD (CASELOAD_ID,OFFENDER_ID,OFFENDER_MANAGER_ID,EVENT_ID,ORDER_MANAGER_ID,DISPOSAL_ID,LIC_CONDITION_ID,LIC_CONDITION_MANAGER_ID,RQMNT_ID,RQMNT_MANAGER_ID,TRUST_PROVIDER_FLAG,TRUST_PROVIDER_TEAM_ID,STAFF_EMPLOYEE_ID,DISPOSAL_TYPE_ID,LIC_COND_TYPE_MAIN_CAT_ID,CRN,RQMNT_TYPE_MAIN_CATEGORY_ID,AD_RQMNT_TYPE_MAIN_CATEGORY_ID,FIRST_NAME,GENDER_ID,SECOND_NAME,THIRD_NAME,DATE_OF_BIRTH,CURRENT_HIGHEST_RISK_COLOUR,SURNAME,CURRENT_EXCLUSION,CURRENT_TIER,CURRENT_RESTRICTION,LENGTH_VALUE,START_DATE,ROLE_CODE,ROW_VERSION,PARTITION_AREA_ID,ORGANISATIONS,TRAINING_SESSION_ID,ALLOCATION_DATE,PSS_RQMNT_ID,PSS_RQMNT_MANAGER_ID,PSS_RQMNT_TYPE_MAIN_CAT_ID,LENGTH_IN_DAYS,ENTRY_LENGTH_UNITS_ID,NOTIONAL_END_DATE,ENTRY_LENGTH,NSI_ID,NSI_MANAGER_ID,PRISON_OFFENDER_MANAGER_ID,REPORT_MANAGER_ID,COURT_REPORT_ID,INSTITUTIONAL_REPORT_ID) values (2502094558,2500343964,null,2500295345,null,2500282335,null,null,null,null,0,2500002001,2500001543,41,null,'X320741',null,null,'Aadland',545,null,null,to_date('19-JUL-65','DD-MON-RR'),null,'Bertrand',0,2500031092,0,null,to_date('04-09-19','DD-MM-RR'),'RM',0,0,('2500007020', '1500001001'),null,null,null,null,null,null,null,null,null,null,null,null,2500075678,null,2500078391);
Insert into COHORT (COHORT_ID,EVENT_ID,OFFENDER_ID,COHORT_PROVIDER_ID,COHORT_CODE,SENTENCE_RELEASE_DATE,START_DATE,END_DATE,ALLOCATION_REASON_ID,ACTIVE_FLAG,AUTHORISATION_PROVIDER_ID,AUTHORISATION_TEAM_ID,AUTHORISATION_STAFF_ID,COHORT_CHANGE_REASON_ID,NOTES,SOFT_DELETED,ROW_VERSION,CREATED_BY_USER_ID,CREATED_DATETIME,LAST_UPDATED_USER_ID,LAST_UPDATED_DATETIME,ORGANISATIONS,RECORDED_COHORT_FLAG) values (160285,2500295343,2500343964,1500001001,'N02-2017-F1',to_date('01-JUN-17','DD-MON-RR'),to_date('01-JUN-17','DD-MON-RR'),null,null,0,null,null,null,null, null,0,2,2500040507,to_date('04-09-19','DD-MM-RR'),2500040507,to_date('04-09-19','DD-MM-RR'),('1500001001'),'S');
Insert into COHORT_HISTORY (COHORT_HISTORY_ID,EVENT_ID,OFFENDER_ID,COHORT_PROVIDER_ID,COHORT_CODE,SENTENCE_RELEASE_DATE,START_DATE,END_DATE,ALLOCATION_REASON_ID,ACTIVE_FLAG,AUTHORISATION_PROVIDER_ID,AUTHORISATION_TEAM_ID,AUTHORISATION_STAFF_ID,COHORT_CHANGE_REASON_ID,NOTES,SOFT_DELETED,ROW_VERSION,CREATED_BY_USER_ID,CREATED_DATETIME,LAST_UPDATED_USER_ID,LAST_UPDATED_DATETIME,ORGANISATIONS,RECORDED_COHORT_FLAG) values (9459,2500295343,2500343964,1500001001,'N02-2017-F1',to_date('01-JUN-17','DD-MON-RR'),to_date('01-JUN-17','DD-MON-RR'),null,null,1,null,null,null,null, null,0,1,2500040507,to_date('04-09-19','DD-MM-RR'),2500040507,to_date('04-09-19','DD-MM-RR'),('1500001001'),'S');

Insert into CONTACT (CONTACT_ID,LINKED_CONTACT_ID,CONTACT_DATE,OFFENDER_ID,CONTACT_START_TIME,CONTACT_END_TIME,RQMNT_ID,LIC_CONDITION_ID,PROVIDER_LOCATION_ID,PROVIDER_EMPLOYEE_ID,HOURS_CREDITED,NOTES,VISOR_CONTACT,STAFF_ID,TEAM_ID,SOFT_DELETED,VISOR_EXPORTED,PARTITION_AREA_ID,OFFICE_LOCATION_ID,ROW_VERSION,ALERT_ACTIVE,ATTENDED,CREATED_DATETIME,COMPLIED,SENSITIVE,LAST_UPDATED_DATETIME,EVENT_ID,CONTACT_TYPE_ID,PROVIDER_TEAM_ID,CONTACT_OUTCOME_TYPE_ID,CREATED_BY_USER_ID,EXPLANATION_ID,LAST_UPDATED_USER_ID,TRAINING_SESSION_ID,TRUST_PROVIDER_FLAG,STAFF_EMPLOYEE_ID,PROBATION_AREA_ID,TRUST_PROVIDER_TEAM_ID,ENFORCEMENT,DOCUMENT_LINKED,UPLOAD_LINKED,LATEST_ENFORCEMENT_ACTION_ID,NSI_ID,TABLE_NAME,PRIMARY_KEY_ID,PSS_RQMNT_ID,RAR_ACTIVITY,NOMIS_CASE_NOTE_ID,LINKED_DOCUMENT_CONTACT_ID) values (2502709905,null,to_date('01-DEC-17','DD-MON-RR'),2500343964,null,null,null,null,null,null,null,'Termination Reason: Completed - early good progress
-------------------------------','N',1500543278,1500119949,0,'N',0,null,1,null,null,to_date('04-09-19','DD-MM-RR'),null,null,to_date('04-09-19','DD-MM-RR'),2500295343,418,null,null,2500040507,null,2500040507,null,0,1500543278,1500001001,1500119949,null,null,null,null,null,null,null,null,null,null,null);
Insert into CONTACT (CONTACT_ID,LINKED_CONTACT_ID,CONTACT_DATE,OFFENDER_ID,CONTACT_START_TIME,CONTACT_END_TIME,RQMNT_ID,LIC_CONDITION_ID,PROVIDER_LOCATION_ID,PROVIDER_EMPLOYEE_ID,HOURS_CREDITED,NOTES,VISOR_CONTACT,STAFF_ID,TEAM_ID,SOFT_DELETED,VISOR_EXPORTED,PARTITION_AREA_ID,OFFICE_LOCATION_ID,ROW_VERSION,ALERT_ACTIVE,ATTENDED,CREATED_DATETIME,COMPLIED,SENSITIVE,LAST_UPDATED_DATETIME,EVENT_ID,CONTACT_TYPE_ID,PROVIDER_TEAM_ID,CONTACT_OUTCOME_TYPE_ID,CREATED_BY_USER_ID,EXPLANATION_ID,LAST_UPDATED_USER_ID,TRAINING_SESSION_ID,TRUST_PROVIDER_FLAG,STAFF_EMPLOYEE_ID,PROBATION_AREA_ID,TRUST_PROVIDER_TEAM_ID,ENFORCEMENT,DOCUMENT_LINKED,UPLOAD_LINKED,LATEST_ENFORCEMENT_ACTION_ID,NSI_ID,TABLE_NAME,PRIMARY_KEY_ID,PSS_RQMNT_ID,RAR_ACTIVITY,NOMIS_CASE_NOTE_ID,LINKED_DOCUMENT_CONTACT_ID) values (2502709919,null,to_date('04-09-18','DD-MM-RR'),2500343964,null,null,null,null,null,null,null,'Main Offence: Murder (incl abroad) of infants under 1 year of age - 00102 (x1) on 04/08/2018
Court: Sheffield Crown Court
Appearance Type: Trial/Adjournment
Outcome: Adjourned - Pre-Sentence Report
Next Appearance: Sheffield Magistrates Court
Next Appearance Date: 04/09/2019
-------------------------------','N',1500543278,1500119949,0,'N',0,null,1,null,null,to_date('04-09-19','DD-MM-RR'),null,null,to_date('04-09-19','DD-MM-RR'),2500295345,306,null,null,2500040507,null,2500040507,null,0,1500543278,1500001001,1500119949,null,null,null,null,null,null,null,null,null,null,null);
Insert into CONTACT (CONTACT_ID,LINKED_CONTACT_ID,CONTACT_DATE,OFFENDER_ID,CONTACT_START_TIME,CONTACT_END_TIME,RQMNT_ID,LIC_CONDITION_ID,PROVIDER_LOCATION_ID,PROVIDER_EMPLOYEE_ID,HOURS_CREDITED,NOTES,VISOR_CONTACT,STAFF_ID,TEAM_ID,SOFT_DELETED,VISOR_EXPORTED,PARTITION_AREA_ID,OFFICE_LOCATION_ID,ROW_VERSION,ALERT_ACTIVE,ATTENDED,CREATED_DATETIME,COMPLIED,SENSITIVE,LAST_UPDATED_DATETIME,EVENT_ID,CONTACT_TYPE_ID,PROVIDER_TEAM_ID,CONTACT_OUTCOME_TYPE_ID,CREATED_BY_USER_ID,EXPLANATION_ID,LAST_UPDATED_USER_ID,TRAINING_SESSION_ID,TRUST_PROVIDER_FLAG,STAFF_EMPLOYEE_ID,PROBATION_AREA_ID,TRUST_PROVIDER_TEAM_ID,ENFORCEMENT,DOCUMENT_LINKED,UPLOAD_LINKED,LATEST_ENFORCEMENT_ACTION_ID,NSI_ID,TABLE_NAME,PRIMARY_KEY_ID,PSS_RQMNT_ID,RAR_ACTIVITY,NOMIS_CASE_NOTE_ID,LINKED_DOCUMENT_CONTACT_ID) values (2502709920,null,to_date('04-09-19','DD-MM-RR'),2500343964,null,null,null,null,null,null,null,'Main Offence: Murder (incl abroad) of infants under 1 year of age - 00102 (x1) on 04/08/2018
Court: Sheffield Magistrates Court
Appearance Type: Trial/Adjournment
-------------------------------Main Offence: Murder (incl abroad) of infants under 1 year of age - 00102 (x1) on 04/08/2018
Court: Sheffield Magistrates Court
Appearance Type: Sentence
Outcome: CJA - Indeterminate Public Prot.
-------------------------------Main Offence: Murder (incl abroad) of infants under 1 year of age - 00102 (x1) on 04/08/2018
Court: Sheffield Magistrates Court
Appearance Type: Sentence
Outcome: CJA - Indeterminate Public Prot.
-------------------------------','N',2500001501,2500002001,0,'N',0,null,6,null,null,to_date('04-09-19','DD-MM-RR'),null,null,to_date('27-09-19','DD-MM-RR'),2500295345,306,null,null,2500040507,null,2500040507,null,0,2500001501,1500001001,2500002001,null,null,null,null,null,null,null,null,null,null,null);
Insert into CONTACT (CONTACT_ID,LINKED_CONTACT_ID,CONTACT_DATE,OFFENDER_ID,CONTACT_START_TIME,CONTACT_END_TIME,RQMNT_ID,LIC_CONDITION_ID,PROVIDER_LOCATION_ID,PROVIDER_EMPLOYEE_ID,HOURS_CREDITED,NOTES,VISOR_CONTACT,STAFF_ID,TEAM_ID,SOFT_DELETED,VISOR_EXPORTED,PARTITION_AREA_ID,OFFICE_LOCATION_ID,ROW_VERSION,ALERT_ACTIVE,ATTENDED,CREATED_DATETIME,COMPLIED,SENSITIVE,LAST_UPDATED_DATETIME,EVENT_ID,CONTACT_TYPE_ID,PROVIDER_TEAM_ID,CONTACT_OUTCOME_TYPE_ID,CREATED_BY_USER_ID,EXPLANATION_ID,LAST_UPDATED_USER_ID,TRAINING_SESSION_ID,TRUST_PROVIDER_FLAG,STAFF_EMPLOYEE_ID,PROBATION_AREA_ID,TRUST_PROVIDER_TEAM_ID,ENFORCEMENT,DOCUMENT_LINKED,UPLOAD_LINKED,LATEST_ENFORCEMENT_ACTION_ID,NSI_ID,TABLE_NAME,PRIMARY_KEY_ID,PSS_RQMNT_ID,RAR_ACTIVITY,NOMIS_CASE_NOTE_ID,LINKED_DOCUMENT_CONTACT_ID) values (2502709924,null,to_date('04-09-19','DD-MM-RR'),2500343964,null,null,null,null,null,null,null,'Transfer Reason: Internal Transfer
Transfer Date: 04/09/2019
From Trust: NPS North East
From Team: Unallocated Team(N02)
From Officer: Unallocated
Allocation Reason: Initial Allocation On Sentence
-------------------------------','N',2500001501,2500002001,0,'N',0,null,1,null,null,to_date('04-09-19','DD-MM-RR'),null,null,to_date('04-09-19','DD-MM-RR'),2500295345,432,null,null,2500040507,null,2500040507,null,0,2500001501,1500001001,2500002001,null,null,null,null,null,null,null,null,null,null,null);
Insert into CONTACT (CONTACT_ID,LINKED_CONTACT_ID,CONTACT_DATE,OFFENDER_ID,CONTACT_START_TIME,CONTACT_END_TIME,RQMNT_ID,LIC_CONDITION_ID,PROVIDER_LOCATION_ID,PROVIDER_EMPLOYEE_ID,HOURS_CREDITED,NOTES,VISOR_CONTACT,STAFF_ID,TEAM_ID,SOFT_DELETED,VISOR_EXPORTED,PARTITION_AREA_ID,OFFICE_LOCATION_ID,ROW_VERSION,ALERT_ACTIVE,ATTENDED,CREATED_DATETIME,COMPLIED,SENSITIVE,LAST_UPDATED_DATETIME,EVENT_ID,CONTACT_TYPE_ID,PROVIDER_TEAM_ID,CONTACT_OUTCOME_TYPE_ID,CREATED_BY_USER_ID,EXPLANATION_ID,LAST_UPDATED_USER_ID,TRAINING_SESSION_ID,TRUST_PROVIDER_FLAG,STAFF_EMPLOYEE_ID,PROBATION_AREA_ID,TRUST_PROVIDER_TEAM_ID,ENFORCEMENT,DOCUMENT_LINKED,UPLOAD_LINKED,LATEST_ENFORCEMENT_ACTION_ID,NSI_ID,TABLE_NAME,PRIMARY_KEY_ID,PSS_RQMNT_ID,RAR_ACTIVITY,NOMIS_CASE_NOTE_ID,LINKED_DOCUMENT_CONTACT_ID) values (2502709925,null,to_date('04-09-19','DD-MM-RR'),2500343964,null,null,null,null,null,null,null,'Order: CJA - Indeterminate Public Prot.
Length: 5 Years
Second Length: 5
-------------------------------','N',2500001501,2500002001,0,'N',0,null,1,null,null,to_date('04-09-19','DD-MM-RR'),null,null,to_date('04-09-19','DD-MM-RR'),2500295345,417,null,null,2500040507,null,2500040507,null,0,2500001501,1500001001,2500002001,null,null,null,null,null,null,null,null,null,null,null);
Insert into CONTACT (CONTACT_ID,LINKED_CONTACT_ID,CONTACT_DATE,OFFENDER_ID,CONTACT_START_TIME,CONTACT_END_TIME,RQMNT_ID,LIC_CONDITION_ID,PROVIDER_LOCATION_ID,PROVIDER_EMPLOYEE_ID,HOURS_CREDITED,NOTES,VISOR_CONTACT,STAFF_ID,TEAM_ID,SOFT_DELETED,VISOR_EXPORTED,PARTITION_AREA_ID,OFFICE_LOCATION_ID,ROW_VERSION,ALERT_ACTIVE,ATTENDED,CREATED_DATETIME,COMPLIED,SENSITIVE,LAST_UPDATED_DATETIME,EVENT_ID,CONTACT_TYPE_ID,PROVIDER_TEAM_ID,CONTACT_OUTCOME_TYPE_ID,CREATED_BY_USER_ID,EXPLANATION_ID,LAST_UPDATED_USER_ID,TRAINING_SESSION_ID,TRUST_PROVIDER_FLAG,STAFF_EMPLOYEE_ID,PROBATION_AREA_ID,TRUST_PROVIDER_TEAM_ID,ENFORCEMENT,DOCUMENT_LINKED,UPLOAD_LINKED,LATEST_ENFORCEMENT_ACTION_ID,NSI_ID,TABLE_NAME,PRIMARY_KEY_ID,PSS_RQMNT_ID,RAR_ACTIVITY,NOMIS_CASE_NOTE_ID,LINKED_DOCUMENT_CONTACT_ID) values (2502709926,null,to_date('04-09-19','DD-MM-RR'),2500343964,null,null,null,null,null,null,null,'Transfer Reason: Automatic Transfer
Transfer Date: 04/09/2019','N',2500012528,2500009462,0,'N',0,null,1,null,null,to_date('04-09-19','DD-MM-RR'),null,null,to_date('04-09-19','DD-MM-RR'),null,2500023543,null,null,2500040507,null,2500040507,null,0,2500012528,2500002249,2500009462,null,null,null,null,null,null,null,null,null,null,null);
Insert into CONTACT (CONTACT_ID,LINKED_CONTACT_ID,CONTACT_DATE,OFFENDER_ID,CONTACT_START_TIME,CONTACT_END_TIME,RQMNT_ID,LIC_CONDITION_ID,PROVIDER_LOCATION_ID,PROVIDER_EMPLOYEE_ID,HOURS_CREDITED,NOTES,VISOR_CONTACT,STAFF_ID,TEAM_ID,SOFT_DELETED,VISOR_EXPORTED,PARTITION_AREA_ID,OFFICE_LOCATION_ID,ROW_VERSION,ALERT_ACTIVE,ATTENDED,CREATED_DATETIME,COMPLIED,SENSITIVE,LAST_UPDATED_DATETIME,EVENT_ID,CONTACT_TYPE_ID,PROVIDER_TEAM_ID,CONTACT_OUTCOME_TYPE_ID,CREATED_BY_USER_ID,EXPLANATION_ID,LAST_UPDATED_USER_ID,TRAINING_SESSION_ID,TRUST_PROVIDER_FLAG,STAFF_EMPLOYEE_ID,PROBATION_AREA_ID,TRUST_PROVIDER_TEAM_ID,ENFORCEMENT,DOCUMENT_LINKED,UPLOAD_LINKED,LATEST_ENFORCEMENT_ACTION_ID,NSI_ID,TABLE_NAME,PRIMARY_KEY_ID,PSS_RQMNT_ID,RAR_ACTIVITY,NOMIS_CASE_NOTE_ID,LINKED_DOCUMENT_CONTACT_ID) values (2502709927,null,to_date('04-09-19','DD-MM-RR'),2500343964,null,null,null,null,null,null,null,'New Details:
Responsible Officer Type: Prison Offender Manager
Responsible Officer: Unallocated (All Staff, Unallocated)
Start Date: 04/09/2019 12:17:34
Allocation Reason: Automatic Transfer

Previous Details:
Responsible Officer Type: Offender Manager
Responsible Officer: Unallocated (Unallocated Team(N02), NPS North East)
Start Date: 04/09/2019 11:43:25
End Date: 04/09/2019 12:17:34
Allocation Reason: Initial Allocation','N',2500012528,2500009462,0,'N',0,null,1,null,null,to_date('04-09-19','DD-MM-RR'),null,null,to_date('04-09-19','DD-MM-RR'),null,2500024541,null,null,2500040507,null,2500040507,null,0,2500012528,2500002249,2500009462,null,null,null,null,null,null,null,null,null,null,null);
Insert into CONTACT (CONTACT_ID,LINKED_CONTACT_ID,CONTACT_DATE,OFFENDER_ID,CONTACT_START_TIME,CONTACT_END_TIME,RQMNT_ID,LIC_CONDITION_ID,PROVIDER_LOCATION_ID,PROVIDER_EMPLOYEE_ID,HOURS_CREDITED,NOTES,VISOR_CONTACT,STAFF_ID,TEAM_ID,SOFT_DELETED,VISOR_EXPORTED,PARTITION_AREA_ID,OFFICE_LOCATION_ID,ROW_VERSION,ALERT_ACTIVE,ATTENDED,CREATED_DATETIME,COMPLIED,SENSITIVE,LAST_UPDATED_DATETIME,EVENT_ID,CONTACT_TYPE_ID,PROVIDER_TEAM_ID,CONTACT_OUTCOME_TYPE_ID,CREATED_BY_USER_ID,EXPLANATION_ID,LAST_UPDATED_USER_ID,TRAINING_SESSION_ID,TRUST_PROVIDER_FLAG,STAFF_EMPLOYEE_ID,PROBATION_AREA_ID,TRUST_PROVIDER_TEAM_ID,ENFORCEMENT,DOCUMENT_LINKED,UPLOAD_LINKED,LATEST_ENFORCEMENT_ACTION_ID,NSI_ID,TABLE_NAME,PRIMARY_KEY_ID,PSS_RQMNT_ID,RAR_ACTIVITY,NOMIS_CASE_NOTE_ID,LINKED_DOCUMENT_CONTACT_ID) values (2502709928,null,to_date('04-09-19','DD-MM-RR'),2500343964,to_date('01-JAN-70','DD-MON-RR'),null,null,null,null,null,null,'Tier Change Date: 04/09/2019 12:17
Tier: D2
Tier Change Reason: Assessment at sentence','N',1500543278,1500119949,0,'N',0,null,1,null,null,to_date('04-09-19','DD-MM-RR'),null,null,to_date('04-09-19','DD-MM-RR'),null,2500031042,null,null,2500040507,null,2500040507,null,0,1500543278,1500001001,1500119949,null,null,null,null,null,null,null,null,null,null,null);
Insert into CONTACT (CONTACT_ID,LINKED_CONTACT_ID,CONTACT_DATE,OFFENDER_ID,CONTACT_START_TIME,CONTACT_END_TIME,RQMNT_ID,LIC_CONDITION_ID,PROVIDER_LOCATION_ID,PROVIDER_EMPLOYEE_ID,HOURS_CREDITED,NOTES,VISOR_CONTACT,STAFF_ID,TEAM_ID,SOFT_DELETED,VISOR_EXPORTED,PARTITION_AREA_ID,OFFICE_LOCATION_ID,ROW_VERSION,ALERT_ACTIVE,ATTENDED,CREATED_DATETIME,COMPLIED,SENSITIVE,LAST_UPDATED_DATETIME,EVENT_ID,CONTACT_TYPE_ID,PROVIDER_TEAM_ID,CONTACT_OUTCOME_TYPE_ID,CREATED_BY_USER_ID,EXPLANATION_ID,LAST_UPDATED_USER_ID,TRAINING_SESSION_ID,TRUST_PROVIDER_FLAG,STAFF_EMPLOYEE_ID,PROBATION_AREA_ID,TRUST_PROVIDER_TEAM_ID,ENFORCEMENT,DOCUMENT_LINKED,UPLOAD_LINKED,LATEST_ENFORCEMENT_ACTION_ID,NSI_ID,TABLE_NAME,PRIMARY_KEY_ID,PSS_RQMNT_ID,RAR_ACTIVITY,NOMIS_CASE_NOTE_ID,LINKED_DOCUMENT_CONTACT_ID) values (2502709921,null,to_date('04-09-18','DD-MM-RR'),2500343964,null,null,null,null,null,null,null,'Report Edited: 04/09/2019 12:13:57
Court: Sheffield Crown Court
Date Requested: 04/09/2018
Date Required: 04/09/2019
Report Requested: Pre-Sentence Report - Fast
Team: Unallocated Team(N02)
Staff: Unallocated
-------------------------------','N',1500543278,1500119949,0,'N',0,null,1,null,null,to_date('04-09-19','DD-MM-RR'),null,null,to_date('04-09-19','DD-MM-RR'),2500295345,307,null,null,2500040507,null,2500040507,null,0,1500543278,1500001001,1500119949,null,null,null,null,null,'COURT_REPORT',2500079873,null,null,null,null);
Insert into CONTACT (CONTACT_ID,LINKED_CONTACT_ID,CONTACT_DATE,OFFENDER_ID,CONTACT_START_TIME,CONTACT_END_TIME,RQMNT_ID,LIC_CONDITION_ID,PROVIDER_LOCATION_ID,PROVIDER_EMPLOYEE_ID,HOURS_CREDITED,NOTES,VISOR_CONTACT,STAFF_ID,TEAM_ID,SOFT_DELETED,VISOR_EXPORTED,PARTITION_AREA_ID,OFFICE_LOCATION_ID,ROW_VERSION,ALERT_ACTIVE,ATTENDED,CREATED_DATETIME,COMPLIED,SENSITIVE,LAST_UPDATED_DATETIME,EVENT_ID,CONTACT_TYPE_ID,PROVIDER_TEAM_ID,CONTACT_OUTCOME_TYPE_ID,CREATED_BY_USER_ID,EXPLANATION_ID,LAST_UPDATED_USER_ID,TRAINING_SESSION_ID,TRUST_PROVIDER_FLAG,STAFF_EMPLOYEE_ID,PROBATION_AREA_ID,TRUST_PROVIDER_TEAM_ID,ENFORCEMENT,DOCUMENT_LINKED,UPLOAD_LINKED,LATEST_ENFORCEMENT_ACTION_ID,NSI_ID,TABLE_NAME,PRIMARY_KEY_ID,PSS_RQMNT_ID,RAR_ACTIVITY,NOMIS_CASE_NOTE_ID,LINKED_DOCUMENT_CONTACT_ID) values (2502709948,null,to_date('05-09-19','DD-MM-RR'),2500343964,null,null,null,null,null,null,null,'Report Edited: 04/09/2019 12:21:01
Institution: Berwyn (HMP)
Date Required: 05/09/2019
Report: Parole Assessment Report
Team: OMU A
Staff: McCage, Armand
-------------------------------','N',2500001543,2500002001,0,'N',0,null,1,null,null,to_date('04-09-19','DD-MM-RR'),null,null,to_date('04-09-19','DD-MM-RR'),2500295345,308,null,null,2500040507,null,2500040507,null,0,2500001543,1500001001,2500002001,null,null,null,null,null,'INSTITUTIONAL_REPORT',2500078391,null,null,null,null);
Insert into CONTACT (CONTACT_ID,LINKED_CONTACT_ID,CONTACT_DATE,OFFENDER_ID,CONTACT_START_TIME,CONTACT_END_TIME,RQMNT_ID,LIC_CONDITION_ID,PROVIDER_LOCATION_ID,PROVIDER_EMPLOYEE_ID,HOURS_CREDITED,NOTES,VISOR_CONTACT,STAFF_ID,TEAM_ID,SOFT_DELETED,VISOR_EXPORTED,PARTITION_AREA_ID,OFFICE_LOCATION_ID,ROW_VERSION,ALERT_ACTIVE,ATTENDED,CREATED_DATETIME,COMPLIED,SENSITIVE,LAST_UPDATED_DATETIME,EVENT_ID,CONTACT_TYPE_ID,PROVIDER_TEAM_ID,CONTACT_OUTCOME_TYPE_ID,CREATED_BY_USER_ID,EXPLANATION_ID,LAST_UPDATED_USER_ID,TRAINING_SESSION_ID,TRUST_PROVIDER_FLAG,STAFF_EMPLOYEE_ID,PROBATION_AREA_ID,TRUST_PROVIDER_TEAM_ID,ENFORCEMENT,DOCUMENT_LINKED,UPLOAD_LINKED,LATEST_ENFORCEMENT_ACTION_ID,NSI_ID,TABLE_NAME,PRIMARY_KEY_ID,PSS_RQMNT_ID,RAR_ACTIVITY,NOMIS_CASE_NOTE_ID,LINKED_DOCUMENT_CONTACT_ID) values (2502709973,null,to_date('04-09-19','DD-MM-RR'),2500343964,null,null,null,null,null,null,null,'Custodial Status: Sentenced - In Custody
Custodial Establishment: Berwyn (HMP)
Location Change Date: Wed Sep 04 00:00:00 BST 2019
-------------------------------','N',2500001501,2500002001,0,'N',0,null,1,null,null,to_date('04-09-19','DD-MM-RR'),null,null,to_date('04-09-19','DD-MM-RR'),2500295345,421,null,null,2500040507,null,2500040507,null,0,2500001501,1500001001,2500002001,null,null,null,null,null,null,null,null,null,null,null);
Insert into CONTACT (CONTACT_ID,LINKED_CONTACT_ID,CONTACT_DATE,OFFENDER_ID,CONTACT_START_TIME,CONTACT_END_TIME,RQMNT_ID,LIC_CONDITION_ID,PROVIDER_LOCATION_ID,PROVIDER_EMPLOYEE_ID,HOURS_CREDITED,NOTES,VISOR_CONTACT,STAFF_ID,TEAM_ID,SOFT_DELETED,VISOR_EXPORTED,PARTITION_AREA_ID,OFFICE_LOCATION_ID,ROW_VERSION,ALERT_ACTIVE,ATTENDED,CREATED_DATETIME,COMPLIED,SENSITIVE,LAST_UPDATED_DATETIME,EVENT_ID,CONTACT_TYPE_ID,PROVIDER_TEAM_ID,CONTACT_OUTCOME_TYPE_ID,CREATED_BY_USER_ID,EXPLANATION_ID,LAST_UPDATED_USER_ID,TRAINING_SESSION_ID,TRUST_PROVIDER_FLAG,STAFF_EMPLOYEE_ID,PROBATION_AREA_ID,TRUST_PROVIDER_TEAM_ID,ENFORCEMENT,DOCUMENT_LINKED,UPLOAD_LINKED,LATEST_ENFORCEMENT_ACTION_ID,NSI_ID,TABLE_NAME,PRIMARY_KEY_ID,PSS_RQMNT_ID,RAR_ACTIVITY,NOMIS_CASE_NOTE_ID,LINKED_DOCUMENT_CONTACT_ID) values (2502709974,null,to_date('04-09-19','DD-MM-RR'),2500343964,null,null,null,null,null,null,null,'New Details:
Responsible Officer Type: Prison Offender Manager
Responsible Officer: Unallocated (All Staff, Berwyn (HMP))
Start Date: 04/09/2019 13:21:27
Allocation Reason: External Transfer

Previous Details:
Responsible Officer Type: Prison Offender Manager
Responsible Officer: Unallocated (All Staff, Unallocated)
Start Date: 04/09/2019 12:17:34
End Date: 04/09/2019 13:21:27
Allocation Reason: Automatic Transfer','N',2500020588,2500015813,0,'N',0,null,1,null,null,to_date('04-09-19','DD-MM-RR'),null,null,to_date('04-09-19','DD-MM-RR'),null,2500024541,null,null,2500040507,null,2500040507,null,0,2500020588,2500007020,2500015813,null,null,null,null,null,null,null,null,null,null,null);
Insert into CONTACT (CONTACT_ID,LINKED_CONTACT_ID,CONTACT_DATE,OFFENDER_ID,CONTACT_START_TIME,CONTACT_END_TIME,RQMNT_ID,LIC_CONDITION_ID,PROVIDER_LOCATION_ID,PROVIDER_EMPLOYEE_ID,HOURS_CREDITED,NOTES,VISOR_CONTACT,STAFF_ID,TEAM_ID,SOFT_DELETED,VISOR_EXPORTED,PARTITION_AREA_ID,OFFICE_LOCATION_ID,ROW_VERSION,ALERT_ACTIVE,ATTENDED,CREATED_DATETIME,COMPLIED,SENSITIVE,LAST_UPDATED_DATETIME,EVENT_ID,CONTACT_TYPE_ID,PROVIDER_TEAM_ID,CONTACT_OUTCOME_TYPE_ID,CREATED_BY_USER_ID,EXPLANATION_ID,LAST_UPDATED_USER_ID,TRAINING_SESSION_ID,TRUST_PROVIDER_FLAG,STAFF_EMPLOYEE_ID,PROBATION_AREA_ID,TRUST_PROVIDER_TEAM_ID,ENFORCEMENT,DOCUMENT_LINKED,UPLOAD_LINKED,LATEST_ENFORCEMENT_ACTION_ID,NSI_ID,TABLE_NAME,PRIMARY_KEY_ID,PSS_RQMNT_ID,RAR_ACTIVITY,NOMIS_CASE_NOTE_ID,LINKED_DOCUMENT_CONTACT_ID) values (2502709975,null,to_date('04-09-19','DD-MM-RR'),2500343964,null,null,null,null,null,null,null,'Transfer Reason: External Transfer
Transfer Date: 04/09/2019
From Establishment Provider: Unallocated
From Team: All Staff
From Officer: Unallocated','N',2500020588,2500015813,0,'N',0,null,1,null,null,to_date('04-09-19','DD-MM-RR'),null,null,to_date('04-09-19','DD-MM-RR'),null,2500023541,null,null,2500040507,null,2500040507,null,0,2500020588,2500007020,2500015813,null,null,null,null,null,null,null,null,null,null,null);
Insert into CONTACT (CONTACT_ID,LINKED_CONTACT_ID,CONTACT_DATE,OFFENDER_ID,CONTACT_START_TIME,CONTACT_END_TIME,RQMNT_ID,LIC_CONDITION_ID,PROVIDER_LOCATION_ID,PROVIDER_EMPLOYEE_ID,HOURS_CREDITED,NOTES,VISOR_CONTACT,STAFF_ID,TEAM_ID,SOFT_DELETED,VISOR_EXPORTED,PARTITION_AREA_ID,OFFICE_LOCATION_ID,ROW_VERSION,ALERT_ACTIVE,ATTENDED,CREATED_DATETIME,COMPLIED,SENSITIVE,LAST_UPDATED_DATETIME,EVENT_ID,CONTACT_TYPE_ID,PROVIDER_TEAM_ID,CONTACT_OUTCOME_TYPE_ID,CREATED_BY_USER_ID,EXPLANATION_ID,LAST_UPDATED_USER_ID,TRAINING_SESSION_ID,TRUST_PROVIDER_FLAG,STAFF_EMPLOYEE_ID,PROBATION_AREA_ID,TRUST_PROVIDER_TEAM_ID,ENFORCEMENT,DOCUMENT_LINKED,UPLOAD_LINKED,LATEST_ENFORCEMENT_ACTION_ID,NSI_ID,TABLE_NAME,PRIMARY_KEY_ID,PSS_RQMNT_ID,RAR_ACTIVITY,NOMIS_CASE_NOTE_ID,LINKED_DOCUMENT_CONTACT_ID) values (2502709891,null,to_date('04-09-19','DD-MM-RR'),2500343964,to_date('01-JAN-70','DD-MON-RR'),null,null,null,null,null,null,'Tier Change Date: 04/09/2019 11:41
Tier: D2
Tier Change Reason: Not Previously Assessed','N',1500543278,1500119949,0,'N',0,null,1,null,null,to_date('04-09-19','DD-MM-RR'),null,null,to_date('04-09-19','DD-MM-RR'),null,2500031054,null,null,2500040507,null,2500040507,null,0,1500543278,1500001001,1500119949,null,null,null,null,null,null,null,null,null,null,null);
Insert into CONTACT (CONTACT_ID,LINKED_CONTACT_ID,CONTACT_DATE,OFFENDER_ID,CONTACT_START_TIME,CONTACT_END_TIME,RQMNT_ID,LIC_CONDITION_ID,PROVIDER_LOCATION_ID,PROVIDER_EMPLOYEE_ID,HOURS_CREDITED,NOTES,VISOR_CONTACT,STAFF_ID,TEAM_ID,SOFT_DELETED,VISOR_EXPORTED,PARTITION_AREA_ID,OFFICE_LOCATION_ID,ROW_VERSION,ALERT_ACTIVE,ATTENDED,CREATED_DATETIME,COMPLIED,SENSITIVE,LAST_UPDATED_DATETIME,EVENT_ID,CONTACT_TYPE_ID,PROVIDER_TEAM_ID,CONTACT_OUTCOME_TYPE_ID,CREATED_BY_USER_ID,EXPLANATION_ID,LAST_UPDATED_USER_ID,TRAINING_SESSION_ID,TRUST_PROVIDER_FLAG,STAFF_EMPLOYEE_ID,PROBATION_AREA_ID,TRUST_PROVIDER_TEAM_ID,ENFORCEMENT,DOCUMENT_LINKED,UPLOAD_LINKED,LATEST_ENFORCEMENT_ACTION_ID,NSI_ID,TABLE_NAME,PRIMARY_KEY_ID,PSS_RQMNT_ID,RAR_ACTIVITY,NOMIS_CASE_NOTE_ID,LINKED_DOCUMENT_CONTACT_ID) values (2502709892,null,to_date('01-JUN-17','DD-MON-RR'),2500343964,null,null,null,null,null,null,null,'Order: CJA - Community Order
Length: 12 Months
-------------------------------','N',1500543278,1500119949,0,'N',0,null,1,null,null,to_date('04-09-19','DD-MM-RR'),null,null,to_date('04-09-19','DD-MM-RR'),2500295343,417,null,null,2500040507,null,2500040507,null,0,1500543278,1500001001,1500119949,null,null,null,null,null,null,null,null,null,null,null);
Insert into CONTACT (CONTACT_ID,LINKED_CONTACT_ID,CONTACT_DATE,OFFENDER_ID,CONTACT_START_TIME,CONTACT_END_TIME,RQMNT_ID,LIC_CONDITION_ID,PROVIDER_LOCATION_ID,PROVIDER_EMPLOYEE_ID,HOURS_CREDITED,NOTES,VISOR_CONTACT,STAFF_ID,TEAM_ID,SOFT_DELETED,VISOR_EXPORTED,PARTITION_AREA_ID,OFFICE_LOCATION_ID,ROW_VERSION,ALERT_ACTIVE,ATTENDED,CREATED_DATETIME,COMPLIED,SENSITIVE,LAST_UPDATED_DATETIME,EVENT_ID,CONTACT_TYPE_ID,PROVIDER_TEAM_ID,CONTACT_OUTCOME_TYPE_ID,CREATED_BY_USER_ID,EXPLANATION_ID,LAST_UPDATED_USER_ID,TRAINING_SESSION_ID,TRUST_PROVIDER_FLAG,STAFF_EMPLOYEE_ID,PROBATION_AREA_ID,TRUST_PROVIDER_TEAM_ID,ENFORCEMENT,DOCUMENT_LINKED,UPLOAD_LINKED,LATEST_ENFORCEMENT_ACTION_ID,NSI_ID,TABLE_NAME,PRIMARY_KEY_ID,PSS_RQMNT_ID,RAR_ACTIVITY,NOMIS_CASE_NOTE_ID,LINKED_DOCUMENT_CONTACT_ID) values (2502709893,null,to_date('04-09-19','DD-MM-RR'),2500343964,null,null,null,null,null,null,null,'New Details:
Responsible Officer Type: Offender Manager
Responsible Officer: Unallocated (Unallocated Team(N02), NPS North East)
Start Date: 04/09/2019 11:43:25
Allocation Reason: Initial Allocation','N',1500543278,1500119949,0,'N',0,null,1,null,null,to_date('04-09-19','DD-MM-RR'),null,null,to_date('04-09-19','DD-MM-RR'),null,2500024541,null,null,2500040507,null,2500040507,null,0,1500543278,1500001001,1500119949,null,null,null,null,null,null,null,null,null,null,null);
Insert into CONTACT (CONTACT_ID,LINKED_CONTACT_ID,CONTACT_DATE,OFFENDER_ID,CONTACT_START_TIME,CONTACT_END_TIME,RQMNT_ID,LIC_CONDITION_ID,PROVIDER_LOCATION_ID,PROVIDER_EMPLOYEE_ID,HOURS_CREDITED,NOTES,VISOR_CONTACT,STAFF_ID,TEAM_ID,SOFT_DELETED,VISOR_EXPORTED,PARTITION_AREA_ID,OFFICE_LOCATION_ID,ROW_VERSION,ALERT_ACTIVE,ATTENDED,CREATED_DATETIME,COMPLIED,SENSITIVE,LAST_UPDATED_DATETIME,EVENT_ID,CONTACT_TYPE_ID,PROVIDER_TEAM_ID,CONTACT_OUTCOME_TYPE_ID,CREATED_BY_USER_ID,EXPLANATION_ID,LAST_UPDATED_USER_ID,TRAINING_SESSION_ID,TRUST_PROVIDER_FLAG,STAFF_EMPLOYEE_ID,PROBATION_AREA_ID,TRUST_PROVIDER_TEAM_ID,ENFORCEMENT,DOCUMENT_LINKED,UPLOAD_LINKED,LATEST_ENFORCEMENT_ACTION_ID,NSI_ID,TABLE_NAME,PRIMARY_KEY_ID,PSS_RQMNT_ID,RAR_ACTIVITY,NOMIS_CASE_NOTE_ID,LINKED_DOCUMENT_CONTACT_ID) values (2502709894,null,to_date('04-09-19','DD-MM-RR'),2500343964,to_date('01-JAN-70','DD-MON-RR'),null,null,null,null,null,null,'Tier Change Date: 04/09/2019 11:43
Tier: D2
Tier Change Reason: Assessment at sentence','N',1500543278,1500119949,0,'N',0,null,1,null,null,to_date('04-09-19','DD-MM-RR'),null,null,to_date('04-09-19','DD-MM-RR'),null,2500031042,null,null,2500040507,null,2500040507,null,0,1500543278,1500001001,1500119949,null,null,null,null,null,null,null,null,null,null,null);
Insert into CONTACT (CONTACT_ID,LINKED_CONTACT_ID,CONTACT_DATE,OFFENDER_ID,CONTACT_START_TIME,CONTACT_END_TIME,RQMNT_ID,LIC_CONDITION_ID,PROVIDER_LOCATION_ID,PROVIDER_EMPLOYEE_ID,HOURS_CREDITED,NOTES,VISOR_CONTACT,STAFF_ID,TEAM_ID,SOFT_DELETED,VISOR_EXPORTED,PARTITION_AREA_ID,OFFICE_LOCATION_ID,ROW_VERSION,ALERT_ACTIVE,ATTENDED,CREATED_DATETIME,COMPLIED,SENSITIVE,LAST_UPDATED_DATETIME,EVENT_ID,CONTACT_TYPE_ID,PROVIDER_TEAM_ID,CONTACT_OUTCOME_TYPE_ID,CREATED_BY_USER_ID,EXPLANATION_ID,LAST_UPDATED_USER_ID,TRAINING_SESSION_ID,TRUST_PROVIDER_FLAG,STAFF_EMPLOYEE_ID,PROBATION_AREA_ID,TRUST_PROVIDER_TEAM_ID,ENFORCEMENT,DOCUMENT_LINKED,UPLOAD_LINKED,LATEST_ENFORCEMENT_ACTION_ID,NSI_ID,TABLE_NAME,PRIMARY_KEY_ID,PSS_RQMNT_ID,RAR_ACTIVITY,NOMIS_CASE_NOTE_ID,LINKED_DOCUMENT_CONTACT_ID) values (2502709895,null,to_date('01-JUN-17','DD-MON-RR'),2500343964,null,null,null,null,null,null,null,'Main Offence: Arson - 05600 (x1) on 01/05/2017
Court: Sheffield Magistrates Court
Appearance Type: Sentence
Outcome: CJA - Community Order
-------------------------------','N',1500543278,1500119949,0,'N',0,null,1,null,null,to_date('04-09-19','DD-MM-RR'),null,null,to_date('04-09-19','DD-MM-RR'),2500295343,306,null,null,2500040507,null,2500040507,null,0,1500543278,1500001001,1500119949,null,null,null,null,null,null,null,null,null,null,null);
Insert into CONTACT (CONTACT_ID,LINKED_CONTACT_ID,CONTACT_DATE,OFFENDER_ID,CONTACT_START_TIME,CONTACT_END_TIME,RQMNT_ID,LIC_CONDITION_ID,PROVIDER_LOCATION_ID,PROVIDER_EMPLOYEE_ID,HOURS_CREDITED,NOTES,VISOR_CONTACT,STAFF_ID,TEAM_ID,SOFT_DELETED,VISOR_EXPORTED,PARTITION_AREA_ID,OFFICE_LOCATION_ID,ROW_VERSION,ALERT_ACTIVE,ATTENDED,CREATED_DATETIME,COMPLIED,SENSITIVE,LAST_UPDATED_DATETIME,EVENT_ID,CONTACT_TYPE_ID,PROVIDER_TEAM_ID,CONTACT_OUTCOME_TYPE_ID,CREATED_BY_USER_ID,EXPLANATION_ID,LAST_UPDATED_USER_ID,TRAINING_SESSION_ID,TRUST_PROVIDER_FLAG,STAFF_EMPLOYEE_ID,PROBATION_AREA_ID,TRUST_PROVIDER_TEAM_ID,ENFORCEMENT,DOCUMENT_LINKED,UPLOAD_LINKED,LATEST_ENFORCEMENT_ACTION_ID,NSI_ID,TABLE_NAME,PRIMARY_KEY_ID,PSS_RQMNT_ID,RAR_ACTIVITY,NOMIS_CASE_NOTE_ID,LINKED_DOCUMENT_CONTACT_ID) values (2502709898,null,to_date('01-DEC-17','DD-MON-RR'),2500343964,null,null,2500083652,null,null,null,null,'Termination Reason: Hours Completed Outside 12 months (UPW only)
Termination Area: NPS North East
-------------------------------','N',1500543278,1500119949,0,'N',0,null,1,null,null,to_date('04-09-19','DD-MM-RR'),null,null,to_date('04-09-19','DD-MM-RR'),2500295343,418,null,null,2500040507,null,2500040507,null,0,1500543278,1500001001,1500119949,null,null,null,null,null,null,null,null,null,null,null);
Insert into CONTACT (CONTACT_ID,LINKED_CONTACT_ID,CONTACT_DATE,OFFENDER_ID,CONTACT_START_TIME,CONTACT_END_TIME,RQMNT_ID,LIC_CONDITION_ID,PROVIDER_LOCATION_ID,PROVIDER_EMPLOYEE_ID,HOURS_CREDITED,NOTES,VISOR_CONTACT,STAFF_ID,TEAM_ID,SOFT_DELETED,VISOR_EXPORTED,PARTITION_AREA_ID,OFFICE_LOCATION_ID,ROW_VERSION,ALERT_ACTIVE,ATTENDED,CREATED_DATETIME,COMPLIED,SENSITIVE,LAST_UPDATED_DATETIME,EVENT_ID,CONTACT_TYPE_ID,PROVIDER_TEAM_ID,CONTACT_OUTCOME_TYPE_ID,CREATED_BY_USER_ID,EXPLANATION_ID,LAST_UPDATED_USER_ID,TRAINING_SESSION_ID,TRUST_PROVIDER_FLAG,STAFF_EMPLOYEE_ID,PROBATION_AREA_ID,TRUST_PROVIDER_TEAM_ID,ENFORCEMENT,DOCUMENT_LINKED,UPLOAD_LINKED,LATEST_ENFORCEMENT_ACTION_ID,NSI_ID,TABLE_NAME,PRIMARY_KEY_ID,PSS_RQMNT_ID,RAR_ACTIVITY,NOMIS_CASE_NOTE_ID,LINKED_DOCUMENT_CONTACT_ID) values (2502719193,null,to_date('13-09-19','DD-MM-RR'),2500343964,null,null,null,null,null,null,null,'Source: Home Probation Area
Category: Licence - Life
Group: NPS North East Central Referrals Unit
Outcome: Draft Referral - Not Submitted
-------------------------------
Outcome: Decision Pending','N',2500006556,2500005275,0,'N',0,null,3,null,null,to_date('13-09-19','DD-MM-RR'),null,null,to_date('13-09-19','DD-MM-RR'),2500295345,420,null,null,2500040507,null,2500040507,null,0,2500006556,1500001003,2500005275,null,null,null,null,null,'APPROVED_PREMISES_REFERRAL',2500074467,null,null,null,null);
Insert into CONTACT (CONTACT_ID,LINKED_CONTACT_ID,CONTACT_DATE,OFFENDER_ID,CONTACT_START_TIME,CONTACT_END_TIME,RQMNT_ID,LIC_CONDITION_ID,PROVIDER_LOCATION_ID,PROVIDER_EMPLOYEE_ID,HOURS_CREDITED,NOTES,VISOR_CONTACT,STAFF_ID,TEAM_ID,SOFT_DELETED,VISOR_EXPORTED,PARTITION_AREA_ID,OFFICE_LOCATION_ID,ROW_VERSION,ALERT_ACTIVE,ATTENDED,CREATED_DATETIME,COMPLIED,SENSITIVE,LAST_UPDATED_DATETIME,EVENT_ID,CONTACT_TYPE_ID,PROVIDER_TEAM_ID,CONTACT_OUTCOME_TYPE_ID,CREATED_BY_USER_ID,EXPLANATION_ID,LAST_UPDATED_USER_ID,TRAINING_SESSION_ID,TRUST_PROVIDER_FLAG,STAFF_EMPLOYEE_ID,PROBATION_AREA_ID,TRUST_PROVIDER_TEAM_ID,ENFORCEMENT,DOCUMENT_LINKED,UPLOAD_LINKED,LATEST_ENFORCEMENT_ACTION_ID,NSI_ID,TABLE_NAME,PRIMARY_KEY_ID,PSS_RQMNT_ID,RAR_ACTIVITY,NOMIS_CASE_NOTE_ID,LINKED_DOCUMENT_CONTACT_ID) values (2502719198,null,to_date('13-09-19','DD-MM-RR'),2500343964,null,null,null,null,null,null,null,'Case Allocation Decision: Retained
Case Allocation Date: 13/09/2019
Target Provider: NPS North East
RSR Decision Provider: NPS North East
RSR Decision Team: OMU A
RSR Decision Officer: Polus, Oliver ZZ
Notes:
','N',2500001627,2500002001,0,'N',0,null,1,null,null,to_date('13-09-19','DD-MM-RR'),null,null,to_date('13-09-19','DD-MM-RR'),2500295345,2500002000,null,null,2500040507,null,2500040507,null,0,2500001627,1500001001,2500002001,null,null,null,null,null,null,null,null,null,null,null);
Insert into CONTACT (CONTACT_ID,LINKED_CONTACT_ID,CONTACT_DATE,OFFENDER_ID,CONTACT_START_TIME,CONTACT_END_TIME,RQMNT_ID,LIC_CONDITION_ID,PROVIDER_LOCATION_ID,PROVIDER_EMPLOYEE_ID,HOURS_CREDITED,NOTES,VISOR_CONTACT,STAFF_ID,TEAM_ID,SOFT_DELETED,VISOR_EXPORTED,PARTITION_AREA_ID,OFFICE_LOCATION_ID,ROW_VERSION,ALERT_ACTIVE,ATTENDED,CREATED_DATETIME,COMPLIED,SENSITIVE,LAST_UPDATED_DATETIME,EVENT_ID,CONTACT_TYPE_ID,PROVIDER_TEAM_ID,CONTACT_OUTCOME_TYPE_ID,CREATED_BY_USER_ID,EXPLANATION_ID,LAST_UPDATED_USER_ID,TRAINING_SESSION_ID,TRUST_PROVIDER_FLAG,STAFF_EMPLOYEE_ID,PROBATION_AREA_ID,TRUST_PROVIDER_TEAM_ID,ENFORCEMENT,DOCUMENT_LINKED,UPLOAD_LINKED,LATEST_ENFORCEMENT_ACTION_ID,NSI_ID,TABLE_NAME,PRIMARY_KEY_ID,PSS_RQMNT_ID,RAR_ACTIVITY,NOMIS_CASE_NOTE_ID,LINKED_DOCUMENT_CONTACT_ID) values (2502719234,null,to_date('02-09-19','DD-MM-RR'),2500343964,null,null,null,null,null,null,null,'Referral Source: Police
Referred to:Unallocated of Unallocated Team(N02)
Referral Outcome: Accepted','N',1500543278,1500119949,0,'N',0,null,1,null,null,to_date('13-09-19','DD-MM-RR'),null,null,to_date('13-09-19','DD-MM-RR'),2500295343,375,null,null,2500040507,null,2500040507,null,0,1500543278,1500001001,1500119949,1,null,null,null,null,null,null,null,null,null,null);
Insert into CONTACT (CONTACT_ID,LINKED_CONTACT_ID,CONTACT_DATE,OFFENDER_ID,CONTACT_START_TIME,CONTACT_END_TIME,RQMNT_ID,LIC_CONDITION_ID,PROVIDER_LOCATION_ID,PROVIDER_EMPLOYEE_ID,HOURS_CREDITED,NOTES,VISOR_CONTACT,STAFF_ID,TEAM_ID,SOFT_DELETED,VISOR_EXPORTED,PARTITION_AREA_ID,OFFICE_LOCATION_ID,ROW_VERSION,ALERT_ACTIVE,ATTENDED,CREATED_DATETIME,COMPLIED,SENSITIVE,LAST_UPDATED_DATETIME,EVENT_ID,CONTACT_TYPE_ID,PROVIDER_TEAM_ID,CONTACT_OUTCOME_TYPE_ID,CREATED_BY_USER_ID,EXPLANATION_ID,LAST_UPDATED_USER_ID,TRAINING_SESSION_ID,TRUST_PROVIDER_FLAG,STAFF_EMPLOYEE_ID,PROBATION_AREA_ID,TRUST_PROVIDER_TEAM_ID,ENFORCEMENT,DOCUMENT_LINKED,UPLOAD_LINKED,LATEST_ENFORCEMENT_ACTION_ID,NSI_ID,TABLE_NAME,PRIMARY_KEY_ID,PSS_RQMNT_ID,RAR_ACTIVITY,NOMIS_CASE_NOTE_ID,LINKED_DOCUMENT_CONTACT_ID) values (2502719235,null,to_date('11-09-19','DD-MM-RR'),2500343964,null,null,null,null,null,null,null,'Assessment Outcome: Not Suitable
Duration: 0:00
Offender required to attend?:No
Offender attended?:No
Offender agreed?:Yes
Notes:null','N',2500021176,2500016363,0,'N',0,null,3,null,null,to_date('13-09-19','DD-MM-RR'),null,null,to_date('13-09-19','DD-MM-RR'),2500295343,380,null,null,2500040507,null,2500040507,null,0,2500021176,1500001001,2500016363,1,null,null,null,null,null,null,null,null,null,null);
Insert into CONTACT (CONTACT_ID,LINKED_CONTACT_ID,CONTACT_DATE,OFFENDER_ID,CONTACT_START_TIME,CONTACT_END_TIME,RQMNT_ID,LIC_CONDITION_ID,PROVIDER_LOCATION_ID,PROVIDER_EMPLOYEE_ID,HOURS_CREDITED,NOTES,VISOR_CONTACT,STAFF_ID,TEAM_ID,SOFT_DELETED,VISOR_EXPORTED,PARTITION_AREA_ID,OFFICE_LOCATION_ID,ROW_VERSION,ALERT_ACTIVE,ATTENDED,CREATED_DATETIME,COMPLIED,SENSITIVE,LAST_UPDATED_DATETIME,EVENT_ID,CONTACT_TYPE_ID,PROVIDER_TEAM_ID,CONTACT_OUTCOME_TYPE_ID,CREATED_BY_USER_ID,EXPLANATION_ID,LAST_UPDATED_USER_ID,TRAINING_SESSION_ID,TRUST_PROVIDER_FLAG,STAFF_EMPLOYEE_ID,PROBATION_AREA_ID,TRUST_PROVIDER_TEAM_ID,ENFORCEMENT,DOCUMENT_LINKED,UPLOAD_LINKED,LATEST_ENFORCEMENT_ACTION_ID,NSI_ID,TABLE_NAME,PRIMARY_KEY_ID,PSS_RQMNT_ID,RAR_ACTIVITY,NOMIS_CASE_NOTE_ID,LINKED_DOCUMENT_CONTACT_ID) values (2502719239,null,to_date('12-09-19','DD-MM-RR'),2500343964,null,null,null,null,null,null,null,'Assessment Outcome: Suitable
Duration: 10:00
Score: 4.00
Offender required to attend?:No
Offender attended?:No
Offender agreed?:No
Notes:null','N',2500038545,2500031218,0,'N',0,null,3,null,null,to_date('13-09-19','DD-MM-RR'),null,null,to_date('13-09-19','DD-MM-RR'),2500295343,1056,null,null,2500040507,null,2500040507,null,0,2500038545,1500001001,2500031218,1,null,null,null,null,null,null,null,null,null,null);
Insert into CONTACT (CONTACT_ID,LINKED_CONTACT_ID,CONTACT_DATE,OFFENDER_ID,CONTACT_START_TIME,CONTACT_END_TIME,RQMNT_ID,LIC_CONDITION_ID,PROVIDER_LOCATION_ID,PROVIDER_EMPLOYEE_ID,HOURS_CREDITED,NOTES,VISOR_CONTACT,STAFF_ID,TEAM_ID,SOFT_DELETED,VISOR_EXPORTED,PARTITION_AREA_ID,OFFICE_LOCATION_ID,ROW_VERSION,ALERT_ACTIVE,ATTENDED,CREATED_DATETIME,COMPLIED,SENSITIVE,LAST_UPDATED_DATETIME,EVENT_ID,CONTACT_TYPE_ID,PROVIDER_TEAM_ID,CONTACT_OUTCOME_TYPE_ID,CREATED_BY_USER_ID,EXPLANATION_ID,LAST_UPDATED_USER_ID,TRAINING_SESSION_ID,TRUST_PROVIDER_FLAG,STAFF_EMPLOYEE_ID,PROBATION_AREA_ID,TRUST_PROVIDER_TEAM_ID,ENFORCEMENT,DOCUMENT_LINKED,UPLOAD_LINKED,LATEST_ENFORCEMENT_ACTION_ID,NSI_ID,TABLE_NAME,PRIMARY_KEY_ID,PSS_RQMNT_ID,RAR_ACTIVITY,NOMIS_CASE_NOTE_ID,LINKED_DOCUMENT_CONTACT_ID) values (2502719220,null,to_date('09-09-19','DD-MM-RR'),2500343964,null,null,null,null,null,null,null,'Referral Source: Agency
Referred to:Unallocated of Unallocated Team(N02)
Referral Outcome: Accepted','N',1500543278,1500119949,0,'N',0,null,1,null,null,to_date('13-09-19','DD-MM-RR'),null,null,to_date('13-09-19','DD-MM-RR'),2500295343,1382,null,null,2500040507,null,2500040507,null,0,1500543278,1500001001,1500119949,null,null,null,null,null,null,null,null,null,null,null);
Insert into CONTACT (CONTACT_ID,LINKED_CONTACT_ID,CONTACT_DATE,OFFENDER_ID,CONTACT_START_TIME,CONTACT_END_TIME,RQMNT_ID,LIC_CONDITION_ID,PROVIDER_LOCATION_ID,PROVIDER_EMPLOYEE_ID,HOURS_CREDITED,NOTES,VISOR_CONTACT,STAFF_ID,TEAM_ID,SOFT_DELETED,VISOR_EXPORTED,PARTITION_AREA_ID,OFFICE_LOCATION_ID,ROW_VERSION,ALERT_ACTIVE,ATTENDED,CREATED_DATETIME,COMPLIED,SENSITIVE,LAST_UPDATED_DATETIME,EVENT_ID,CONTACT_TYPE_ID,PROVIDER_TEAM_ID,CONTACT_OUTCOME_TYPE_ID,CREATED_BY_USER_ID,EXPLANATION_ID,LAST_UPDATED_USER_ID,TRAINING_SESSION_ID,TRUST_PROVIDER_FLAG,STAFF_EMPLOYEE_ID,PROBATION_AREA_ID,TRUST_PROVIDER_TEAM_ID,ENFORCEMENT,DOCUMENT_LINKED,UPLOAD_LINKED,LATEST_ENFORCEMENT_ACTION_ID,NSI_ID,TABLE_NAME,PRIMARY_KEY_ID,PSS_RQMNT_ID,RAR_ACTIVITY,NOMIS_CASE_NOTE_ID,LINKED_DOCUMENT_CONTACT_ID) values (2502720450,null,to_date('02-09-19','DD-MM-RR'),2500343964,null,null,null,null,null,null,null, null,'N',1500543278,1500119949,0,'N',0,null,1,null,null,to_date('16-09-19','DD-MM-RR'),null,null,to_date('16-09-19','DD-MM-RR'),2500295345,1500010009,null,null,2500040507,null,2500040507,null,0,1500543278,1500001001,1500119949,null,null,null,null,2500018596,null,null,null,null,null,null);
Insert into CONTACT (CONTACT_ID,LINKED_CONTACT_ID,CONTACT_DATE,OFFENDER_ID,CONTACT_START_TIME,CONTACT_END_TIME,RQMNT_ID,LIC_CONDITION_ID,PROVIDER_LOCATION_ID,PROVIDER_EMPLOYEE_ID,HOURS_CREDITED,NOTES,VISOR_CONTACT,STAFF_ID,TEAM_ID,SOFT_DELETED,VISOR_EXPORTED,PARTITION_AREA_ID,OFFICE_LOCATION_ID,ROW_VERSION,ALERT_ACTIVE,ATTENDED,CREATED_DATETIME,COMPLIED,SENSITIVE,LAST_UPDATED_DATETIME,EVENT_ID,CONTACT_TYPE_ID,PROVIDER_TEAM_ID,CONTACT_OUTCOME_TYPE_ID,CREATED_BY_USER_ID,EXPLANATION_ID,LAST_UPDATED_USER_ID,TRAINING_SESSION_ID,TRUST_PROVIDER_FLAG,STAFF_EMPLOYEE_ID,PROBATION_AREA_ID,TRUST_PROVIDER_TEAM_ID,ENFORCEMENT,DOCUMENT_LINKED,UPLOAD_LINKED,LATEST_ENFORCEMENT_ACTION_ID,NSI_ID,TABLE_NAME,PRIMARY_KEY_ID,PSS_RQMNT_ID,RAR_ACTIVITY,NOMIS_CASE_NOTE_ID,LINKED_DOCUMENT_CONTACT_ID) values (2502720451,null,to_date('16-09-19','DD-MM-RR'),2500343964,to_date('01-JAN-70','DD-MON-RR'),null,null,null,null,null,null, null,'N',1500543278,1500119949,0,'N',0,null,1,null,null,to_date('16-09-19','DD-MM-RR'),null,null,to_date('16-09-19','DD-MM-RR'),2500295345,1424,null,null,2500040507,null,2500040507,null,0,1500543278,1500001001,1500119949,null,null,null,null,2500018596,null,null,null,null,null,null);
Insert into CONTACT (CONTACT_ID,LINKED_CONTACT_ID,CONTACT_DATE,OFFENDER_ID,CONTACT_START_TIME,CONTACT_END_TIME,RQMNT_ID,LIC_CONDITION_ID,PROVIDER_LOCATION_ID,PROVIDER_EMPLOYEE_ID,HOURS_CREDITED,NOTES,VISOR_CONTACT,STAFF_ID,TEAM_ID,SOFT_DELETED,VISOR_EXPORTED,PARTITION_AREA_ID,OFFICE_LOCATION_ID,ROW_VERSION,ALERT_ACTIVE,ATTENDED,CREATED_DATETIME,COMPLIED,SENSITIVE,LAST_UPDATED_DATETIME,EVENT_ID,CONTACT_TYPE_ID,PROVIDER_TEAM_ID,CONTACT_OUTCOME_TYPE_ID,CREATED_BY_USER_ID,EXPLANATION_ID,LAST_UPDATED_USER_ID,TRAINING_SESSION_ID,TRUST_PROVIDER_FLAG,STAFF_EMPLOYEE_ID,PROBATION_AREA_ID,TRUST_PROVIDER_TEAM_ID,ENFORCEMENT,DOCUMENT_LINKED,UPLOAD_LINKED,LATEST_ENFORCEMENT_ACTION_ID,NSI_ID,TABLE_NAME,PRIMARY_KEY_ID,PSS_RQMNT_ID,RAR_ACTIVITY,NOMIS_CASE_NOTE_ID,LINKED_DOCUMENT_CONTACT_ID) values (2502721493,null,to_date('16-09-19','DD-MM-RR'),2500343964,to_date('01-JAN-70','DD-MON-RR'),null,null,null,null,null,null, null,'N',2500001501,2500002001,0,'N',0,null,3,null,null,to_date('16-09-19','DD-MM-RR'),null,'N',to_date('16-09-19','DD-MM-RR'),null,1206,null,null,2500040507,null,2500040507,null,0,2500001501,1500001001,2500002001,null,'Y',null,null,null,null,null,null,null,null,null);
Insert into CONTACT (CONTACT_ID,LINKED_CONTACT_ID,CONTACT_DATE,OFFENDER_ID,CONTACT_START_TIME,CONTACT_END_TIME,RQMNT_ID,LIC_CONDITION_ID,PROVIDER_LOCATION_ID,PROVIDER_EMPLOYEE_ID,HOURS_CREDITED,NOTES,VISOR_CONTACT,STAFF_ID,TEAM_ID,SOFT_DELETED,VISOR_EXPORTED,PARTITION_AREA_ID,OFFICE_LOCATION_ID,ROW_VERSION,ALERT_ACTIVE,ATTENDED,CREATED_DATETIME,COMPLIED,SENSITIVE,LAST_UPDATED_DATETIME,EVENT_ID,CONTACT_TYPE_ID,PROVIDER_TEAM_ID,CONTACT_OUTCOME_TYPE_ID,CREATED_BY_USER_ID,EXPLANATION_ID,LAST_UPDATED_USER_ID,TRAINING_SESSION_ID,TRUST_PROVIDER_FLAG,STAFF_EMPLOYEE_ID,PROBATION_AREA_ID,TRUST_PROVIDER_TEAM_ID,ENFORCEMENT,DOCUMENT_LINKED,UPLOAD_LINKED,LATEST_ENFORCEMENT_ACTION_ID,NSI_ID,TABLE_NAME,PRIMARY_KEY_ID,PSS_RQMNT_ID,RAR_ACTIVITY,NOMIS_CASE_NOTE_ID,LINKED_DOCUMENT_CONTACT_ID) values (2502721488,null,to_date('16-09-19','DD-MM-RR'),2500343964,to_date('01-JAN-70','DD-MON-RR'),null,null,null,null,null,null,'Before saving please check the "Sensitive" flag - these contacts should normally be marked as sensitive.','N',2500001501,2500002001,0,'N',0,null,3,null,null,to_date('16-09-19','DD-MM-RR'),null,'Y',to_date('16-09-19','DD-MM-RR'),2500295345,472,null,null,2500040507,null,2500040507,null,0,2500001501,1500001001,2500002001,null,'Y',null,null,null,null,null,null,null,null,null);
Insert into CONTACT (CONTACT_ID,LINKED_CONTACT_ID,CONTACT_DATE,OFFENDER_ID,CONTACT_START_TIME,CONTACT_END_TIME,RQMNT_ID,LIC_CONDITION_ID,PROVIDER_LOCATION_ID,PROVIDER_EMPLOYEE_ID,HOURS_CREDITED,NOTES,VISOR_CONTACT,STAFF_ID,TEAM_ID,SOFT_DELETED,VISOR_EXPORTED,PARTITION_AREA_ID,OFFICE_LOCATION_ID,ROW_VERSION,ALERT_ACTIVE,ATTENDED,CREATED_DATETIME,COMPLIED,SENSITIVE,LAST_UPDATED_DATETIME,EVENT_ID,CONTACT_TYPE_ID,PROVIDER_TEAM_ID,CONTACT_OUTCOME_TYPE_ID,CREATED_BY_USER_ID,EXPLANATION_ID,LAST_UPDATED_USER_ID,TRAINING_SESSION_ID,TRUST_PROVIDER_FLAG,STAFF_EMPLOYEE_ID,PROBATION_AREA_ID,TRUST_PROVIDER_TEAM_ID,ENFORCEMENT,DOCUMENT_LINKED,UPLOAD_LINKED,LATEST_ENFORCEMENT_ACTION_ID,NSI_ID,TABLE_NAME,PRIMARY_KEY_ID,PSS_RQMNT_ID,RAR_ACTIVITY,NOMIS_CASE_NOTE_ID,LINKED_DOCUMENT_CONTACT_ID) values (2502726145,null,to_date('16-09-19','DD-MM-RR'),2500343964,null,null,null,null,null,null,null,'Main Offence: Assault on Police Officer - 10400 (x1) on 09/09/2019
Court: Sheffield Magistrates Court
Appearance Type: Sentence
Outcome: Absolute/Conditional Discharge
-------------------------------','N',1500543278,1500119949,0,'N',0,null,1,null,null,to_date('17-09-19','DD-MM-RR'),null,null,to_date('17-09-19','DD-MM-RR'),2500297061,306,null,null,2500040507,null,2500040507,null,0,1500543278,1500001001,1500119949,null,null,null,null,null,null,null,null,null,null,null);
Insert into CONTACT (CONTACT_ID,LINKED_CONTACT_ID,CONTACT_DATE,OFFENDER_ID,CONTACT_START_TIME,CONTACT_END_TIME,RQMNT_ID,LIC_CONDITION_ID,PROVIDER_LOCATION_ID,PROVIDER_EMPLOYEE_ID,HOURS_CREDITED,NOTES,VISOR_CONTACT,STAFF_ID,TEAM_ID,SOFT_DELETED,VISOR_EXPORTED,PARTITION_AREA_ID,OFFICE_LOCATION_ID,ROW_VERSION,ALERT_ACTIVE,ATTENDED,CREATED_DATETIME,COMPLIED,SENSITIVE,LAST_UPDATED_DATETIME,EVENT_ID,CONTACT_TYPE_ID,PROVIDER_TEAM_ID,CONTACT_OUTCOME_TYPE_ID,CREATED_BY_USER_ID,EXPLANATION_ID,LAST_UPDATED_USER_ID,TRAINING_SESSION_ID,TRUST_PROVIDER_FLAG,STAFF_EMPLOYEE_ID,PROBATION_AREA_ID,TRUST_PROVIDER_TEAM_ID,ENFORCEMENT,DOCUMENT_LINKED,UPLOAD_LINKED,LATEST_ENFORCEMENT_ACTION_ID,NSI_ID,TABLE_NAME,PRIMARY_KEY_ID,PSS_RQMNT_ID,RAR_ACTIVITY,NOMIS_CASE_NOTE_ID,LINKED_DOCUMENT_CONTACT_ID) values (2502738780,null,to_date('27-09-19','DD-MM-RR'),2500343964,null,null,null,null,null,null,null,'New Details:
Responsible Officer Type: Offender Manager
Responsible Officer: Cobio, Titus ZZ (OMU A , NPS North East)
Start Date: 27/09/2019 11:25:43
Allocation Reason: Allocated To Responsible Officer

Previous Details:
Responsible Officer Type: Prison Offender Manager
Responsible Officer: Unallocated (All Staff, Berwyn (HMP))
Start Date: 04/09/2019 13:21:27
End Date: 27/09/2019 11:25:43
Allocation Reason: External Transfer','N',2500001501,2500002001,0,'N',0,null,1,null,null,to_date('27-09-19','DD-MM-RR'),null,null,to_date('27-09-19','DD-MM-RR'),null,2500024541,null,null,2500040507,null,2500040507,null,0,2500001501,1500001001,2500002001,null,null,null,null,null,null,null,null,null,null,null);
Insert into CONTACT (CONTACT_ID,LINKED_CONTACT_ID,CONTACT_DATE,OFFENDER_ID,CONTACT_START_TIME,CONTACT_END_TIME,RQMNT_ID,LIC_CONDITION_ID,PROVIDER_LOCATION_ID,PROVIDER_EMPLOYEE_ID,HOURS_CREDITED,NOTES,VISOR_CONTACT,STAFF_ID,TEAM_ID,SOFT_DELETED,VISOR_EXPORTED,PARTITION_AREA_ID,OFFICE_LOCATION_ID,ROW_VERSION,ALERT_ACTIVE,ATTENDED,CREATED_DATETIME,COMPLIED,SENSITIVE,LAST_UPDATED_DATETIME,EVENT_ID,CONTACT_TYPE_ID,PROVIDER_TEAM_ID,CONTACT_OUTCOME_TYPE_ID,CREATED_BY_USER_ID,EXPLANATION_ID,LAST_UPDATED_USER_ID,TRAINING_SESSION_ID,TRUST_PROVIDER_FLAG,STAFF_EMPLOYEE_ID,PROBATION_AREA_ID,TRUST_PROVIDER_TEAM_ID,ENFORCEMENT,DOCUMENT_LINKED,UPLOAD_LINKED,LATEST_ENFORCEMENT_ACTION_ID,NSI_ID,TABLE_NAME,PRIMARY_KEY_ID,PSS_RQMNT_ID,RAR_ACTIVITY,NOMIS_CASE_NOTE_ID,LINKED_DOCUMENT_CONTACT_ID) values (2502738781,null,to_date('27-09-19','DD-MM-RR'),2500343964,null,null,null,null,null,null,null,'Transfer Reason: Internal Transfer
Transfer Date: 27/09/2019
From Trust: NPS North East
From Team: Unallocated Team(N02)
From Officer: Unallocated','N',2500001501,2500002001,0,'N',0,null,1,null,null,to_date('27-09-19','DD-MM-RR'),null,null,to_date('27-09-19','DD-MM-RR'),null,311,null,null,2500040507,null,2500040507,null,0,2500001501,1500001001,2500002001,null,null,null,null,null,null,null,null,null,null,null);
Insert into CONTACT (CONTACT_ID,LINKED_CONTACT_ID,CONTACT_DATE,OFFENDER_ID,CONTACT_START_TIME,CONTACT_END_TIME,RQMNT_ID,LIC_CONDITION_ID,PROVIDER_LOCATION_ID,PROVIDER_EMPLOYEE_ID,HOURS_CREDITED,NOTES,VISOR_CONTACT,STAFF_ID,TEAM_ID,SOFT_DELETED,VISOR_EXPORTED,PARTITION_AREA_ID,OFFICE_LOCATION_ID,ROW_VERSION,ALERT_ACTIVE,ATTENDED,CREATED_DATETIME,COMPLIED,SENSITIVE,LAST_UPDATED_DATETIME,EVENT_ID,CONTACT_TYPE_ID,PROVIDER_TEAM_ID,CONTACT_OUTCOME_TYPE_ID,CREATED_BY_USER_ID,EXPLANATION_ID,LAST_UPDATED_USER_ID,TRAINING_SESSION_ID,TRUST_PROVIDER_FLAG,STAFF_EMPLOYEE_ID,PROBATION_AREA_ID,TRUST_PROVIDER_TEAM_ID,ENFORCEMENT,DOCUMENT_LINKED,UPLOAD_LINKED,LATEST_ENFORCEMENT_ACTION_ID,NSI_ID,TABLE_NAME,PRIMARY_KEY_ID,PSS_RQMNT_ID,RAR_ACTIVITY,NOMIS_CASE_NOTE_ID,LINKED_DOCUMENT_CONTACT_ID) values (2502738794,null,to_date('27-09-19','DD-MM-RR'),2500343964,null,null,null,null,null,null,null,'Transfer Reason: Internal Transfer
Transfer Date: 27/09/2019
From Establishment Provider: Berwyn (HMP)
From Team: All Staff
From Officer: Unallocated','N',2500057541,2500015813,0,'N',0,null,1,null,null,to_date('27-09-19','DD-MM-RR'),null,null,to_date('27-09-19','DD-MM-RR'),null,2500023542,null,null,2500040507,null,2500040507,null,0,2500057541,2500007020,2500015813,null,null,null,null,null,null,null,null,null,null,null);
Insert into CONTACT (CONTACT_ID,LINKED_CONTACT_ID,CONTACT_DATE,OFFENDER_ID,CONTACT_START_TIME,CONTACT_END_TIME,RQMNT_ID,LIC_CONDITION_ID,PROVIDER_LOCATION_ID,PROVIDER_EMPLOYEE_ID,HOURS_CREDITED,NOTES,VISOR_CONTACT,STAFF_ID,TEAM_ID,SOFT_DELETED,VISOR_EXPORTED,PARTITION_AREA_ID,OFFICE_LOCATION_ID,ROW_VERSION,ALERT_ACTIVE,ATTENDED,CREATED_DATETIME,COMPLIED,SENSITIVE,LAST_UPDATED_DATETIME,EVENT_ID,CONTACT_TYPE_ID,PROVIDER_TEAM_ID,CONTACT_OUTCOME_TYPE_ID,CREATED_BY_USER_ID,EXPLANATION_ID,LAST_UPDATED_USER_ID,TRAINING_SESSION_ID,TRUST_PROVIDER_FLAG,STAFF_EMPLOYEE_ID,PROBATION_AREA_ID,TRUST_PROVIDER_TEAM_ID,ENFORCEMENT,DOCUMENT_LINKED,UPLOAD_LINKED,LATEST_ENFORCEMENT_ACTION_ID,NSI_ID,TABLE_NAME,PRIMARY_KEY_ID,PSS_RQMNT_ID,RAR_ACTIVITY,NOMIS_CASE_NOTE_ID,LINKED_DOCUMENT_CONTACT_ID) values (2502740182,null,to_date('30-09-19','DD-MM-RR'),2500343964,null,null,null,null,null,null,null,'New Details:
Responsible Officer Type: Offender Manager
Responsible Officer: Unallocated (OMIC OMU A , NPS North East)
Start Date: 30/09/2019 13:37:32
Allocation Reason: Transfer In

Previous Details:
Responsible Officer Type: Offender Manager
Responsible Officer: Cobio, Titus ZZ (OMU A , NPS North East)
Start Date: 27/09/2019 11:25:43
End Date: 30/09/2019 13:37:32
Allocation Reason: Allocated To Responsible Officer','N',2500057096,2500041269,0,'N',0,null,1,null,null,to_date('30-09-19','DD-MM-RR'),null,null,to_date('30-09-19','DD-MM-RR'),null,2500024541,null,null,2500040507,null,2500040507,null,0,2500057096,1500001001,2500041269,null,null,null,null,null,null,null,null,null,null,null);
Insert into CONTACT (CONTACT_ID,LINKED_CONTACT_ID,CONTACT_DATE,OFFENDER_ID,CONTACT_START_TIME,CONTACT_END_TIME,RQMNT_ID,LIC_CONDITION_ID,PROVIDER_LOCATION_ID,PROVIDER_EMPLOYEE_ID,HOURS_CREDITED,NOTES,VISOR_CONTACT,STAFF_ID,TEAM_ID,SOFT_DELETED,VISOR_EXPORTED,PARTITION_AREA_ID,OFFICE_LOCATION_ID,ROW_VERSION,ALERT_ACTIVE,ATTENDED,CREATED_DATETIME,COMPLIED,SENSITIVE,LAST_UPDATED_DATETIME,EVENT_ID,CONTACT_TYPE_ID,PROVIDER_TEAM_ID,CONTACT_OUTCOME_TYPE_ID,CREATED_BY_USER_ID,EXPLANATION_ID,LAST_UPDATED_USER_ID,TRAINING_SESSION_ID,TRUST_PROVIDER_FLAG,STAFF_EMPLOYEE_ID,PROBATION_AREA_ID,TRUST_PROVIDER_TEAM_ID,ENFORCEMENT,DOCUMENT_LINKED,UPLOAD_LINKED,LATEST_ENFORCEMENT_ACTION_ID,NSI_ID,TABLE_NAME,PRIMARY_KEY_ID,PSS_RQMNT_ID,RAR_ACTIVITY,NOMIS_CASE_NOTE_ID,LINKED_DOCUMENT_CONTACT_ID) values (2502740183,null,to_date('30-09-19','DD-MM-RR'),2500343964,null,null,null,null,null,null,null,'Transfer Reason: Internal Transfer
Transfer Date: 30/09/2019
From Trust: NPS North East
From Team: OMU A
From Officer: Cobio, Titus ZZ','N',2500057096,2500041269,0,'N',0,null,1,null,null,to_date('30-09-19','DD-MM-RR'),null,null,to_date('30-09-19','DD-MM-RR'),null,311,null,null,2500040507,null,2500040507,null,0,2500057096,1500001001,2500041269,null,null,null,null,null,null,null,null,null,null,null);
Insert into CONTACT (CONTACT_ID,LINKED_CONTACT_ID,CONTACT_DATE,OFFENDER_ID,CONTACT_START_TIME,CONTACT_END_TIME,RQMNT_ID,LIC_CONDITION_ID,PROVIDER_LOCATION_ID,PROVIDER_EMPLOYEE_ID,HOURS_CREDITED,NOTES,VISOR_CONTACT,STAFF_ID,TEAM_ID,SOFT_DELETED,VISOR_EXPORTED,PARTITION_AREA_ID,OFFICE_LOCATION_ID,ROW_VERSION,ALERT_ACTIVE,ATTENDED,CREATED_DATETIME,COMPLIED,SENSITIVE,LAST_UPDATED_DATETIME,EVENT_ID,CONTACT_TYPE_ID,PROVIDER_TEAM_ID,CONTACT_OUTCOME_TYPE_ID,CREATED_BY_USER_ID,EXPLANATION_ID,LAST_UPDATED_USER_ID,TRAINING_SESSION_ID,TRUST_PROVIDER_FLAG,STAFF_EMPLOYEE_ID,PROBATION_AREA_ID,TRUST_PROVIDER_TEAM_ID,ENFORCEMENT,DOCUMENT_LINKED,UPLOAD_LINKED,LATEST_ENFORCEMENT_ACTION_ID,NSI_ID,TABLE_NAME,PRIMARY_KEY_ID,PSS_RQMNT_ID,RAR_ACTIVITY,NOMIS_CASE_NOTE_ID,LINKED_DOCUMENT_CONTACT_ID) values (2502740190,null,to_date('30-09-19','DD-MM-RR'),2500343964,null,null,null,null,null,null,null,'New Details:
Responsible Officer Type: Offender Manager
Responsible Officer: Unallocated (OMIC OMU A , NPS North East)
Start Date: 30/09/2019 13:38:17
Allocation Reason: Transfer In

Previous Details:
Responsible Officer Type: Offender Manager
Responsible Officer: Unallocated (OMIC OMU A , NPS North East)
Start Date: 30/09/2019 13:37:32
End Date: 30/09/2019 13:38:17
Allocation Reason: Transfer In','N',2500057096,2500041269,0,'N',0,null,1,null,null,to_date('30-09-19','DD-MM-RR'),null,null,to_date('30-09-19','DD-MM-RR'),null,2500024541,null,null,2500040507,null,2500040507,null,0,2500057096,1500001001,2500041269,null,null,null,null,null,null,null,null,null,null,null);
Insert into CONTACT (CONTACT_ID,LINKED_CONTACT_ID,CONTACT_DATE,OFFENDER_ID,CONTACT_START_TIME,CONTACT_END_TIME,RQMNT_ID,LIC_CONDITION_ID,PROVIDER_LOCATION_ID,PROVIDER_EMPLOYEE_ID,HOURS_CREDITED,NOTES,VISOR_CONTACT,STAFF_ID,TEAM_ID,SOFT_DELETED,VISOR_EXPORTED,PARTITION_AREA_ID,OFFICE_LOCATION_ID,ROW_VERSION,ALERT_ACTIVE,ATTENDED,CREATED_DATETIME,COMPLIED,SENSITIVE,LAST_UPDATED_DATETIME,EVENT_ID,CONTACT_TYPE_ID,PROVIDER_TEAM_ID,CONTACT_OUTCOME_TYPE_ID,CREATED_BY_USER_ID,EXPLANATION_ID,LAST_UPDATED_USER_ID,TRAINING_SESSION_ID,TRUST_PROVIDER_FLAG,STAFF_EMPLOYEE_ID,PROBATION_AREA_ID,TRUST_PROVIDER_TEAM_ID,ENFORCEMENT,DOCUMENT_LINKED,UPLOAD_LINKED,LATEST_ENFORCEMENT_ACTION_ID,NSI_ID,TABLE_NAME,PRIMARY_KEY_ID,PSS_RQMNT_ID,RAR_ACTIVITY,NOMIS_CASE_NOTE_ID,LINKED_DOCUMENT_CONTACT_ID) values (2502740191,null,to_date('30-09-19','DD-MM-RR'),2500343964,null,null,null,null,null,null,null,'Transfer Reason: Internal Transfer
Transfer Date: 30/09/2019
From Trust: NPS North East
From Team: OMIC OMU A
From Officer: Unallocated','N',2500057096,2500041269,0,'N',0,null,1,null,null,to_date('30-09-19','DD-MM-RR'),null,null,to_date('30-09-19','DD-MM-RR'),null,311,null,null,2500040507,null,2500040507,null,0,2500057096,1500001001,2500041269,null,null,null,null,null,null,null,null,null,null,null);
Insert into CONTACT (CONTACT_ID,LINKED_CONTACT_ID,CONTACT_DATE,OFFENDER_ID,CONTACT_START_TIME,CONTACT_END_TIME,RQMNT_ID,LIC_CONDITION_ID,PROVIDER_LOCATION_ID,PROVIDER_EMPLOYEE_ID,HOURS_CREDITED,NOTES,VISOR_CONTACT,STAFF_ID,TEAM_ID,SOFT_DELETED,VISOR_EXPORTED,PARTITION_AREA_ID,OFFICE_LOCATION_ID,ROW_VERSION,ALERT_ACTIVE,ATTENDED,CREATED_DATETIME,COMPLIED,SENSITIVE,LAST_UPDATED_DATETIME,EVENT_ID,CONTACT_TYPE_ID,PROVIDER_TEAM_ID,CONTACT_OUTCOME_TYPE_ID,CREATED_BY_USER_ID,EXPLANATION_ID,LAST_UPDATED_USER_ID,TRAINING_SESSION_ID,TRUST_PROVIDER_FLAG,STAFF_EMPLOYEE_ID,PROBATION_AREA_ID,TRUST_PROVIDER_TEAM_ID,ENFORCEMENT,DOCUMENT_LINKED,UPLOAD_LINKED,LATEST_ENFORCEMENT_ACTION_ID,NSI_ID,TABLE_NAME,PRIMARY_KEY_ID,PSS_RQMNT_ID,RAR_ACTIVITY,NOMIS_CASE_NOTE_ID,LINKED_DOCUMENT_CONTACT_ID) values (2502743375,null,to_date('10-APR-17','DD-MON-RR'),2500343964,to_date('01-JAN-70','DD-MON-RR'),null,null,null,null,null,null,'Observations

Prisoner appears to have grown an extra arm ...[PHILL_GEN updated the case notes on 10-04-2017 14:57:26] Prisoner appears to have grown an extra arm and an extra leg','N',2500058041,2500009109,0,'N',0,null,1,null,null,to_date('10-APR-17','DD-MON-RR'),null,'N',to_date('10-APR-17','DD-MON-RR'),2500295345,2500023041,null,null,2500023007,null,2500023007,null,0,2500058041,2500002131,2500009109,null,null,null,null,null,null,null,null,null,-1,null);
Insert into COURT_APPEARANCE (COURT_APPEARANCE_ID,APPEARANCE_DATE,CROWN_COURT_CALENDAR_NUMBER,BAIL_CONDITIONS,COURT_NOTES,EVENT_ID,TEAM_ID,STAFF_ID,SOFT_DELETED,PARTITION_AREA_ID,COURT_ID,ROW_VERSION,APPEARANCE_TYPE_ID,PLEA_ID,OUTCOME_ID,REMAND_STATUS_ID,CREATED_BY_USER_ID,CREATED_DATETIME,LAST_UPDATED_USER_ID,LAST_UPDATED_DATETIME,TRAINING_SESSION_ID,OFFENDER_ID,ORGANISATIONS) values (2500316923,to_date('01-JUN-17','DD-MON-RR'),null,null, null,2500295343,null,null,0,0,1500004905,1,285,1009,19,null,2500040507,to_date('04-09-19','DD-MM-RR'),2500040507,to_date('04-09-19','DD-MM-RR'),null,2500343964,('2500007020', '1500001001'));
Insert into COURT_APPEARANCE (COURT_APPEARANCE_ID,APPEARANCE_DATE,CROWN_COURT_CALENDAR_NUMBER,BAIL_CONDITIONS,COURT_NOTES,EVENT_ID,TEAM_ID,STAFF_ID,SOFT_DELETED,PARTITION_AREA_ID,COURT_ID,ROW_VERSION,APPEARANCE_TYPE_ID,PLEA_ID,OUTCOME_ID,REMAND_STATUS_ID,CREATED_BY_USER_ID,CREATED_DATETIME,LAST_UPDATED_USER_ID,LAST_UPDATED_DATETIME,TRAINING_SESSION_ID,OFFENDER_ID,ORGANISATIONS) values (2500316925,to_date('04-09-18','DD-MM-RR'),null,null, null,2500295345,null,null,0,0,1500004904,1,284,1009,6,1500000001,2500040507,to_date('04-09-19','DD-MM-RR'),2500040507,to_date('04-09-19','DD-MM-RR'),null,2500343964,('2500007020', '1500001001'));
Insert into COURT_APPEARANCE (COURT_APPEARANCE_ID,APPEARANCE_DATE,CROWN_COURT_CALENDAR_NUMBER,BAIL_CONDITIONS,COURT_NOTES,EVENT_ID,TEAM_ID,STAFF_ID,SOFT_DELETED,PARTITION_AREA_ID,COURT_ID,ROW_VERSION,APPEARANCE_TYPE_ID,PLEA_ID,OUTCOME_ID,REMAND_STATUS_ID,CREATED_BY_USER_ID,CREATED_DATETIME,LAST_UPDATED_USER_ID,LAST_UPDATED_DATETIME,TRAINING_SESSION_ID,OFFENDER_ID,ORGANISATIONS) values (2500316926,to_date('04-09-19','DD-MM-RR'),null,null, null,2500295345,null,null,0,0,1500004905,3,285,1009,46,null,2500040507,to_date('04-09-19','DD-MM-RR'),2500040507,to_date('27-09-19','DD-MM-RR'),null,2500343964,('2500007020', '1500001001'));
Insert into COURT_APPEARANCE (COURT_APPEARANCE_ID,APPEARANCE_DATE,CROWN_COURT_CALENDAR_NUMBER,BAIL_CONDITIONS,COURT_NOTES,EVENT_ID,TEAM_ID,STAFF_ID,SOFT_DELETED,PARTITION_AREA_ID,COURT_ID,ROW_VERSION,APPEARANCE_TYPE_ID,PLEA_ID,OUTCOME_ID,REMAND_STATUS_ID,CREATED_BY_USER_ID,CREATED_DATETIME,LAST_UPDATED_USER_ID,LAST_UPDATED_DATETIME,TRAINING_SESSION_ID,OFFENDER_ID,ORGANISATIONS) values (2500319107,to_date('16-09-19','DD-MM-RR'),null,null, null,2500297061,null,null,0,0,1500004905,1,285,1009,78,null,2500040507,to_date('17-09-19','DD-MM-RR'),2500040507,to_date('17-09-19','DD-MM-RR'),null,2500343964,('2500007020', '1500001001'));
Insert into COURT_REPORT (COURT_REPORT_ID,COURT_APPEARANCE_ID,DATE_REQUESTED,DATE_REQUIRED,ALLOCATION_DATE,COMPLETED_DATE,SENT_TO_COURT_DATE,RECEIVED_BY_COURT_DATE,VIDEO_LINK,NOTES,PUNISHMENT,REDUCTION_OF_CRIME,REFORM_AND_REHABILITATION,PUBLIC_PROTECTION,REPARATION,RECOMMENDATIONS_NOT_STATED,SOFT_DELETED,PARTITION_AREA_ID,ROW_VERSION,LEVEL_OF_SERIOUSNESS_ID,DELIVERED_REPORT_REASON_ID,SECTION_178,CREATED_DATETIME,LAST_UPDATED_DATETIME,COURT_REPORT_TYPE_ID,CREATED_BY_USER_ID,DELIVERED_COURT_REPORT_TYPE_ID,LAST_UPDATED_USER_ID,TRAINING_SESSION_ID,OFFENDER_ID,ORGANISATIONS,REQUIRED_BY_COURT_ID,PENDING_TRANSFER) values (2500079873,2500316925,to_date('04-09-18','DD-MM-RR'),to_date('04-09-19','DD-MM-RR'),null,null,null,null,null, null,'N','N','N','N','N','N',0,0,2,516,null,null,to_date('04-09-19','DD-MM-RR'),to_date('04-09-19','DD-MM-RR'),3,2500040507,null,2500040507,null,2500343964,('2500007020', '1500001001'),1500004905,0);
Insert into COURT_REPORT (COURT_REPORT_ID,COURT_APPEARANCE_ID,DATE_REQUESTED,DATE_REQUIRED,ALLOCATION_DATE,COMPLETED_DATE,SENT_TO_COURT_DATE,RECEIVED_BY_COURT_DATE,VIDEO_LINK,NOTES,PUNISHMENT,REDUCTION_OF_CRIME,REFORM_AND_REHABILITATION,PUBLIC_PROTECTION,REPARATION,RECOMMENDATIONS_NOT_STATED,SOFT_DELETED,PARTITION_AREA_ID,ROW_VERSION,LEVEL_OF_SERIOUSNESS_ID,DELIVERED_REPORT_REASON_ID,SECTION_178,CREATED_DATETIME,LAST_UPDATED_DATETIME,COURT_REPORT_TYPE_ID,CREATED_BY_USER_ID,DELIVERED_COURT_REPORT_TYPE_ID,LAST_UPDATED_USER_ID,TRAINING_SESSION_ID,OFFENDER_ID,ORGANISATIONS,REQUIRED_BY_COURT_ID,PENDING_TRANSFER) values (2500079874,2500316925,to_date('04-09-18','DD-MM-RR'),to_date('04-09-19','DD-MM-RR'),null,null,null,null,null, null,'N','N','N','N','N','N',0,0,2,516,null,null,to_date('04-09-19','DD-MM-RR'),to_date('04-09-19','DD-MM-RR'),52,2500040507,null,2500040507,null,2500343964,('2500007020', '1500001001'),1500004905,0);
Insert into CUSTODY (CUSTODY_ID,DISPOSAL_ID,STATUS_CHANGE_DATE,PRISONER_NUMBER,PAROLE_NUMBER,LOCATION_CHANGE_DATE,SOFT_DELETED,PARTITION_AREA_ID,ROW_VERSION,CUSTODIAL_STATUS_ID,PC_TELEPHONE_NUMBER,PRISON_OFFICER,PROBATION_CONTACT,PO_TELEPHONE_NUMBER,CREATED_DATETIME,LAST_UPDATED_DATETIME,INSTITUTION_ID,CREATED_BY_USER_ID,ESTABLISHMENT,LAST_UPDATED_USER_ID,TRAINING_SESSION_ID,OFFENDER_ID,ORGANISATIONS,PSS_START_DATE) values (2500151999,2500282335,to_date('04-09-19','DD-MM-RR'),'V74111',null,to_date('04-09-19','DD-MM-RR'),0,0,3,324,null,null,null,null,to_date('04-09-19','DD-MM-RR'),to_date('27-09-19','DD-MM-RR'),2500004521,2500040507,'Y',2500040507,null,2500343964,('2500007020', '1500001001'),null);
Insert into CUSTODY_HISTORY (CUSTODY_HISTORY_ID,CUSTODY_EVENT_TYPE_ID,DETAIL,CUSTODY_ID,OFFENDER_ID,HISTORICAL_DATE,ROW_VERSION,PARTITION_AREA_ID,TRAINING_SESSION_ID) values (2500367593,1500015510,'Throughcare updated in custody ',2500151999,2500343964,to_date('04-09-19','DD-MM-RR'),1,0,null);
Insert into CUSTODY_HISTORY (CUSTODY_HISTORY_ID,CUSTODY_EVENT_TYPE_ID,DETAIL,CUSTODY_ID,OFFENDER_ID,HISTORICAL_DATE,ROW_VERSION,PARTITION_AREA_ID,TRAINING_SESSION_ID) values (2500367594,1500015508,'Berwyn (HMP)',2500151999,2500343964,to_date('04-09-19','DD-MM-RR'),1,0,null);
Insert into CUSTODY_HISTORY (CUSTODY_HISTORY_ID,CUSTODY_EVENT_TYPE_ID,DETAIL,CUSTODY_ID,OFFENDER_ID,HISTORICAL_DATE,ROW_VERSION,PARTITION_AREA_ID,TRAINING_SESSION_ID) values (2500367584,1500015508,'Throughcare record created location Unknown',2500151999,2500343964,to_date('04-09-19','DD-MM-RR'),1,0,null);
Insert into DISPOSAL (DISPOSAL_ID,DISPOSAL_DATE,VALUE,LENGTH,PUNISHMENT,REDUCTION_OF_CRIME,REFORM_AND_REHABILITION,PUBLIC_PROTECTION,REPARATION,RECOMMENDATION_NOT_STATED,TERMINATION_DATE,TERMINATION_NOTES,EVENT_ID,PARTITION_AREA_ID,SOFT_DELETED,ROW_VERSION,LEVEL_OF_SERIOUSNESS_ID,DISPOSAL_TYPE_ID,CREATED_DATETIME,CREATED_BY_USER_ID,LAST_UPDATED_DATETIME,DISPOSAL_TERMINATION_REASON_ID,LAST_UPDATED_USER_ID,TRAINING_SESSION_ID,LENGTH_2,OFFENDER_ID,ORGANISATIONS,ACTIVE_FLAG,UPW,EFFECTIVE_LENGTH,LENGTH_IN_DAYS,ENTRY_LENGTH_UNITS_ID,ENTRY_LENGTH_2_UNITS_ID,NOTIONAL_END_DATE,ENTRY_LENGTH,USER_TERMINATION_DATE,ENTERED_NOTIONAL_END_DATE) values (2500284169,to_date('16-09-19','DD-MM-RR'),null,0,'N','N','N','N','N','N',to_date('17-09-19','DD-MM-RR'), null,2500297061,0,0,1,516,73,to_date('17-09-19','DD-MM-RR'),2500040507,to_date('17-09-19','DD-MM-RR'),3758,2500040507,null,null,2500343964,('2500007020', '1500001001'),0,0,null,0,1110,null,to_date('15-09-19','DD-MM-RR'),0,null,null);
Insert into DISPOSAL (DISPOSAL_ID,DISPOSAL_DATE,VALUE,LENGTH,PUNISHMENT,REDUCTION_OF_CRIME,REFORM_AND_REHABILITION,PUBLIC_PROTECTION,REPARATION,RECOMMENDATION_NOT_STATED,TERMINATION_DATE,TERMINATION_NOTES,EVENT_ID,PARTITION_AREA_ID,SOFT_DELETED,ROW_VERSION,LEVEL_OF_SERIOUSNESS_ID,DISPOSAL_TYPE_ID,CREATED_DATETIME,CREATED_BY_USER_ID,LAST_UPDATED_DATETIME,DISPOSAL_TERMINATION_REASON_ID,LAST_UPDATED_USER_ID,TRAINING_SESSION_ID,LENGTH_2,OFFENDER_ID,ORGANISATIONS,ACTIVE_FLAG,UPW,EFFECTIVE_LENGTH,LENGTH_IN_DAYS,ENTRY_LENGTH_UNITS_ID,ENTRY_LENGTH_2_UNITS_ID,NOTIONAL_END_DATE,ENTRY_LENGTH,USER_TERMINATION_DATE,ENTERED_NOTIONAL_END_DATE) values (90001,to_date('01-JAN-18','DD-MON-RR'),null,0,'N','N','N','N','N','N',to_date('31-JAN-18','DD-MON-RR'), null,10001,0,0,1,516,73,to_date('17-09-19','DD-MM-RR'),2500040507,to_date('17-09-19','DD-MM-RR'),3758,2500040507,null,null,2500343964,('2500007020', '1500001001'),0,0,null,0,1110,null,to_date('15-09-19','DD-MM-RR'),0,null,null);
Insert into DISPOSAL (DISPOSAL_ID,DISPOSAL_DATE,VALUE,LENGTH,PUNISHMENT,REDUCTION_OF_CRIME,REFORM_AND_REHABILITION,PUBLIC_PROTECTION,REPARATION,RECOMMENDATION_NOT_STATED,TERMINATION_DATE,TERMINATION_NOTES,EVENT_ID,PARTITION_AREA_ID,SOFT_DELETED,ROW_VERSION,LEVEL_OF_SERIOUSNESS_ID,DISPOSAL_TYPE_ID,CREATED_DATETIME,CREATED_BY_USER_ID,LAST_UPDATED_DATETIME,DISPOSAL_TERMINATION_REASON_ID,LAST_UPDATED_USER_ID,TRAINING_SESSION_ID,LENGTH_2,OFFENDER_ID,ORGANISATIONS,ACTIVE_FLAG,UPW,EFFECTIVE_LENGTH,LENGTH_IN_DAYS,ENTRY_LENGTH_UNITS_ID,ENTRY_LENGTH_2_UNITS_ID,NOTIONAL_END_DATE,ENTRY_LENGTH,USER_TERMINATION_DATE,ENTERED_NOTIONAL_END_DATE) values (90002,to_date('01-FEB-18','DD-MON-RR'),null,0,'N','N','N','N','N','N',to_date('01-MAR-18','DD-MON-RR'), null,10002,0,0,1,516,73,to_date('17-09-19','DD-MM-RR'),2500040507,to_date('17-09-19','DD-MM-RR'),3758,2500040507,null,null,2500343964,('2500007020', '1500001001'),0,0,null,0,1110,null,to_date('15-09-19','DD-MM-RR'),0,null,null);
Insert into DISPOSAL (DISPOSAL_ID,DISPOSAL_DATE,VALUE,LENGTH,PUNISHMENT,REDUCTION_OF_CRIME,REFORM_AND_REHABILITION,PUBLIC_PROTECTION,REPARATION,RECOMMENDATION_NOT_STATED,TERMINATION_DATE,TERMINATION_NOTES,EVENT_ID,PARTITION_AREA_ID,SOFT_DELETED,ROW_VERSION,LEVEL_OF_SERIOUSNESS_ID,DISPOSAL_TYPE_ID,CREATED_DATETIME,CREATED_BY_USER_ID,LAST_UPDATED_DATETIME,DISPOSAL_TERMINATION_REASON_ID,LAST_UPDATED_USER_ID,TRAINING_SESSION_ID,LENGTH_2,OFFENDER_ID,ORGANISATIONS,ACTIVE_FLAG,UPW,EFFECTIVE_LENGTH,LENGTH_IN_DAYS,ENTRY_LENGTH_UNITS_ID,ENTRY_LENGTH_2_UNITS_ID,NOTIONAL_END_DATE,ENTRY_LENGTH,USER_TERMINATION_DATE,ENTERED_NOTIONAL_END_DATE) values (90003,to_date('02-FEB-18','DD-MON-RR'),null,0,'N','N','N','N','N','N',to_date('22-FEB-18','DD-MON-RR'), null,10003,0,0,1,516,73,to_date('17-09-19','DD-MM-RR'),2500040507,to_date('17-09-19','DD-MM-RR'),3758,2500040507,null,null,2500343964,('2500007020', '1500001001'),0,0,null,0,1110,null,to_date('15-09-19','DD-MM-RR'),0,null,null);
Insert into DISPOSAL (DISPOSAL_ID,DISPOSAL_DATE,VALUE,LENGTH,PUNISHMENT,REDUCTION_OF_CRIME,REFORM_AND_REHABILITION,PUBLIC_PROTECTION,REPARATION,RECOMMENDATION_NOT_STATED,TERMINATION_DATE,TERMINATION_NOTES,EVENT_ID,PARTITION_AREA_ID,SOFT_DELETED,ROW_VERSION,LEVEL_OF_SERIOUSNESS_ID,DISPOSAL_TYPE_ID,CREATED_DATETIME,CREATED_BY_USER_ID,LAST_UPDATED_DATETIME,DISPOSAL_TERMINATION_REASON_ID,LAST_UPDATED_USER_ID,TRAINING_SESSION_ID,LENGTH_2,OFFENDER_ID,ORGANISATIONS,ACTIVE_FLAG,UPW,EFFECTIVE_LENGTH,LENGTH_IN_DAYS,ENTRY_LENGTH_UNITS_ID,ENTRY_LENGTH_2_UNITS_ID,NOTIONAL_END_DATE,ENTRY_LENGTH,USER_TERMINATION_DATE,ENTERED_NOTIONAL_END_DATE) values (2500282333,to_date('01-JUN-17','DD-MON-RR'),null,12,'N','N','N','N','N','N',to_date('01-DEC-17','DD-MON-RR'), null,2500295343,0,0,3,516,14,to_date('04-09-19','DD-MM-RR'),2500040507,to_date('04-09-19','DD-MM-RR'),1395,2500040507,null,null,2500343964,('2500007020', '1500001001'),0,1,null,364,1110,null,to_date('31-MAY-18','DD-MON-RR'),12,to_date('04-09-19','DD-MM-RR'),to_date('15-OCT-19','DD-MON-RR'));
Insert into DISPOSAL (DISPOSAL_ID,DISPOSAL_DATE,VALUE,LENGTH,PUNISHMENT,REDUCTION_OF_CRIME,REFORM_AND_REHABILITION,PUBLIC_PROTECTION,REPARATION,RECOMMENDATION_NOT_STATED,TERMINATION_DATE,TERMINATION_NOTES,EVENT_ID,PARTITION_AREA_ID,SOFT_DELETED,ROW_VERSION,LEVEL_OF_SERIOUSNESS_ID,DISPOSAL_TYPE_ID,CREATED_DATETIME,CREATED_BY_USER_ID,LAST_UPDATED_DATETIME,DISPOSAL_TERMINATION_REASON_ID,LAST_UPDATED_USER_ID,TRAINING_SESSION_ID,LENGTH_2,OFFENDER_ID,ORGANISATIONS,ACTIVE_FLAG,UPW,EFFECTIVE_LENGTH,LENGTH_IN_DAYS,ENTRY_LENGTH_UNITS_ID,ENTRY_LENGTH_2_UNITS_ID,NOTIONAL_END_DATE,ENTRY_LENGTH,USER_TERMINATION_DATE,ENTERED_NOTIONAL_END_DATE) values (2500282335,to_date('20-09-19','DD-MM-RR'),null,60,'N','N','N','N','N','N',null, null,2500295345,0,0,1,516,41,to_date('04-09-19','DD-MM-RR'),2500040507,to_date('04-09-19','DD-MM-RR'),null,2500040507,null,5,2500343964,('2500007020', '1500001001'),1,0,null,1826,1111,1111,to_date('03-09-24','DD-MM-RR'),5,null,null);
Insert into DOCUMENT (DOCUMENT_ID,OFFENDER_ID,TABLE_NAME,DOCUMENT,PRIMARY_KEY_ID,LAST_SAVED,SOFT_DELETED,ROW_VERSION,STATUS,WORK_IN_PROGRESS,PARTITION_AREA_ID,LAST_UPDATED_USER_ID,TRAINING_SESSION_ID,ORGANISATIONS,TEMPLATE_NAME,DOCUMENT_NAME,LAST_UPD_AUTHOR_PROVIDER_ID,CREATED_PROVIDER_ID,CREATED_BY_USER_ID,CREATED_DATETIME,ALFRESCO_DOCUMENT_ID,PUBLISHED) values (2500144222,2500343964,'EVENT', null,2500295345,to_timestamp('04-09-19 12.18.41.490000000','DD-MM-RR HH24.MI.SSXFF'),0,1,'N',null,0,2500040507,null,('2500007020', '1500001001'),'CURRENTORDERMANAGERPROVIDER','CURRENTORDERMANAGERPROVIDER_04092019_121841_Omic_A_X320741.DOC',1500001001,1500001001,2500040507,to_date('04-09-19','DD-MM-RR'),'95fbd516-e2ab-4193-8727-a5bac9cf6a14',null);
Insert into DOCUMENT (DOCUMENT_ID,OFFENDER_ID,TABLE_NAME,DOCUMENT,PRIMARY_KEY_ID,LAST_SAVED,SOFT_DELETED,ROW_VERSION,STATUS,WORK_IN_PROGRESS,PARTITION_AREA_ID,LAST_UPDATED_USER_ID,TRAINING_SESSION_ID,ORGANISATIONS,TEMPLATE_NAME,DOCUMENT_NAME,LAST_UPD_AUTHOR_PROVIDER_ID,CREATED_PROVIDER_ID,CREATED_BY_USER_ID,CREATED_DATETIME,ALFRESCO_DOCUMENT_ID,PUBLISHED) values (2500144219,2500343964,'EVENT', null,2500295343,to_timestamp('04-09-19 11.52.35.298000000','DD-MM-RR HH24.MI.SSXFF'),1,1,'Y',null,0,2500040507,null,('2500007020', '1500001001'),null,'Event1Document.txt',1500001001,1500001001,2500040507,to_date('04-09-19','DD-MM-RR'),'ec450eca-cf81-420d-8712-873a5df2274b',null);
Insert into DOCUMENT (DOCUMENT_ID,OFFENDER_ID,TABLE_NAME,DOCUMENT,PRIMARY_KEY_ID,LAST_SAVED,SOFT_DELETED,ROW_VERSION,STATUS,WORK_IN_PROGRESS,PARTITION_AREA_ID,LAST_UPDATED_USER_ID,TRAINING_SESSION_ID,ORGANISATIONS,TEMPLATE_NAME,DOCUMENT_NAME,LAST_UPD_AUTHOR_PROVIDER_ID,CREATED_PROVIDER_ID,CREATED_BY_USER_ID,CREATED_DATETIME,ALFRESCO_DOCUMENT_ID,PUBLISHED) values (2500144218,2500343964,'EVENT', null,2500295343,to_timestamp('05-09-19 00.00.00.000000000','DD-MM-RR HH24.MI.SSXFF'),0,3,'N','N',0,2500040507,null,('2500007020', '1500001001'),'Bookmarks','Bookmarks_04092019_115002_Omic_A_X320741.DOC',1500001001,1500001001,2500040507,to_date('04-09-19','DD-MM-RR'),'086bfb96-28a7-4b0a-80d5-7b877dd7bb75','Y');
Insert into DOCUMENT (DOCUMENT_ID,OFFENDER_ID,TABLE_NAME,DOCUMENT,PRIMARY_KEY_ID,LAST_SAVED,SOFT_DELETED,ROW_VERSION,STATUS,WORK_IN_PROGRESS,PARTITION_AREA_ID,LAST_UPDATED_USER_ID,TRAINING_SESSION_ID,ORGANISATIONS,TEMPLATE_NAME,DOCUMENT_NAME,LAST_UPD_AUTHOR_PROVIDER_ID,CREATED_PROVIDER_ID,CREATED_BY_USER_ID,CREATED_DATETIME,ALFRESCO_DOCUMENT_ID,PUBLISHED) values (2500144220,2500343964,'EVENT', null,2500295343,to_timestamp('04-09-19 11.52.57.054000000','DD-MM-RR HH24.MI.SSXFF'),0,1,'Y',null,0,2500040507,null,('2500007020', '1500001001'),null,'Event document 2.txt',1500001001,1500001001,2500040507,to_date('04-09-19','DD-MM-RR'),'5058ca66-3751-4701-855a-86bf518d9392',null);
Insert into DOCUMENT (DOCUMENT_ID,OFFENDER_ID,TABLE_NAME,DOCUMENT,PRIMARY_KEY_ID,LAST_SAVED,SOFT_DELETED,ROW_VERSION,STATUS,WORK_IN_PROGRESS,PARTITION_AREA_ID,LAST_UPDATED_USER_ID,TRAINING_SESSION_ID,ORGANISATIONS,TEMPLATE_NAME,DOCUMENT_NAME,LAST_UPD_AUTHOR_PROVIDER_ID,CREATED_PROVIDER_ID,CREATED_BY_USER_ID,CREATED_DATETIME,ALFRESCO_DOCUMENT_ID,PUBLISHED) values (2500144221,2500343964,'COURT_REPORT', null,2500079873,to_timestamp('04-09-19 12.14.26.113000000','DD-MM-RR HH24.MI.SSXFF'),0,0,'N','N',0,2500077535,null,('2500007020', '1500001001'),null,'shortFormatPreSentenceReport_04092019_121424_OMIC_A_X320741.pdf',2500000001,2500000001,null,to_date('04-09-19','DD-MM-RR'),'1d842fce-ec2d-45dc-ac9a-748d3076ca6b',null);
Insert into DOCUMENT (DOCUMENT_ID,OFFENDER_ID,TABLE_NAME,DOCUMENT,PRIMARY_KEY_ID,LAST_SAVED,SOFT_DELETED,ROW_VERSION,STATUS,WORK_IN_PROGRESS,PARTITION_AREA_ID,LAST_UPDATED_USER_ID,TRAINING_SESSION_ID,ORGANISATIONS,TEMPLATE_NAME,DOCUMENT_NAME,LAST_UPD_AUTHOR_PROVIDER_ID,CREATED_PROVIDER_ID,CREATED_BY_USER_ID,CREATED_DATETIME,ALFRESCO_DOCUMENT_ID,PUBLISHED) values (2500144226,2500343964,'COURT_REPORT', null,2500079874,to_timestamp('04-09-19 12.14.26.113000000','DD-MM-RR HH24.MI.SSXFF'),0,0,'N','N',0,2500077535,null,('2500007020', '1500001001'),null,'someDrugAssessmentDocument.pdf',2500000001,2500000001,null,to_date('04-09-19','DD-MM-RR'),'1d842fce-ec2d-45dc-ac9a-748d30hshh77',null);
Insert into DOCUMENT (DOCUMENT_ID,OFFENDER_ID,TABLE_NAME,DOCUMENT,PRIMARY_KEY_ID,LAST_SAVED,SOFT_DELETED,ROW_VERSION,STATUS,WORK_IN_PROGRESS,PARTITION_AREA_ID,LAST_UPDATED_USER_ID,TRAINING_SESSION_ID,ORGANISATIONS,TEMPLATE_NAME,DOCUMENT_NAME,LAST_UPD_AUTHOR_PROVIDER_ID,CREATED_PROVIDER_ID,CREATED_BY_USER_ID,CREATED_DATETIME,ALFRESCO_DOCUMENT_ID,PUBLISHED) values (2500144223,2500343964,'EVENT', null,2500295345,to_timestamp('04-09-19 12.19.12.896000000','DD-MM-RR HH24.MI.SSXFF'),0,1,'Y',null,0,2500040507,null,('2500007020', '1500001001'),null,'Event document.2.txt.txt',1500001001,1500001001,2500040507,to_date('04-09-19','DD-MM-RR'),'e7d09bf6-b2e2-44eb-82be-2f561b575f1a',null);
Insert into DOCUMENT (DOCUMENT_ID,OFFENDER_ID,TABLE_NAME,DOCUMENT,PRIMARY_KEY_ID,LAST_SAVED,SOFT_DELETED,ROW_VERSION,STATUS,WORK_IN_PROGRESS,PARTITION_AREA_ID,LAST_UPDATED_USER_ID,TRAINING_SESSION_ID,ORGANISATIONS,TEMPLATE_NAME,DOCUMENT_NAME,LAST_UPD_AUTHOR_PROVIDER_ID,CREATED_PROVIDER_ID,CREATED_BY_USER_ID,CREATED_DATETIME,ALFRESCO_DOCUMENT_ID,PUBLISHED) values (2500144224,2500343964,'EVENT', null,2500295345,to_timestamp('04-09-19 12.19.34.156000000','DD-MM-RR HH24.MI.SSXFF'),0,1,'Y',null,0,2500040507,null,('2500007020', '1500001001'),null,'document2.txt.txt',1500001001,1500001001,2500040507,to_date('04-09-19','DD-MM-RR'),'424d3c35-12c5-41cf-8f0a-2e2eea46f45d',null);
Insert into DOCUMENT (DOCUMENT_ID,OFFENDER_ID,TABLE_NAME,DOCUMENT,PRIMARY_KEY_ID,LAST_SAVED,SOFT_DELETED,ROW_VERSION,STATUS,WORK_IN_PROGRESS,PARTITION_AREA_ID,LAST_UPDATED_USER_ID,TRAINING_SESSION_ID,ORGANISATIONS,TEMPLATE_NAME,DOCUMENT_NAME,LAST_UPD_AUTHOR_PROVIDER_ID,CREATED_PROVIDER_ID,CREATED_BY_USER_ID,CREATED_DATETIME,ALFRESCO_DOCUMENT_ID,PUBLISHED) values (2500144225,2500343964,'INSTITUTIONAL_REPORT', null,2500078391,to_timestamp('04-09-19 12.21.17.555000000','DD-MM-RR HH24.MI.SSXFF'),0,0,'N','N',0,2500077535,null,('2500007020', '1500001001'),null,'paroleParom1Report_04092019_122116_OMIC_A_X320741.pdf',2500000001,2500000001,null,to_date('04-09-19','DD-MM-RR'),'e6cf2802-32d5-4a91-a7a9-00064d27bb19',null);
Insert into DOCUMENT (DOCUMENT_ID,OFFENDER_ID,TABLE_NAME,DOCUMENT,PRIMARY_KEY_ID,LAST_SAVED,SOFT_DELETED,ROW_VERSION,STATUS,WORK_IN_PROGRESS,PARTITION_AREA_ID,LAST_UPDATED_USER_ID,TRAINING_SESSION_ID,ORGANISATIONS,TEMPLATE_NAME,DOCUMENT_NAME,LAST_UPD_AUTHOR_PROVIDER_ID,CREATED_PROVIDER_ID,CREATED_BY_USER_ID,CREATED_DATETIME,ALFRESCO_DOCUMENT_ID,PUBLISHED) values (2500144316,2500343964,'OFFENDER', null,2500343964,to_timestamp('10-09-19 15.06.08.219000000','DD-MM-RR HH24.MI.SSXFF'),0,1,'Y',null,0,2500040507,null,('2500007020', '1500001001'),null,'Random offender document 2.pdf',1500001001,1500001001,2500040507,to_date('10-09-19','DD-MM-RR'),'0ec9b16c-b292-4d27-b11a-c0ddde852804',null);
Insert into DOCUMENT (DOCUMENT_ID,OFFENDER_ID,TABLE_NAME,DOCUMENT,PRIMARY_KEY_ID,LAST_SAVED,SOFT_DELETED,ROW_VERSION,STATUS,WORK_IN_PROGRESS,PARTITION_AREA_ID,LAST_UPDATED_USER_ID,TRAINING_SESSION_ID,ORGANISATIONS,TEMPLATE_NAME,DOCUMENT_NAME,LAST_UPD_AUTHOR_PROVIDER_ID,CREATED_PROVIDER_ID,CREATED_BY_USER_ID,CREATED_DATETIME,ALFRESCO_DOCUMENT_ID,PUBLISHED) values (2500144315,2500343964,'OFFENDER', null,2500343964,to_timestamp('10-09-19 15.05.26.947000000','DD-MM-RR HH24.MI.SSXFF'),0,1,'Y',null,0,2500040507,null,('2500007020', '1500001001'),null,'Random offender document1.pdf',1500001001,1500001001,2500040507,to_date('10-09-19','DD-MM-RR'),'aeb43e06-a4a1-460f-9acf-e2495de84604',null);
Insert into DOCUMENT (DOCUMENT_ID,OFFENDER_ID,TABLE_NAME,DOCUMENT,PRIMARY_KEY_ID,LAST_SAVED,SOFT_DELETED,ROW_VERSION,STATUS,WORK_IN_PROGRESS,PARTITION_AREA_ID,LAST_UPDATED_USER_ID,TRAINING_SESSION_ID,ORGANISATIONS,TEMPLATE_NAME,DOCUMENT_NAME,LAST_UPD_AUTHOR_PROVIDER_ID,CREATED_PROVIDER_ID,CREATED_BY_USER_ID,CREATED_DATETIME,ALFRESCO_DOCUMENT_ID,PUBLISHED) values (2500144533,2500343964,'ADDRESSASSESSMENT', null,2500066584,to_timestamp('13-09-19 14.29.56.242000000','DD-MM-RR HH24.MI.SSXFF'),0,1,'N',null,0,2500040507,null,('2500007020', '1500001001'),'lindas CR template','lindas CR template_13092019_142956_Omic_A_X320741.DOC',1500001001,1500001001,2500040507,to_date('13-09-19','DD-MM-RR'),'b2d92238-215c-4d6d-b91c-208ea747087e',null);
Insert into DOCUMENT (DOCUMENT_ID,OFFENDER_ID,TABLE_NAME,DOCUMENT,PRIMARY_KEY_ID,LAST_SAVED,SOFT_DELETED,ROW_VERSION,STATUS,WORK_IN_PROGRESS,PARTITION_AREA_ID,LAST_UPDATED_USER_ID,TRAINING_SESSION_ID,ORGANISATIONS,TEMPLATE_NAME,DOCUMENT_NAME,LAST_UPD_AUTHOR_PROVIDER_ID,CREATED_PROVIDER_ID,CREATED_BY_USER_ID,CREATED_DATETIME,ALFRESCO_DOCUMENT_ID,PUBLISHED) values (2500144535,2500343964,'CASE_ALLOCATION', null,101579,to_timestamp('13-09-19 15.22.05.598000000','DD-MM-RR HH24.MI.SSXFF'),0,1,'N',null,0,2500040507,null,('2500007020', '1500001001'),'lindas CR template','lindas CR template_13092019_152205_Omic_A_X320741.DOC',1500001001,1500001001,2500040507,to_date('13-09-19','DD-MM-RR'),'f4d0fec8-c0bf-4297-9067-a5b410b69157',null);
Insert into DOCUMENT (DOCUMENT_ID,OFFENDER_ID,TABLE_NAME,DOCUMENT,PRIMARY_KEY_ID,LAST_SAVED,SOFT_DELETED,ROW_VERSION,STATUS,WORK_IN_PROGRESS,PARTITION_AREA_ID,LAST_UPDATED_USER_ID,TRAINING_SESSION_ID,ORGANISATIONS,TEMPLATE_NAME,DOCUMENT_NAME,LAST_UPD_AUTHOR_PROVIDER_ID,CREATED_PROVIDER_ID,CREATED_BY_USER_ID,CREATED_DATETIME,ALFRESCO_DOCUMENT_ID,PUBLISHED) values (2500144538,2500343964,'REFERRAL', null,2500080018,to_timestamp('13-09-19 15.41.34.040000000','DD-MM-RR HH24.MI.SSXFF'),0,1,'Y',null,0,2500040507,null,('2500007020', '1500001001'),null,'referral.txt.pdf',1500001001,1500001001,2500040507,to_date('13-09-19','DD-MM-RR'),'b88547cf-7464-4cbc-b5f9-ebe2bafc19d9',null);
Insert into DOCUMENT (DOCUMENT_ID,OFFENDER_ID,TABLE_NAME,DOCUMENT,PRIMARY_KEY_ID,LAST_SAVED,SOFT_DELETED,ROW_VERSION,STATUS,WORK_IN_PROGRESS,PARTITION_AREA_ID,LAST_UPDATED_USER_ID,TRAINING_SESSION_ID,ORGANISATIONS,TEMPLATE_NAME,DOCUMENT_NAME,LAST_UPD_AUTHOR_PROVIDER_ID,CREATED_PROVIDER_ID,CREATED_BY_USER_ID,CREATED_DATETIME,ALFRESCO_DOCUMENT_ID,PUBLISHED) values (2500144624,2500343964,'CONTACT', null,2502721488,to_timestamp('16-09-19 10.09.07.598000000','DD-MM-RR HH24.MI.SSXFF'),0,1,'Y',null,0,2500040507,null,('2500007020', '1500001001'),null,'contactEvent.pdf.pdf',1500001001,1500001001,2500040507,to_date('16-09-19','DD-MM-RR'),'bc1fd68e-9882-4c4e-8aef-7df4452830fc',null);
Insert into DOCUMENT (DOCUMENT_ID,OFFENDER_ID,TABLE_NAME,DOCUMENT,PRIMARY_KEY_ID,LAST_SAVED,SOFT_DELETED,ROW_VERSION,STATUS,WORK_IN_PROGRESS,PARTITION_AREA_ID,LAST_UPDATED_USER_ID,TRAINING_SESSION_ID,ORGANISATIONS,TEMPLATE_NAME,DOCUMENT_NAME,LAST_UPD_AUTHOR_PROVIDER_ID,CREATED_PROVIDER_ID,CREATED_BY_USER_ID,CREATED_DATETIME,ALFRESCO_DOCUMENT_ID,PUBLISHED) values (2500144625,2500343964,'CONTACT', null,999,to_timestamp('16-09-19 10.10.08.606000000','DD-MM-RR HH24.MI.SSXFF'),0,1,'N',null,0,2500040507,null,('2500007020', '1500001001'),'TS2 Trg Template Letter','TS2 Trg Template Letter_16092019_101008_Omic_A_X320741.DOC',1500001001,1500001001,2500040507,to_date('16-09-19','DD-MM-RR'),'c25c9ed5-e78c-4f5f-aca6-4773eb1e3c7c',null);
Insert into DOCUMENT (DOCUMENT_ID,OFFENDER_ID,TABLE_NAME,DOCUMENT,PRIMARY_KEY_ID,LAST_SAVED,SOFT_DELETED,ROW_VERSION,STATUS,WORK_IN_PROGRESS,PARTITION_AREA_ID,LAST_UPDATED_USER_ID,TRAINING_SESSION_ID,ORGANISATIONS,TEMPLATE_NAME,DOCUMENT_NAME,LAST_UPD_AUTHOR_PROVIDER_ID,CREATED_PROVIDER_ID,CREATED_BY_USER_ID,CREATED_DATETIME,ALFRESCO_DOCUMENT_ID,PUBLISHED) values (2500144543,2500343964,'PERSONALCONTACT', null,2500058493,to_timestamp('13-09-19 16.24.28.802000000','DD-MM-RR HH24.MI.SSXFF'),0,1,'N',null,0,2500040507,null,('2500007020', '1500001001'),'TemplateWord972003.dot','TemplateWord972003.dot_13092019_162428_Omic_A_X320741',1500001001,1500001001,2500040507,to_date('13-09-19','DD-MM-RR'),'5152b060-9650-4f22-9974-038a38590d9f',null);
Insert into DOCUMENT (DOCUMENT_ID,OFFENDER_ID,TABLE_NAME,DOCUMENT,PRIMARY_KEY_ID,LAST_SAVED,SOFT_DELETED,ROW_VERSION,STATUS,WORK_IN_PROGRESS,PARTITION_AREA_ID,LAST_UPDATED_USER_ID,TRAINING_SESSION_ID,ORGANISATIONS,TEMPLATE_NAME,DOCUMENT_NAME,LAST_UPD_AUTHOR_PROVIDER_ID,CREATED_PROVIDER_ID,CREATED_BY_USER_ID,CREATED_DATETIME,ALFRESCO_DOCUMENT_ID,PUBLISHED) values (2500144583,2500343964,'NSI', null,2500018596,to_timestamp('16-09-19 08.23.34.842000000','DD-MM-RR HH24.MI.SSXFF'),0,1,'Y',null,0,2500040507,null,('2500007020', '1500001001'),null,'NSI.pdf.pdf',1500001001,1500001001,2500040507,to_date('16-09-19','DD-MM-RR'),'4191eada-6e03-4bd8-b52d-9e050eefa745',null);
Insert into DOCUMENT (DOCUMENT_ID,OFFENDER_ID,TABLE_NAME,DOCUMENT,PRIMARY_KEY_ID,LAST_SAVED,SOFT_DELETED,ROW_VERSION,STATUS,WORK_IN_PROGRESS,PARTITION_AREA_ID,LAST_UPDATED_USER_ID,TRAINING_SESSION_ID,ORGANISATIONS,TEMPLATE_NAME,DOCUMENT_NAME,LAST_UPD_AUTHOR_PROVIDER_ID,CREATED_PROVIDER_ID,CREATED_BY_USER_ID,CREATED_DATETIME,ALFRESCO_DOCUMENT_ID,PUBLISHED) values (2500144417,2500343964,'PERSONAL_CIRCUMSTANCE', null,2500064995,to_timestamp('12-09-19 16.10.18.064000000','DD-MM-RR HH24.MI.SSXFF'),0,1,'Y',null,0,2500040507,null,('2500007020', '1500001001'),null,'Personal circumstances.pdf.pdf',1500001001,1500001001,2500040507,to_date('12-09-19','DD-MM-RR'),'7ceda384-3624-4a62-849d-7c729b6d0dd1',null);
Insert into DOCUMENT (DOCUMENT_ID,OFFENDER_ID,TABLE_NAME,DOCUMENT,PRIMARY_KEY_ID,LAST_SAVED,SOFT_DELETED,ROW_VERSION,STATUS,WORK_IN_PROGRESS,PARTITION_AREA_ID,LAST_UPDATED_USER_ID,TRAINING_SESSION_ID,ORGANISATIONS,TEMPLATE_NAME,DOCUMENT_NAME,LAST_UPD_AUTHOR_PROVIDER_ID,CREATED_PROVIDER_ID,CREATED_BY_USER_ID,CREATED_DATETIME,ALFRESCO_DOCUMENT_ID,PUBLISHED) values (2500144842,2500343964,'EVENT', null,2500295343,to_timestamp('19-09-19 15.45.16.432000000','DD-MM-RR HH24.MI.SSXFF'),0,1,'N',null,0,2500040507,null,('2500007020', '1500001001'),'TS2 Trg Template Letter','TS2 Trg Template Letter_19092019_154516_Bertrand_A_X320741.DOC',1500001001,1500001001,2500040507,to_date('19-09-19','DD-MM-RR'),'44f37749-18b8-46ff-803a-150746f6d1bc',null);
Insert into DOCUMENT (DOCUMENT_ID,OFFENDER_ID,TABLE_NAME,PRIMARY_KEY_ID,LAST_SAVED,SOFT_DELETED,ROW_VERSION,STATUS,WORK_IN_PROGRESS,PARTITION_AREA_ID,LAST_UPDATED_USER_ID,TRAINING_SESSION_ID,ORGANISATIONS,TEMPLATE_NAME,DOCUMENT_NAME,LAST_UPD_AUTHOR_PROVIDER_ID,CREATED_PROVIDER_ID,CREATED_BY_USER_ID,CREATED_DATETIME,ALFRESCO_DOCUMENT_ID,PUBLISHED) values (2500145736,2500343964,'NSI',2500018819,to_timestamp('17-OCT-19 09.50.13.186000000','DD-MON-RR HH24.MI.SSXFF'),0,1,'Y',null,0,2500040507,null,('2500007020', '1500001001'),null,'NSIOffender.pdf',1500001001,1500001001,2500040507,to_date('17-OCT-19','DD-MON-RR'),'2b167448-31a5-45a5-85a5-dcdd4a783f1d',null);
Insert into DOCUMENT (DOCUMENT_ID,OFFENDER_ID,TABLE_NAME,PRIMARY_KEY_ID,LAST_SAVED,SOFT_DELETED,ROW_VERSION,STATUS,WORK_IN_PROGRESS,PARTITION_AREA_ID,LAST_UPDATED_USER_ID,TRAINING_SESSION_ID,ORGANISATIONS,TEMPLATE_NAME,DOCUMENT_NAME,LAST_UPD_AUTHOR_PROVIDER_ID,CREATED_PROVIDER_ID,CREATED_BY_USER_ID,CREATED_DATETIME,ALFRESCO_DOCUMENT_ID,PUBLISHED) values (2500145737,2500343964,'NSI',2500018598,to_timestamp('17-NOV-19 09.50.13.186000000','DD-MON-RR HH24.MI.SSXFF'),0,1,'Y',null,0,2500040507,null,('2500007020', '1500001001'),null,'NSIOffenderChris.pdf',1500001001,1500001001,2500040507,to_date('17-OCT-19','DD-MON-RR'),'2b167448-31a5-45a5-85a5-dcdd4a783f2e',null);
Insert into DYNAMIC_RSR_HISTORY (DYNAMIC_RSR_HISTORY_ID,OFFENDER_ID,DYNAMIC_RSR_SCORE,REASON_FOR_CHANGE_ID,DATE_RECORDED,CREATED_BY_USER_ID,CREATED_DATETIME,LAST_UPDATED_USER_ID,LAST_UPDATED_DATETIME) values (19861,2500343964,1,2500098650,to_date('13-09-19','DD-MM-RR'),2500040507,to_date('13-09-19','DD-MM-RR'),2500040507,to_date('13-09-19','DD-MM-RR'));
Insert into EVENT (EVENT_ID,CONSECUTIVE_TO_EVENT_ID,CONCURRENT_WITH_EVENT_ID,OFFENDER_ID,EVENT_NUMBER,REFERRAL_DATE,NOTES,SOFT_DELETED,PARTITION_AREA_ID,ROW_VERSION,CREATED_BY_USER_ID,CREATED_DATETIME,LAST_UPDATED_USER_ID,LAST_UPDATED_DATETIME,TRAINING_SESSION_ID,ORGANISATIONS,IN_BREACH,ACTIVE_FLAG,BREACH_END,CPS_DATE,CPS_DOCUMENT,CPS_DOCUMENT_NAME,FTC_COUNT,PENDING_TRANSFER,CONVICTION_DATE,FIRST_RELEASE_DATE,PSS_RQMNT_FLAG,CPS_LAST_UPDATED_USER_ID,CPS_LAST_UPDATED_AUTH_PROV_ID,CPS_CREATED_PROVIDER_ID,CPS_CREATED_BY_USER_ID,CPS_CREATED_DATETIME,CPS_ALFRESCO_DOCUMENT_ID,CPS_SOFT_DELETED,COURT_ID) values (2500295343,null,null,2500343964,'1',to_date('01-JUN-17','DD-MON-RR'), null,0,0,4,2500040507,to_date('04-09-19','DD-MM-RR'),2500040507,to_date('04-09-19','DD-MM-RR'),null,('2500007020', '1500001001'),0,0,null,to_date('01-JUN-17','DD-MON-RR'), null,'CPSPack.txt',0,0,to_date('01-JUN-17','DD-MON-RR'),null,0,2500040507,1500001001,1500001001,2500040507,to_date('04-09-19','DD-MM-RR'),'cc8bf04c-2f8c-4e72-a14b-ab6a5702bf59',0,1500004905);
Insert into EVENT (EVENT_ID,CONSECUTIVE_TO_EVENT_ID,CONCURRENT_WITH_EVENT_ID,OFFENDER_ID,EVENT_NUMBER,REFERRAL_DATE,NOTES,SOFT_DELETED,PARTITION_AREA_ID,ROW_VERSION,CREATED_BY_USER_ID,CREATED_DATETIME,LAST_UPDATED_USER_ID,LAST_UPDATED_DATETIME,TRAINING_SESSION_ID,ORGANISATIONS,IN_BREACH,ACTIVE_FLAG,BREACH_END,CPS_DATE,CPS_DOCUMENT,CPS_DOCUMENT_NAME,FTC_COUNT,PENDING_TRANSFER,CONVICTION_DATE,FIRST_RELEASE_DATE,PSS_RQMNT_FLAG,CPS_LAST_UPDATED_USER_ID,CPS_LAST_UPDATED_AUTH_PROV_ID,CPS_CREATED_PROVIDER_ID,CPS_CREATED_BY_USER_ID,CPS_CREATED_DATETIME,CPS_ALFRESCO_DOCUMENT_ID,CPS_SOFT_DELETED,COURT_ID) values (2500295345,null,null,2500343964,'2',to_date('04-09-18','DD-MM-RR'), null,0,0,4,2500040507,to_date('04-09-19','DD-MM-RR'),2500040507,to_date('04-09-19','DD-MM-RR'),null,('2500007020', '1500001001'),0,1,null,to_date('02-09-19','DD-MM-RR'), null,'CPSPack-1.txt',0,0,to_date('03-09-19','DD-MM-RR'),null,0,2500040507,1500001001,1500001001,2500040507,to_date('04-09-19','DD-MM-RR'),'04897043-6b84-45b8-b278-4fffea477ef3',0,1500004905);
Insert into EVENT (EVENT_ID,CONSECUTIVE_TO_EVENT_ID,CONCURRENT_WITH_EVENT_ID,OFFENDER_ID,EVENT_NUMBER,REFERRAL_DATE,NOTES,SOFT_DELETED,PARTITION_AREA_ID,ROW_VERSION,CREATED_BY_USER_ID,CREATED_DATETIME,LAST_UPDATED_USER_ID,LAST_UPDATED_DATETIME,TRAINING_SESSION_ID,ORGANISATIONS,IN_BREACH,ACTIVE_FLAG,BREACH_END,CPS_DATE,CPS_DOCUMENT,CPS_DOCUMENT_NAME,FTC_COUNT,PENDING_TRANSFER,CONVICTION_DATE,FIRST_RELEASE_DATE,PSS_RQMNT_FLAG,CPS_LAST_UPDATED_USER_ID,CPS_LAST_UPDATED_AUTH_PROV_ID,CPS_CREATED_PROVIDER_ID,CPS_CREATED_BY_USER_ID,CPS_CREATED_DATETIME,CPS_ALFRESCO_DOCUMENT_ID,CPS_SOFT_DELETED,COURT_ID) values (2500297061,null,null,2500343964,'3',to_date('16-09-19','DD-MM-RR'), null,0,0,2,2500040507,to_date('17-09-19','DD-MM-RR'),2500040507,to_date('17-09-19','DD-MM-RR'),null,('2500007020', '1500001001'),0,0,null,null, null,null,0,0,to_date('16-09-19','DD-MM-RR'),null,0,null,null,null,null,null,null,0,1500004905);
Insert into EVENT (EVENT_ID,CONSECUTIVE_TO_EVENT_ID,CONCURRENT_WITH_EVENT_ID,OFFENDER_ID,EVENT_NUMBER,REFERRAL_DATE,NOTES,SOFT_DELETED,PARTITION_AREA_ID,ROW_VERSION,CREATED_BY_USER_ID,CREATED_DATETIME,LAST_UPDATED_USER_ID,LAST_UPDATED_DATETIME,TRAINING_SESSION_ID,ORGANISATIONS,IN_BREACH,ACTIVE_FLAG,BREACH_END,CPS_DATE,CPS_DOCUMENT,CPS_DOCUMENT_NAME,FTC_COUNT,PENDING_TRANSFER,CONVICTION_DATE,FIRST_RELEASE_DATE,PSS_RQMNT_FLAG,CPS_LAST_UPDATED_USER_ID,CPS_LAST_UPDATED_AUTH_PROV_ID,CPS_CREATED_PROVIDER_ID,CPS_CREATED_BY_USER_ID,CPS_CREATED_DATETIME,CPS_ALFRESCO_DOCUMENT_ID,CPS_SOFT_DELETED,COURT_ID) values (10001,null,null,2500343964,'1',to_date('01-JUN-17','DD-MON-RR'), null,1,0,4,2500040507,to_date('01-JAN-18','DD-MON-RR'),2500040507,to_date('01-JAN-18','DD-MON-RR'),null,('2500007020', '1500001001'),0,0,null,to_date('01-JAN-18','DD-MON-RR'), null,'CPSPack.txt',0,0,to_date('01-JUN-17','DD-MON-RR'),null,0,null,null,null,null,null,null,0,1500004905);
Insert into EVENT (EVENT_ID,CONSECUTIVE_TO_EVENT_ID,CONCURRENT_WITH_EVENT_ID,OFFENDER_ID,EVENT_NUMBER,REFERRAL_DATE,NOTES,SOFT_DELETED,PARTITION_AREA_ID,ROW_VERSION,CREATED_BY_USER_ID,CREATED_DATETIME,LAST_UPDATED_USER_ID,LAST_UPDATED_DATETIME,TRAINING_SESSION_ID,ORGANISATIONS,IN_BREACH,ACTIVE_FLAG,BREACH_END,CPS_DATE,CPS_DOCUMENT,CPS_DOCUMENT_NAME,FTC_COUNT,PENDING_TRANSFER,CONVICTION_DATE,FIRST_RELEASE_DATE,PSS_RQMNT_FLAG,CPS_LAST_UPDATED_USER_ID,CPS_LAST_UPDATED_AUTH_PROV_ID,CPS_CREATED_PROVIDER_ID,CPS_CREATED_BY_USER_ID,CPS_CREATED_DATETIME,CPS_ALFRESCO_DOCUMENT_ID,CPS_SOFT_DELETED,COURT_ID) values (10002,null,null,2500343964,'1',to_date('01-JUN-17','DD-MON-RR'), null,0,0,4,2500040507,to_date('01-FEB-18','DD-MON-RR'),2500040507,to_date('01-FEB-18','DD-MON-RR'),null,('2500007020', '1500001001'),0,0,null,to_date('01-FEB-18','DD-MON-RR'), null,'CPSPack.txt',0,0,to_date('01-JUN-17','DD-MON-RR'),null,0,null,null,null,null,null,null,0,1500004905);
Insert into EVENT (EVENT_ID,CONSECUTIVE_TO_EVENT_ID,CONCURRENT_WITH_EVENT_ID,OFFENDER_ID,EVENT_NUMBER,REFERRAL_DATE,NOTES,SOFT_DELETED,PARTITION_AREA_ID,ROW_VERSION,CREATED_BY_USER_ID,CREATED_DATETIME,LAST_UPDATED_USER_ID,LAST_UPDATED_DATETIME,TRAINING_SESSION_ID,ORGANISATIONS,IN_BREACH,ACTIVE_FLAG,BREACH_END,CPS_DATE,CPS_DOCUMENT,CPS_DOCUMENT_NAME,FTC_COUNT,PENDING_TRANSFER,CONVICTION_DATE,FIRST_RELEASE_DATE,PSS_RQMNT_FLAG,CPS_LAST_UPDATED_USER_ID,CPS_LAST_UPDATED_AUTH_PROV_ID,CPS_CREATED_PROVIDER_ID,CPS_CREATED_BY_USER_ID,CPS_CREATED_DATETIME,CPS_ALFRESCO_DOCUMENT_ID,CPS_SOFT_DELETED,COURT_ID) values (10003,null,null,2500343964,'1',to_date('01-JUN-17','DD-MON-RR'), null,0,0,4,2500040507,to_date('02-FEB-18','DD-MON-RR'),2500040507,to_date('02-FEB-18','DD-MON-RR'),null,('2500007020', '1500001001'),0,0,null,to_date('02-FEB-18','DD-MON-RR'), null,'CPSPack.txt',0,0,to_date('01-JUN-17','DD-MON-RR'),null,0,null,null,null,null,null,null,0,1500004905);
Insert into INSTITUTIONAL_REPORT (INSTITUTIONAL_REPORT_ID,CUSTODY_ID,DATE_REQUESTED,DATE_REQUIRED,DATE_ALLOCATION,DATE_COMPLETED,VIDEO_LINK,NOTES,SENT_TO_PRISON_DATE,SOFT_DELETED,PARTITION_AREA_ID,ROW_VERSION,INSTITUTION_REPORT_TYPE_ID,CREATED_DATETIME,LAST_UPDATED_DATETIME,INSTITUTION_ID,CREATED_BY_USER_ID,ESTABLISHMENT,LAST_UPDATED_USER_ID,TRAINING_SESSION_ID,OFFENDER_ID,ORGANISATIONS,DATE_ABANDONED,DATE_SENT,PENDING_TRANSFER) values (2500078391,2500151999,to_date('05-09-19','DD-MM-RR'),to_date('05-09-19','DD-MM-RR'),null,null,'N', null,null,0,0,1,492,to_date('04-09-19','DD-MM-RR'),to_date('04-09-19','DD-MM-RR'),2500004521,2500040507,'Y',2500040507,null,2500343964,('2500007020', '1500001001'),null,null,0);
Insert into KEY_DATE (CUSTODY_ID,KEY_DATE_TYPE_ID,KEY_DATE,PARTITION_AREA_ID,SOFT_DELETED,ROW_VERSION,TRAINING_SESSION_ID,CREATED_BY_USER_ID,LAST_UPDATED_USER_ID,CREATED_DATETIME,LAST_UPDATED_DATETIME,KEY_DATE_ID) values (2500151999,1082,to_date('12-MAR-20','DD-MON-RR'),0,0,0,null,2500040507,2500040507,to_date('10-OCT-19','DD-MON-RR'),to_date('10-OCT-19','DD-MON-RR'),82886);
Insert into MAIN_OFFENCE (MAIN_OFFENCE_ID,OFFENCE_DATE,OFFENCE_COUNT,EVENT_ID,TICS,VERDICT,SOFT_DELETED,PARTITION_AREA_ID,ROW_VERSION,OFFENCE_ID,TRAINING_SESSION_ID,OFFENDER_ID,ORGANISATIONS,CREATED_BY_USER_ID,CREATED_DATETIME,LAST_UPDATED_USER_ID,LAST_UPDATED_DATETIME) values (2500295341,to_date('01-MAY-17','DD-MON-RR'),1,2500295343,null,null,0,0,2,433,null,2500343964,('2500007020', '1500001001'),2500040507,to_date('04-09-19','DD-MM-RR'),2500040507,to_date('04-09-19','DD-MM-RR'));
Insert into MAIN_OFFENCE (MAIN_OFFENCE_ID,OFFENCE_DATE,OFFENCE_COUNT,EVENT_ID,TICS,VERDICT,SOFT_DELETED,PARTITION_AREA_ID,ROW_VERSION,OFFENCE_ID,TRAINING_SESSION_ID,OFFENDER_ID,ORGANISATIONS,CREATED_BY_USER_ID,CREATED_DATETIME,LAST_UPDATED_USER_ID,LAST_UPDATED_DATETIME) values (2500295343,to_date('04-AUG-18','DD-MON-RR'),1,2500295345,null,null,0,0,1,4,null,2500343964,('2500007020', '1500001001'),2500040507,to_date('04-09-19','DD-MM-RR'),2500040507,to_date('04-09-19','DD-MM-RR'));
Insert into MAIN_OFFENCE (MAIN_OFFENCE_ID,OFFENCE_DATE,OFFENCE_COUNT,EVENT_ID,TICS,VERDICT,SOFT_DELETED,PARTITION_AREA_ID,ROW_VERSION,OFFENCE_ID,TRAINING_SESSION_ID,OFFENDER_ID,ORGANISATIONS,CREATED_BY_USER_ID,CREATED_DATETIME,LAST_UPDATED_USER_ID,LAST_UPDATED_DATETIME) values (2500297061,to_date('09-09-19','DD-MM-RR'),1,2500297061,null,null,0,0,1,1080,null,2500343964,('2500007020', '1500001001'),2500040507,to_date('17-09-19','DD-MM-RR'),2500040507,to_date('17-09-19','DD-MM-RR'));
Insert into MANAGEMENT_TIER (OFFENDER_ID,TIER_ID,DATE_CHANGED,PARTITION_AREA_ID,SOFT_DELETED,ROW_VERSION,TIER_CHANGE_REASON_ID,TRAINING_SESSION_ID,CREATED_BY_USER_ID,LAST_UPDATED_USER_ID,IOM_NOMINAL,SAFEGUARDING_ISSUE,VULNERABILITY_ISSUE) values (2500343964,2500031092,to_date('04-09-19','DD-MM-RR'),0,0,1,1096,null,2500040507,2500040507,'N','N','N');

INSERT INTO R_NSI_TYPE
(NSI_TYPE_ID, CODE, DESCRIPTION, OFFENDER_LEVEL, EVENT_LEVEL, ALLOW_ACTIVE_DUPLICATES, ALLOW_INACTIVE_DUPLICATES, MINIMUM_LENGTH, MAXIMUM_LENGTH, UNITS_ID, ENFORCEMENT_TYPE, SELECTABLE, CREATED_BY_USER_ID, CREATED_DATETIME, LAST_UPDATED_USER_ID, LAST_UPDATED_DATETIME, ROW_VERSION, TRAINING_SESSION_ID, TERM_COUNT, RATE_CARD_FLAG, CRC_WORK_REQUESTS_DIARY_FLAG, NSI_PURPOSE_ID, NSI_TRANSFER_TYPE_ID, ADDITIONAL_IDENTIFIER_TYPE1_ID, ADDITIONAL_IDENTIFIER_TYPE2_ID)
VALUES(2500029829, 'CRS01', 'Accommodation', 0, 1, 1, 1, NULL, NULL, NULL, 0, 'Y', 1, TIMESTAMP '2021-03-05 14:25:17.000000', 1, TIMESTAMP '2021-03-05 14:25:17.000000', 0, NULL, NULL, 'Y', 'N', 2500049042, NULL, NULL, NULL);

INSERT INTO R_CONTACT_TYPE (CONTACT_TYPE_ID,CODE,DESCRIPTION,SHORT_DESCRIPTION,SELECTABLE,NATIONAL_STANDARDS_CONTACT,ATTENDANCE_CONTACT,
RECORDED_HOURS_CREDITED,SENSITIVE_CONTACT,OFFENDER_LEVEL_CONTACT,ROW_VERSION,CREATED_DATETIME,APPEARS_IN_LIST_OF_CONTACTS,SMS_MESSAGE_TEXT,
OFFENDER_EVENT_0,LEGACY_ORDERS,LAST_UPDATED_DATETIME,CJA_ORDERS,DPA_EXCLUDE,TRAINING_SESSION_ID,CONTACT_OUTCOME_FLAG,CONTACT_LOCATION_FLAG,
CREATED_BY_USER_ID,CONTACT_ALERT_FLAG,LAST_UPDATED_USER_ID,FUTURE_SCHEDULED_CONTACTS_FLAG,CONTACT_TYPE_ICON_ID,EDITABLE,DEFAULT_HEADINGS,
PSS_RQMNT,RAR_ACTIVITY,SPG_OVERRIDE,NOMIS_CONTACT_TYPE,SPG_INTEREST,SGC_FLAG)
VALUES (2510038042,'CRSNOTE','CRS Notification Contact Type',null,'Y','N','N',
'N','N','N',1,to_date('16-OCT-19','DD-MON-RR'),'N','N',
'Y','Y',to_date('16-OCT-19','DD-MON-RR'),'Y',null,null,'Y','Y',
2500003526,'N',2500003526,'N',null,'Y',null,
null,'N',0,null,0,1);
INSERT INTO R_CONTACT_TYPE (CONTACT_TYPE_ID,CODE,DESCRIPTION,SHORT_DESCRIPTION,SELECTABLE,NATIONAL_STANDARDS_CONTACT,ATTENDANCE_CONTACT,
RECORDED_HOURS_CREDITED,SENSITIVE_CONTACT,OFFENDER_LEVEL_CONTACT,ROW_VERSION,CREATED_DATETIME,APPEARS_IN_LIST_OF_CONTACTS,SMS_MESSAGE_TEXT,
OFFENDER_EVENT_0,LEGACY_ORDERS,LAST_UPDATED_DATETIME,CJA_ORDERS,DPA_EXCLUDE,TRAINING_SESSION_ID,CONTACT_OUTCOME_FLAG,CONTACT_LOCATION_FLAG,
CREATED_BY_USER_ID,CONTACT_ALERT_FLAG,LAST_UPDATED_USER_ID,FUTURE_SCHEDULED_CONTACTS_FLAG,CONTACT_TYPE_ICON_ID,EDITABLE,DEFAULT_HEADINGS,
PSS_RQMNT,RAR_ACTIVITY,SPG_OVERRIDE,NOMIS_CONTACT_TYPE,SPG_INTEREST,SGC_FLAG)
VALUES (2520038042,'CRSSAA','CRS Non RAR Appointment Type',null,'Y','N','Y',
'N','N','N',1,to_date('16-OCT-19','DD-MON-RR'),'N','N',
'Y','Y',to_date('16-OCT-19','DD-MON-RR'),'Y',null,null,'Y','Y',
2500003526,'N',2500003526,'N',null,'Y',null,
null,'N',0,null,0,1);

INSERT INTO PROBATION_AREA (PROBATION_AREA_ID, CODE, DESCRIPTION, SELECTABLE, ROW_VERSION, FORM_20_CODE, MIGRATED_DATE, HO_AREA_CODE, CREATED_BY_USER_ID, CREATED_DATETIME, LAST_UPDATED_USER_ID, LAST_UPDATED_DATETIME, TRAINING_SESSION_ID, TRUST_CODE, TRUST_DIVISION_ID, TRUST_CPA_ID, PRIVATE, DIVISION_ID, ORGANISATION_ID, CONTACT_NAME, ADDRESS_ID, START_DATE, END_DATE, SPG_ACTIVE_ID, INSTITUTION_ID, ESTABLISHMENT, BROADCAST_REF_DATA, BROADCAST_OFFENDER_DATA, DEFAULT_TRANSFER_TEAM_ID, ALLOCATE_DOCUMENT_LIST, QUEUE_SPG_TRANSFER_REQUEST, TRANSITION_TRANSFER_MESSAGES, DEFAULT_COURT_TEAM_ID, DEFAULT_POSTCODE_TEAM_ID)
VALUES (2500020001, 'CRS', 'CRS', 'Y', 22, '02', TO_DATE('2014-05-29 21:25:18', 'YYYY-MM-DD HH24:MI:SS'), null, 1500503033, TO_DATE('2014-05-29 21:25:18', 'YYYY-MM-DD HH24:MI:SS'), 1, TO_DATE('2019-05-10 23:24:19', 'YYYY-MM-DD HH24:MI:SS'), null, null, 1500001001, null, 0, null, 0, null, 1500809765, TO_DATE('2014-05-29 00:00:00', 'YYYY-MM-DD HH24:MI:SS'), null, 2500010759, null, null, null, null, 2500023746, 0, 1, 1, null, null);
INSERT INTO TEAM (TEAM_ID, CODE, DESCRIPTION, DISTRICT_ID, LOCAL_DELIVERY_UNIT_ID, TELEPHONE, UNPAID_WORK_TEAM, ROW_VERSION, FAX_NUMBER, CONTACT_NAME, START_DATE, END_DATE, CREATED_DATETIME, CREATED_BY_USER_ID, LAST_UPDATED_DATETIME, LAST_UPDATED_USER_ID, TRAINING_SESSION_ID, PROBATION_AREA_ID, PRIVATE, SC_PROVIDER_ID, DESIGNATED_TRANSFER_TEAM)
VALUES (2500046007, 'CRSUAT', 'Unallocated', 1500047168, 1500028002, null, 'Y', 7, null, null, TO_DATE('2014-05-29 00:00:00', 'YYYY-MM-DD HH24:MI:SS'), null, TO_DATE('2014-05-29 00:00:00', 'YYYY-MM-DD HH24:MI:SS'), 2500000000, TO_DATE('2019-05-10 23:24:38', 'YYYY-MM-DD HH24:MI:SS'), 1, null, 2500020001, 0, null, 0);
INSERT INTO STAFF (STAFF_ID, START_DATE, SURNAME, END_DATE, FORENAME, ROW_VERSION, FORENAME2, STAFF_GRADE_ID, TITLE_ID, OFFICER_CODE, CREATED_BY_USER_ID, LAST_UPDATED_USER_ID, CREATED_DATETIME, LAST_UPDATED_DATETIME, TRAINING_SESSION_ID, PRIVATE, SC_PROVIDER_ID, PROBATION_AREA_ID)
VALUES (2500060509, TO_DATE('2014-05-29 00:00:00', 'YYYY-MM-DD HH24:MI:SS'), 'Staff', null, 'Unallocated', 11, null, null, null, 'CRSUATU', 2500000000, 1, TO_DATE('2014-05-29 00:00:00', 'YYYY-MM-DD HH24:MI:SS'), TO_DATE('2019-05-10 23:24:36', 'YYYY-MM-DD HH24:MI:SS'), null, 0, null, 2500020001);
Insert into NSI (NSI_ID,OFFENDER_ID,EVENT_ID,NSI_TYPE_ID,NSI_SUB_TYPE_ID,LENGTH,REFERRAL_DATE,EXPECTED_START_DATE,ACTUAL_START_DATE,EXPECTED_END_DATE,ACTUAL_END_DATE,NSI_STATUS_ID,NSI_STATUS_DATE,NSI_NEXT_STATUS_DATE,NOTES,NSI_OUTCOME_ID,SOFT_DELETED,CREATED_BY_USER_ID,CREATED_DATETIME,LAST_UPDATED_USER_ID,LAST_UPDATED_DATETIME,ACTIVE_FLAG,ROW_VERSION,ORGANISATIONS,PENDING_TRANSFER,TRAINING_SESSION_ID,ATTENDANCE_COUNT,RQMNT_ID,RAR_COUNT,DOCUMENT_LINKED,INTENDED_PROVIDER_ID,ADDITIONAL_IDENTIFIER1_ID,ADDITIONAL_IDENTIFIER2_ID)
values (2500018596,2500343964,2500295345,2500029829,2500107394,20,to_date('02-09-19','DD-MM-RR'),null,null,null,null,2500000311,to_date('16-09-19','DD-MM-RR'),null, null,null,0,2500040507,to_date('16-09-19','DD-MM-RR'),2500040507,to_date('16-09-19','DD-MM-RR'),1,2,('2500007020', '1500001001'),0,null,null,null,null,'Y',2500020001,null,null);
Insert into CONTACT (CONTACT_ID,LINKED_CONTACT_ID,CONTACT_DATE,OFFENDER_ID,CONTACT_START_TIME,CONTACT_END_TIME,RQMNT_ID,LIC_CONDITION_ID,PROVIDER_LOCATION_ID,PROVIDER_EMPLOYEE_ID,HOURS_CREDITED,NOTES,VISOR_CONTACT,STAFF_ID,TEAM_ID,SOFT_DELETED,VISOR_EXPORTED,PARTITION_AREA_ID,OFFICE_LOCATION_ID,ROW_VERSION,ALERT_ACTIVE,ATTENDED,CREATED_DATETIME,COMPLIED,SENSITIVE,LAST_UPDATED_DATETIME,EVENT_ID,CONTACT_TYPE_ID,PROVIDER_TEAM_ID,CONTACT_OUTCOME_TYPE_ID,CREATED_BY_USER_ID,EXPLANATION_ID,LAST_UPDATED_USER_ID,TRAINING_SESSION_ID,TRUST_PROVIDER_FLAG,STAFF_EMPLOYEE_ID,PROBATION_AREA_ID,TRUST_PROVIDER_TEAM_ID,ENFORCEMENT,DOCUMENT_LINKED,UPLOAD_LINKED,LATEST_ENFORCEMENT_ACTION_ID,NSI_ID,TABLE_NAME,PRIMARY_KEY_ID,PSS_RQMNT_ID,RAR_ACTIVITY,NOMIS_CASE_NOTE_ID,LINKED_DOCUMENT_CONTACT_ID)
values (2512709905,null,to_date('01-DEC-21','DD-MON-RR'),2500343964,null,null,null,null,null,null,null,'Some notes','N',1500543278,1500119949,0,'N',0,null,1,null,null,to_date('04-09-19','DD-MM-RR'),null,null,to_date('04-09-19','DD-MM-RR'),2500295345,418,null,null,2500040507,null,2500040507,null,0,1500543278,1500001001,1500119949,null,null,null,null,2500018596,null,null,null,null,null,null);

-- soft deleted
Insert into NSI (NSI_ID,OFFENDER_ID,EVENT_ID,NSI_TYPE_ID,NSI_SUB_TYPE_ID,LENGTH,REFERRAL_DATE,EXPECTED_START_DATE,ACTUAL_START_DATE,EXPECTED_END_DATE,ACTUAL_END_DATE,NSI_STATUS_ID,NSI_STATUS_DATE,NSI_NEXT_STATUS_DATE,NOTES,NSI_OUTCOME_ID,SOFT_DELETED,CREATED_BY_USER_ID,CREATED_DATETIME,LAST_UPDATED_USER_ID,LAST_UPDATED_DATETIME,ACTIVE_FLAG,ROW_VERSION,ORGANISATIONS,PENDING_TRANSFER,TRAINING_SESSION_ID,ATTENDANCE_COUNT,RQMNT_ID,RAR_COUNT,DOCUMENT_LINKED,INTENDED_PROVIDER_ID,ADDITIONAL_IDENTIFIER1_ID,ADDITIONAL_IDENTIFIER2_ID) values (2500018555,2500343964,2500295345,2500017172,2500107394,20,to_date('02-09-19','DD-MM-RR'),null,null,null,null,2500000371,to_date('16-09-19','DD-MM-RR'),null, null,null,1,2500040507,to_date('16-09-19','DD-MM-RR'),2500040507,to_date('16-09-19','DD-MM-RR'),1,2,('2500007020', '1500001001'),0,null,null,null,null,'Y',2500002126,null,null);
Insert into NSI (NSI_ID,OFFENDER_ID,EVENT_ID,NSI_TYPE_ID,NSI_SUB_TYPE_ID,LENGTH,REFERRAL_DATE,EXPECTED_START_DATE,ACTUAL_START_DATE,EXPECTED_END_DATE,ACTUAL_END_DATE,NSI_STATUS_ID,NSI_STATUS_DATE,NSI_NEXT_STATUS_DATE,NSI_OUTCOME_ID,SOFT_DELETED,CREATED_BY_USER_ID,CREATED_DATETIME,LAST_UPDATED_USER_ID,LAST_UPDATED_DATETIME,ACTIVE_FLAG,ROW_VERSION,ORGANISATIONS,PENDING_TRANSFER,TRAINING_SESSION_ID,ATTENDANCE_COUNT,RQMNT_ID,RAR_COUNT,DOCUMENT_LINKED,INTENDED_PROVIDER_ID,ADDITIONAL_IDENTIFIER1_ID,ADDITIONAL_IDENTIFIER2_ID) values (2500018819,2500343964,null,81,1500037510,null,to_date('16-OCT-19','DD-MON-RR'),null,null,null,null,2500000330,to_date('17-OCT-19','DD-MON-RR'),null,null,0,2500040507,to_date('17-OCT-19','DD-MON-RR'),2500040507,to_date('17-OCT-19','DD-MON-RR'),1,2,('2500007020', '1500001001'),0,null,null,null,null,'Y',null,null,null);
Insert into NSI_MANAGER (NSI_MANAGER_ID,NSI_ID,START_DATE,END_DATE,PROBATION_AREA_ID,TEAM_ID,STAFF_ID,NSI_TRANSFER_ID,SOFT_DELETED,PARTITION_AREA_ID,ROW_VERSION,CREATED_BY_USER_ID,CREATED_DATETIME,LAST_UPDATED_USER_ID,LAST_UPDATED_DATETIME,ACTIVE_FLAG,TRANSFER_REASON_ID,TRAINING_SESSION_ID,ALLOCATION_REASON_ID) values (2500022677,2500018596,to_date('02-09-19','DD-MM-RR'),null,2500020001,2500046007,2500060509,null,0,0,1,2500040507,to_date('16-09-19','DD-MM-RR'),2500040507,to_date('16-09-19','DD-MM-RR'),1,1500000000,null,2500001003);
Insert into NSI_MANAGER (NSI_MANAGER_ID,NSI_ID,START_DATE,END_DATE,PROBATION_AREA_ID,TEAM_ID,STAFF_ID,NSI_TRANSFER_ID,SOFT_DELETED,PARTITION_AREA_ID,ROW_VERSION,CREATED_BY_USER_ID,CREATED_DATETIME,LAST_UPDATED_USER_ID,LAST_UPDATED_DATETIME,ACTIVE_FLAG,TRANSFER_REASON_ID,TRAINING_SESSION_ID,ALLOCATION_REASON_ID) values (2500023030,2500018819,to_date('16-OCT-19','DD-MON-RR'),null,1500001001,2500002001,2500001501,null,0,0,1,2500040507,to_date('17-OCT-19','DD-MON-RR'),2500040507,to_date('17-OCT-19','DD-MON-RR'),1,1500000000,null,2500001003);
Insert into OFFENDER_ADDRESS (OFFENDER_ADDRESS_ID,START_DATE,END_DATE,PARTITION_AREA_ID,SOFT_DELETED,ROW_VERSION,ADDRESS_STATUS_ID,NO_FIXED_ABODE,OFFENDER_ID,NOTES,ADDRESS_NUMBER,STREET_NAME,DISTRICT,TOWN_CITY,CREATED_DATETIME,COUNTY,LAST_UPDATED_DATETIME,BUILDING_NAME,POSTCODE,CREATED_BY_USER_ID,TELEPHONE_NUMBER,LAST_UPDATED_USER_ID,TRAINING_SESSION_ID,ORGANISATIONS,AWAITING_ASSESSMENT) values (2500065226,to_date('13-09-19','DD-MM-RR'),null,0,0,1,521,'N',2500343964, null,'19','Junction Road',null,'Sheffield',to_date('13-09-19','DD-MM-RR'),null,to_date('13-09-19','DD-MM-RR'),null,'S10 2NA',2500040507,null,2500040507,null,('2500007020', '1500001001'),1);
Insert into OFFENDER_MANAGER (OFFENDER_MANAGER_ID,ALLOCATION_DATE,END_DATE,TEAM_ID,ALLOCATION_STAFF_ID,PARTITION_AREA_ID,OFFENDER_ID,SOFT_DELETED,ROW_VERSION,ALLOCATION_REASON_ID,PROVIDER_EMPLOYEE_ID,OFFENDER_TRANSFER_ID,PROVIDER_TEAM_ID,TRAINING_SESSION_ID,TRUST_PROVIDER_FLAG,STAFF_EMPLOYEE_ID,PROBATION_AREA_ID,TRUST_PROVIDER_TEAM_ID,ACTIVE_FLAG,CREATED_BY_USER_ID,CREATED_DATETIME,LAST_UPDATED_USER_ID,LAST_UPDATED_DATETIME) values (2502409499,to_date('27-09-19','DD-MM-RR'),to_date('30-09-19','DD-MM-RR'),2500002001,2500001501,0,2500343964,0,3,2500032086,null,null,null,null,0,2500001501,1500001001,2500002001,0,2500040507,to_date('27-09-19','DD-MM-RR'),2500040507,to_date('30-09-19','DD-MM-RR'));
Insert into OFFENDER_MANAGER (OFFENDER_MANAGER_ID,ALLOCATION_DATE,END_DATE,TEAM_ID,ALLOCATION_STAFF_ID,PARTITION_AREA_ID,OFFENDER_ID,SOFT_DELETED,ROW_VERSION,ALLOCATION_REASON_ID,PROVIDER_EMPLOYEE_ID,OFFENDER_TRANSFER_ID,PROVIDER_TEAM_ID,TRAINING_SESSION_ID,TRUST_PROVIDER_FLAG,STAFF_EMPLOYEE_ID,PROBATION_AREA_ID,TRUST_PROVIDER_TEAM_ID,ACTIVE_FLAG,CREATED_BY_USER_ID,CREATED_DATETIME,LAST_UPDATED_USER_ID,LAST_UPDATED_DATETIME) values (2502409867,to_date('30-09-19','DD-MM-RR'),to_date('30-09-19','DD-MM-RR'),2500041269,2500057096,0,2500343964,0,3,2500048552,null,null,null,null,0,2500057096,1500001001,2500041269,0,2500040507,to_date('30-09-19','DD-MM-RR'),2500040507,to_date('30-09-19','DD-MM-RR'));
Insert into OFFENDER_MANAGER (OFFENDER_MANAGER_ID,ALLOCATION_DATE,END_DATE,TEAM_ID,ALLOCATION_STAFF_ID,PARTITION_AREA_ID,OFFENDER_ID,SOFT_DELETED,ROW_VERSION,ALLOCATION_REASON_ID,PROVIDER_EMPLOYEE_ID,OFFENDER_TRANSFER_ID,PROVIDER_TEAM_ID,TRAINING_SESSION_ID,TRUST_PROVIDER_FLAG,STAFF_EMPLOYEE_ID,PROBATION_AREA_ID,TRUST_PROVIDER_TEAM_ID,ACTIVE_FLAG,CREATED_BY_USER_ID,CREATED_DATETIME,LAST_UPDATED_USER_ID,LAST_UPDATED_DATETIME) values (2502409870,to_date('30-09-19','DD-MM-RR'),null,2500041269,2500057096,0,2500343964,0,1,2500048552,null,null,null,null,0,2500057096,1500001001,2500041269,1,2500040507,to_date('30-09-19','DD-MM-RR'),2500040507,to_date('30-09-19','DD-MM-RR'));
Insert into OFFENDER_MANAGER (OFFENDER_MANAGER_ID,ALLOCATION_DATE,END_DATE,TEAM_ID,ALLOCATION_STAFF_ID,PARTITION_AREA_ID,OFFENDER_ID,SOFT_DELETED,ROW_VERSION,ALLOCATION_REASON_ID,PROVIDER_EMPLOYEE_ID,OFFENDER_TRANSFER_ID,PROVIDER_TEAM_ID,TRAINING_SESSION_ID,TRUST_PROVIDER_FLAG,STAFF_EMPLOYEE_ID,PROBATION_AREA_ID,TRUST_PROVIDER_TEAM_ID,ACTIVE_FLAG,CREATED_BY_USER_ID,CREATED_DATETIME,LAST_UPDATED_USER_ID,LAST_UPDATED_DATETIME) values (2502401681,to_date('01-JAN-00','DD-MON-RR'),to_date('27-09-19','DD-MM-RR'),1500119949,1500543278,0,2500343964,0,3,1000,null,null,null,null,0,1500543278,1500001001,1500119949,0,2500040507,to_date('04-09-19','DD-MM-RR'),2500040507,to_date('27-09-19','DD-MM-RR'));
Insert into OFFENDER_PRISONER (OFFENDER_ID,PRISONER_NUMBER,ROW_VERSION,TRAINING_SESSION_ID,PARTITION_AREA_ID) values (2500343964,'V74111',1,null,0);
Insert into OGRS_ASSESSMENT (OGRS_ASSESSMENT_ID,ASSESSMENT_DATE,EVENT_ID,OGRS2_SCORE,SOFT_DELETED,OGRS3_SCORE_1,PARTITION_AREA_ID,OGRS3_SCORE_2,ROW_VERSION,TRAINING_SESSION_ID,CREATED_BY_USER_ID,CREATED_DATETIME,LAST_UPDATED_USER_ID,LAST_UPDATED_DATETIME) values (2500119029,to_date('11-OCT-19','DD-MON-RR'),2500295345,null,0,24,0,39,1,null,2500040507,to_date('11-OCT-19','DD-MON-RR'),2500040507,to_date('11-OCT-19','DD-MON-RR'));
Insert into ORDER_MANAGER (ORDER_MANAGER_ID,ALLOCATION_DATE,ALLOCATION_TEAM_ID,ALLOCATION_STAFF_ID,SOFT_DELETED,END_DATE,PARTITION_AREA_ID,ROW_VERSION,EVENT_ID,ALLOCATION_REASON_ID,PROVIDER_EMPLOYEE_ID,CREATED_DATETIME,CREATED_BY_USER_ID,LAST_UPDATED_DATETIME,PROVIDER_TEAM_ID,LAST_UPDATED_USER_ID,TRANSFER_REASON_ID,TRAINING_SESSION_ID,TRUST_PROVIDER_FLAG,STAFF_EMPLOYEE_ID,TRUST_PROVIDER_TEAM_ID,PROBATION_AREA_ID,ACTIVE_FLAG,ORDER_TRANSFER_ID) values (2500346569,to_date('01-JUN-17','DD-MON-RR'),1500119949,1500543278,0,null,0,1,2500295343,2500087149,null,to_date('04-09-19','DD-MM-RR'),2500040507,to_date('04-09-19','DD-MM-RR'),null,2500040507,1,null,0,1500543278,1500119949,1500001001,1,null);
Insert into ORDER_MANAGER (ORDER_MANAGER_ID,ALLOCATION_DATE,ALLOCATION_TEAM_ID,ALLOCATION_STAFF_ID,SOFT_DELETED,END_DATE,PARTITION_AREA_ID,ROW_VERSION,EVENT_ID,ALLOCATION_REASON_ID,PROVIDER_EMPLOYEE_ID,CREATED_DATETIME,CREATED_BY_USER_ID,LAST_UPDATED_DATETIME,PROVIDER_TEAM_ID,LAST_UPDATED_USER_ID,TRANSFER_REASON_ID,TRAINING_SESSION_ID,TRUST_PROVIDER_FLAG,STAFF_EMPLOYEE_ID,TRUST_PROVIDER_TEAM_ID,PROBATION_AREA_ID,ACTIVE_FLAG,ORDER_TRANSFER_ID) values (2500346571,to_date('04-09-18','DD-MM-RR'),1500119949,1500543278,0,to_date('04-09-19','DD-MM-RR'),0,3,2500295345,1007,null,to_date('04-09-19','DD-MM-RR'),2500040507,to_date('04-09-19','DD-MM-RR'),null,2500040507,1,null,0,1500543278,1500119949,1500001001,0,null);
Insert into ORDER_MANAGER (ORDER_MANAGER_ID,ALLOCATION_DATE,ALLOCATION_TEAM_ID,ALLOCATION_STAFF_ID,SOFT_DELETED,END_DATE,PARTITION_AREA_ID,ROW_VERSION,EVENT_ID,ALLOCATION_REASON_ID,PROVIDER_EMPLOYEE_ID,CREATED_DATETIME,CREATED_BY_USER_ID,LAST_UPDATED_DATETIME,PROVIDER_TEAM_ID,LAST_UPDATED_USER_ID,TRANSFER_REASON_ID,TRAINING_SESSION_ID,TRUST_PROVIDER_FLAG,STAFF_EMPLOYEE_ID,TRUST_PROVIDER_TEAM_ID,PROBATION_AREA_ID,ACTIVE_FLAG,ORDER_TRANSFER_ID) values (2500346572,to_date('04-09-19','DD-MM-RR'),2500002001,2500001501,0,null,0,1,2500295345,2500087149,null,to_date('04-09-19','DD-MM-RR'),2500040507,to_date('04-09-19','DD-MM-RR'),null,2500040507,1,null,0,2500001501,2500002001,1500001001,1,null);
Insert into ORDER_MANAGER (ORDER_MANAGER_ID,ALLOCATION_DATE,ALLOCATION_TEAM_ID,ALLOCATION_STAFF_ID,SOFT_DELETED,END_DATE,PARTITION_AREA_ID,ROW_VERSION,EVENT_ID,ALLOCATION_REASON_ID,PROVIDER_EMPLOYEE_ID,CREATED_DATETIME,CREATED_BY_USER_ID,LAST_UPDATED_DATETIME,PROVIDER_TEAM_ID,LAST_UPDATED_USER_ID,TRANSFER_REASON_ID,TRAINING_SESSION_ID,TRUST_PROVIDER_FLAG,STAFF_EMPLOYEE_ID,TRUST_PROVIDER_TEAM_ID,PROBATION_AREA_ID,ACTIVE_FLAG,ORDER_TRANSFER_ID) values (2500348506,to_date('16-09-19','DD-MM-RR'),1500119949,1500543278,0,null,0,1,2500297061,2500087149,null,to_date('17-09-19','DD-MM-RR'),2500040507,to_date('17-09-19','DD-MM-RR'),null,2500040507,1,null,0,1500543278,1500119949,1500001001,1,null);
Insert into ORGANISATION_OFFENDER (OFFENDER_ID,PROBATION_AREA_ID,PARTITION_AREA_ID,ROW_VERSION,TRAINING_SESSION_ID,EXTERNAL_PROVIDER_ID) values (2500343964,2500007020,0,0,null,null);
Insert into ORGANISATION_OFFENDER (OFFENDER_ID,PROBATION_AREA_ID,PARTITION_AREA_ID,ROW_VERSION,TRAINING_SESSION_ID,EXTERNAL_PROVIDER_ID) values (2500343964,1500001001,0,0,null,null);
Insert into PERSONAL_CIRCUMSTANCE (PERSONAL_CIRCUMSTANCE_ID,OFFENDER_ID,START_DATE,END_DATE,SOFT_DELETED,ROW_VERSION,PARTITION_AREA_ID,CREATED_BY_USER_ID,LAST_UPDATED_USER_ID,TRAINING_SESSION_ID,CREATED_DATETIME,LAST_UPDATED_DATETIME,CIRCUMSTANCE_TYPE_ID,CIRCUMSTANCE_SUB_TYPE_ID,NOTES,EVIDENCED,QUALIFICATION_1_ID,QUALIFICATION_2_ID,QUALIFICATION_3_ID,OFFENDER_ADDRESS_ID,PROBATION_AREA_ID) values (2500064995,2500343964,to_date('11-09-19','DD-MM-RR'),null,0,1,0,2500040507,2500040507,null,to_date('12-09-19','DD-MM-RR'),to_date('12-09-19','DD-MM-RR'),2500003002,2500001525, null,'Y',null,null,null,2500065226,1500001001);
Insert into PERSONAL_CONTACT (PERSONAL_CONTACT_ID,OFFENDER_ID,RELATIONSHIP,START_DATE,END_DATE,ADDRESS_ID,PARTITION_AREA_ID,FIRST_NAME,OTHER_NAMES,SURNAME,PREVIOUS_SURNAME,MOBILE_NUMBER,EMAIL_ADDRESS,SOFT_DELETED,ROW_VERSION,GENDER_ID,NOTES,TITLE_ID,RELATIONSHIP_TYPE_ID,CREATED_BY_USER_ID,CREATED_DATETIME,LAST_UPDATED_USER_ID,LAST_UPDATED_DATETIME,TRAINING_SESSION_ID,ORGANISATIONS) values (2500058493,2500343964,'Good friend',to_date('13-09-19','DD-MM-RR'),null,2500058602,0,'Smile',null,'Barry',null,null,null,0,2,546, null,989,3074,2500040507,to_date('13-09-19','DD-MM-RR'),2500040507,to_date('13-09-19','DD-MM-RR'),null,('2500007020', '1500001001'));
Insert into PRISON_OFFENDER_MANAGER (PRISON_OFFENDER_MANAGER_ID,OFFENDER_ID,PROBATION_AREA_ID,ALLOCATION_TEAM_ID,ALLOCATION_STAFF_ID,ALLOCATION_REASON_ID,TRANSFER_REASON_ID,ALLOCATION_DATE,END_DATE,ACTIVE_FLAG,SOFT_DELETED,ROW_VERSION,CREATED_DATETIME,CREATED_BY_USER_ID,LAST_UPDATED_DATETIME,LAST_UPDATED_USER_ID) values (119491,2500343964,2500002249,2500009462,2500012528,2500031587,null,to_date('04-09-19','DD-MM-RR'),to_date('04-09-19','DD-MM-RR'),0,0,2,to_date('04-09-19','DD-MM-RR'),2500040507,to_date('04-09-19','DD-MM-RR'),2500040507);
Insert into PRISON_OFFENDER_MANAGER (PRISON_OFFENDER_MANAGER_ID,OFFENDER_ID,PROBATION_AREA_ID,ALLOCATION_TEAM_ID,ALLOCATION_STAFF_ID,ALLOCATION_REASON_ID,TRANSFER_REASON_ID,ALLOCATION_DATE,END_DATE,ACTIVE_FLAG,SOFT_DELETED,ROW_VERSION,CREATED_DATETIME,CREATED_BY_USER_ID,LAST_UPDATED_DATETIME,LAST_UPDATED_USER_ID) values (119496,2500343964,2500007020,2500015813,2500020588,2500031589,null,to_date('04-09-19','DD-MM-RR'),to_date('27-09-19','DD-MM-RR'),0,0,2,to_date('04-09-19','DD-MM-RR'),2500040507,to_date('27-09-19','DD-MM-RR'),2500040507);
Insert into PRISON_OFFENDER_MANAGER (PRISON_OFFENDER_MANAGER_ID,OFFENDER_ID,PROBATION_AREA_ID,ALLOCATION_TEAM_ID,ALLOCATION_STAFF_ID,ALLOCATION_REASON_ID,TRANSFER_REASON_ID,ALLOCATION_DATE,END_DATE,ACTIVE_FLAG,SOFT_DELETED,ROW_VERSION,CREATED_DATETIME,CREATED_BY_USER_ID,LAST_UPDATED_DATETIME,LAST_UPDATED_USER_ID) values (121530,2500343964,2500007020,2500015813,2500057541,2500031588,null,to_date('27-09-19','DD-MM-RR'),null,1,0,1,to_date('27-09-19','DD-MM-RR'),2500040507,to_date('27-09-19','DD-MM-RR'),2500040507);
Insert into RECALL (RECALL_ID,RECALL_DATE,NOTES,PARTITION_AREA_ID,SOFT_DELETED,ROW_VERSION,CREATED_BY_USER_ID,LAST_UPDATED_USER_ID,CREATED_DATETIME,LAST_UPDATED_DATETIME,TRAINING_SESSION_ID,RECALL_REASON_ID,RELEASE_ID,OFFENDER_ID,ORGANISATIONS) values (2500088481,to_date('10-OCT-19','DD-MON-RR'), 'Recall notes',0,0,0,2500040507,2500040507,to_date('11-OCT-19','DD-MON-RR'),to_date('11-OCT-19','DD-MON-RR'),null,3,2500079182,2500343964,('2500007020', '1500001001'));
Insert into REFERRAL (REFERRAL_ID,REFERRAL_DATE,ATTENDED,SOURCE_NOTES,NOTES,EVENT_ID,REF_TO_TEAM_ID,REF_TO_STAFF_ID,PARTITION_AREA_ID,REF_TO_PROVIDER_EMPLOYEE_ID,SOFT_DELETED,ROW_VERSION,TREATMENT_AIM_ID,REF_TO_PROVIDER_TEAM_ID,REFERRAL_TYPE_ID,REFERRAL_SOURCE_ID,CREATED_BY_USER_ID,CREATED_DATETIME,LAST_UPDATED_USER_ID,LAST_UPDATED_DATETIME,GENERIC_REFERRAL_OUTCOME_ID,TRAINING_SESSION_ID,OFFENDER_ID,ORGANISATIONS,DOCUMENT_LINKED) values (2500081970,to_date('09-OCT-19','DD-MON-RR'),'N', null, null,2500295345,1500119949,1500543278,0,null,0,0,null,null,1500004500,25,2500040507,to_date('11-OCT-19','DD-MON-RR'),2500040507,to_date('11-OCT-19','DD-MON-RR'),1975,null,2500343964,('2500007020', '1500001001'),null);
Insert into REFERRAL (REFERRAL_ID,REFERRAL_DATE,ATTENDED,SOURCE_NOTES,NOTES,EVENT_ID,REF_TO_TEAM_ID,REF_TO_STAFF_ID,PARTITION_AREA_ID,REF_TO_PROVIDER_EMPLOYEE_ID,SOFT_DELETED,ROW_VERSION,TREATMENT_AIM_ID,REF_TO_PROVIDER_TEAM_ID,REFERRAL_TYPE_ID,REFERRAL_SOURCE_ID,CREATED_BY_USER_ID,CREATED_DATETIME,LAST_UPDATED_USER_ID,LAST_UPDATED_DATETIME,GENERIC_REFERRAL_OUTCOME_ID,TRAINING_SESSION_ID,OFFENDER_ID,ORGANISATIONS,DOCUMENT_LINKED) values (2500080018,to_date('09-09-19','DD-MM-RR'),'N', null, null,2500295343,1500119949,1500543278,0,null,0,0,null,null,34,25,2500040507,to_date('13-09-19','DD-MM-RR'),2500040507,to_date('13-09-19','DD-MM-RR'),1975,null,2500343964,('2500007020', '1500001001'),'Y');
Insert into REFERRAL (REFERRAL_ID,REFERRAL_DATE,ATTENDED,SOURCE_NOTES,NOTES,EVENT_ID,REF_TO_TEAM_ID,REF_TO_STAFF_ID,PARTITION_AREA_ID,REF_TO_PROVIDER_EMPLOYEE_ID,SOFT_DELETED,ROW_VERSION,TREATMENT_AIM_ID,REF_TO_PROVIDER_TEAM_ID,REFERRAL_TYPE_ID,REFERRAL_SOURCE_ID,CREATED_BY_USER_ID,CREATED_DATETIME,LAST_UPDATED_USER_ID,LAST_UPDATED_DATETIME,GENERIC_REFERRAL_OUTCOME_ID,TRAINING_SESSION_ID,OFFENDER_ID,ORGANISATIONS,DOCUMENT_LINKED) values (2500080019,to_date('02-09-19','DD-MM-RR'),'N', null, null,2500295343,1500119949,1500543278,0,null,0,0,null,null,1,2,2500040507,to_date('13-09-19','DD-MM-RR'),2500040507,to_date('13-09-19','DD-MM-RR'),1975,null,2500343964,('2500007020', '1500001001'),null);
Insert into DEREGISTRATION (DEREGISTRATION_ID,DEREGISTRATION_DATE,DEREGISTERING_TEAM_ID,DEREGISTERING_STAFF_ID,DEREGISTERING_NOTES,SOFT_DELETED,PARTITION_AREA_ID,ROW_VERSION,REGISTRATION_ID,CREATED_BY_USER_ID,CREATED_DATETIME,LAST_UPDATED_USER_ID,LAST_UPDATED_DATETIME,CONTACT_ID,TRAINING_SESSION_ID,OFFENDER_ID,ORGANISATIONS) values (2500130555,to_date('11-OCT-19','DD-MON-RR'),2500041269,2500057096,'Ok now',0,0,1,2500094761,2500040507,to_date('11-OCT-19','DD-MON-RR'),2500040507,to_date('11-OCT-19','DD-MON-RR'),2502749219,null,2500343964,('2500007020', '1500001001'));
Insert into DEREGISTRATION (DEREGISTRATION_ID,DEREGISTRATION_DATE,DEREGISTERING_TEAM_ID,DEREGISTERING_STAFF_ID,DEREGISTERING_NOTES,SOFT_DELETED,PARTITION_AREA_ID,ROW_VERSION,REGISTRATION_ID,CREATED_BY_USER_ID,CREATED_DATETIME,LAST_UPDATED_USER_ID,LAST_UPDATED_DATETIME,CONTACT_ID,TRAINING_SESSION_ID,OFFENDER_ID,ORGANISATIONS) values (2500130556,to_date('12-OCT-19','DD-MON-RR'),2500041269,2500057096,'Ok again now',0,0,1,2500094761,2500040507,to_date('12-OCT-19','DD-MON-RR'),2500040507,to_date('12-OCT-19','DD-MON-RR'),2502749219,null,2500343964,('2500007020', '1500001001'));
Insert into REGISTRATION (REGISTRATION_ID,REGISTER_TYPE_ID,OFFENDER_ID,REGISTRATION_DATE,NEXT_REVIEW_DATE,REGISTRATION_NOTES,REGISTERING_TEAM_ID,REGISTERING_STAFF_ID,REGISTRATION_LEVEL,SOFT_DELETED,PARTITION_AREA_ID,ROW_VERSION,REGISTRATION_CATEGORY,CREATED_DATETIME,LAST_UPDATED_DATETIME,TRIGGER_OFFENCE_ID,REGISTER_LEVEL_ID,CREATED_BY_USER_ID,REGISTER_CATEGORY_ID,LAST_UPDATED_USER_ID,CONTACT_ID,TRAINING_SESSION_ID,DEREGISTERED,ORGANISATIONS) values (2500094760,185,2500343964,to_date('11-OCT-19','DD-MON-RR'),to_date('08-APR-20','DD-MON-RR'),'Bad',2500002001,2500001564,null,0,0,2,null,to_date('11-OCT-19','DD-MON-RR'),to_date('11-OCT-19','DD-MON-RR'),null,null,2500040507,null,2500040507,2502749215,null,0,('2500007020', '1500001001'));
Insert into REGISTRATION (REGISTRATION_ID,REGISTER_TYPE_ID,OFFENDER_ID,REGISTRATION_DATE,NEXT_REVIEW_DATE,REGISTRATION_NOTES,REGISTERING_TEAM_ID,REGISTERING_STAFF_ID,REGISTRATION_LEVEL,SOFT_DELETED,PARTITION_AREA_ID,ROW_VERSION,REGISTRATION_CATEGORY,CREATED_DATETIME,LAST_UPDATED_DATETIME,TRIGGER_OFFENCE_ID,REGISTER_LEVEL_ID,CREATED_BY_USER_ID,REGISTER_CATEGORY_ID,LAST_UPDATED_USER_ID,CONTACT_ID,TRAINING_SESSION_ID,DEREGISTERED,ORGANISATIONS) values (2500094761,19,2500343964,to_date('11-OCT-19','DD-MON-RR'),null, null,2500041269,2500057096,null,0,0,3,null,to_date('11-OCT-19','DD-MON-RR'),to_date('11-OCT-19','DD-MON-RR'),null,null,2500040507,null,2500040507,2502749217,null,1,('2500007020', '1500001001'));
Insert into REGISTRATION_REVIEW (REGISTRATION_REVIEW_ID,REGISTRATION_ID,REVIEW_DATE,REVIEW_DATE_DUE,NOTES,REVIEWING_TEAM_ID,REVIEWING_STAFF_ID,COMPLETED,SOFT_DELETED,PARTITION_AREA_ID,ROW_VERSION,CREATED_BY_USER_ID,CREATED_DATETIME,LAST_UPDATED_USER_ID,LAST_UPDATED_DATETIME,CONTACT_ID,TRAINING_SESSION_ID,OFFENDER_ID,ORGANISATIONS) values (2500101985,2500094760,to_date('08-APR-20','DD-MON-RR'),null,'Bad',2500002001,2500001564,'N',0,0,2,2500040507,to_date('11-OCT-19','DD-MON-RR'),2500040507,to_date('11-OCT-19','DD-MON-RR'),2502749216,null,2500343964,('2500007020', '1500001001'));
Insert into RELEASE (RELEASE_ID,ACTUAL_RELEASE_DATE,NOTES,PARTITION_AREA_ID,SOFT_DELETED,ROW_VERSION,RELEASE_TYPE_ID,CUSTODY_ID,CREATED_BY_USER_ID,LAST_UPDATED_USER_ID,CREATED_DATETIME,LAST_UPDATED_DATETIME,TRAINING_SESSION_ID,OFFENDER_ID,ORGANISATIONS,LENGTH,INSTITUTION_ID,ESTABLISHMENT,PROBATION_AREA_ID) values (2500079182,to_date('06-OCT-19','DD-MON-RR'), 'Release notes',0,0,0,1041,2500151999,2500040507,2500040507,to_date('11-OCT-19','DD-MON-RR'),to_date('11-OCT-19','DD-MON-RR'),null,2500343964,('2500007020', '1500001001'),null,2500004521,'Y',null);
Insert into REPORT_MANAGER (REPORT_MANAGER_ID,PARTITION_AREA_ID,SOFT_DELETED,ROW_VERSION,EVENT_ID,COURT_REPORT_ID,INSTITUTIONAL_REPORT_ID,TEAM_ID,STAFF_ID,PROVIDER_EMPLOYEE_ID,ALLOCATION_DATE,END_DATE,CREATED_DATETIME,CREATED_BY_USER_ID,LAST_UPDATED_DATETIME,PROVIDER_TEAM_ID,LAST_UPDATED_USER_ID,TRANSFER_REASON_ID,TRAINING_SESSION_ID,TRUST_PROVIDER_FLAG,STAFF_EMPLOYEE_ID,TRUST_PROVIDER_TEAM_ID,PROBATION_AREA_ID,ACTIVE_FLAG,INSTITUTIONAL_REP_TRANSFER_ID,COURT_REPORT_TRANSFER_ID,INST_REP_ALLOCATION_REASON_ID,COURT_REP_ALLOCATION_REASON_ID) values (2500075677,0,0,1,2500295345,2500079873,null,1500119949,1500543278,null,to_date('04-09-18','DD-MM-RR'),null,to_date('04-09-19','DD-MM-RR'),2500040507,to_date('04-09-19','DD-MM-RR'),null,2500040507,4,null,0,1500543278,1500119949,1500001001,1,null,null,null,null);
Insert into REPORT_MANAGER (REPORT_MANAGER_ID,PARTITION_AREA_ID,SOFT_DELETED,ROW_VERSION,EVENT_ID,COURT_REPORT_ID,INSTITUTIONAL_REPORT_ID,TEAM_ID,STAFF_ID,PROVIDER_EMPLOYEE_ID,ALLOCATION_DATE,END_DATE,CREATED_DATETIME,CREATED_BY_USER_ID,LAST_UPDATED_DATETIME,PROVIDER_TEAM_ID,LAST_UPDATED_USER_ID,TRANSFER_REASON_ID,TRAINING_SESSION_ID,TRUST_PROVIDER_FLAG,STAFF_EMPLOYEE_ID,TRUST_PROVIDER_TEAM_ID,PROBATION_AREA_ID,ACTIVE_FLAG,INSTITUTIONAL_REP_TRANSFER_ID,COURT_REPORT_TRANSFER_ID,INST_REP_ALLOCATION_REASON_ID,COURT_REP_ALLOCATION_REASON_ID) values (2500075679,0,0,1,2500295345,2500079874,null,1500119949,1500543278,null,to_date('04-09-18','DD-MM-RR'),null,to_date('04-09-19','DD-MM-RR'),2500040507,to_date('04-09-19','DD-MM-RR'),null,2500040507,4,null,0,1500543278,1500119949,1500001001,1,null,null,null,null);
Insert into REPORT_MANAGER (REPORT_MANAGER_ID,PARTITION_AREA_ID,SOFT_DELETED,ROW_VERSION,EVENT_ID,COURT_REPORT_ID,INSTITUTIONAL_REPORT_ID,TEAM_ID,STAFF_ID,PROVIDER_EMPLOYEE_ID,ALLOCATION_DATE,END_DATE,CREATED_DATETIME,CREATED_BY_USER_ID,LAST_UPDATED_DATETIME,PROVIDER_TEAM_ID,LAST_UPDATED_USER_ID,TRANSFER_REASON_ID,TRAINING_SESSION_ID,TRUST_PROVIDER_FLAG,STAFF_EMPLOYEE_ID,TRUST_PROVIDER_TEAM_ID,PROBATION_AREA_ID,ACTIVE_FLAG,INSTITUTIONAL_REP_TRANSFER_ID,COURT_REPORT_TRANSFER_ID,INST_REP_ALLOCATION_REASON_ID,COURT_REP_ALLOCATION_REASON_ID) values (2500075678,0,0,1,2500295345,null,2500078391,2500002001,2500001543,null,to_date('04-09-19','DD-MM-RR'),null,to_date('04-09-19','DD-MM-RR'),2500040507,to_date('04-09-19','DD-MM-RR'),null,2500040507,4,null,0,2500001543,2500002001,1500001001,1,null,null,null,null);
Insert into RESPONSIBLE_OFFICER (RESPONSIBLE_OFFICER_ID,OFFENDER_ID,OFFENDER_MANAGER_ID,PRISON_OFFENDER_MANAGER_ID,START_DATE,END_DATE,CREATED_BY_USER_ID,CREATED_DATETIME,LAST_UPDATED_USER_ID,LAST_UPDATED_DATETIME,ROW_VERSION) values (2502401682,2500343964,2502401681,null,to_date('04-09-19','DD-MM-RR'),to_date('04-09-19','DD-MM-RR'),2500040507,to_date('04-09-19','DD-MM-RR'),2500040507,to_date('04-09-19','DD-MM-RR'),3);
Insert into RESPONSIBLE_OFFICER (RESPONSIBLE_OFFICER_ID,OFFENDER_ID,OFFENDER_MANAGER_ID,PRISON_OFFENDER_MANAGER_ID,START_DATE,END_DATE,CREATED_BY_USER_ID,CREATED_DATETIME,LAST_UPDATED_USER_ID,LAST_UPDATED_DATETIME,ROW_VERSION) values (2502401685,2500343964,null,119491,to_date('04-09-19','DD-MM-RR'),to_date('04-09-19','DD-MM-RR'),2500040507,to_date('04-09-19','DD-MM-RR'),2500040507,to_date('04-09-19','DD-MM-RR'),3);
Insert into RESPONSIBLE_OFFICER (RESPONSIBLE_OFFICER_ID,OFFENDER_ID,OFFENDER_MANAGER_ID,PRISON_OFFENDER_MANAGER_ID,START_DATE,END_DATE,CREATED_BY_USER_ID,CREATED_DATETIME,LAST_UPDATED_USER_ID,LAST_UPDATED_DATETIME,ROW_VERSION) values (2502401694,2500343964,null,119496,to_date('04-09-19','DD-MM-RR'),to_date('27-09-19','DD-MM-RR'),2500040507,to_date('04-09-19','DD-MM-RR'),2500040507,to_date('27-09-19','DD-MM-RR'),3);
Insert into RESPONSIBLE_OFFICER (RESPONSIBLE_OFFICER_ID,OFFENDER_ID,OFFENDER_MANAGER_ID,PRISON_OFFENDER_MANAGER_ID,START_DATE,END_DATE,CREATED_BY_USER_ID,CREATED_DATETIME,LAST_UPDATED_USER_ID,LAST_UPDATED_DATETIME,ROW_VERSION) values (2502409500,2500343964,2502409499,null,to_date('27-09-19','DD-MM-RR'),to_date('30-09-19','DD-MM-RR'),2500040507,to_date('27-09-19','DD-MM-RR'),2500040507,to_date('30-09-19','DD-MM-RR'),3);
Insert into RESPONSIBLE_OFFICER (RESPONSIBLE_OFFICER_ID,OFFENDER_ID,OFFENDER_MANAGER_ID,PRISON_OFFENDER_MANAGER_ID,START_DATE,END_DATE,CREATED_BY_USER_ID,CREATED_DATETIME,LAST_UPDATED_USER_ID,LAST_UPDATED_DATETIME,ROW_VERSION) values (2502409868,2500343964,2502409867,null,to_date('30-09-19','DD-MM-RR'),to_date('30-09-19','DD-MM-RR'),2500040507,to_date('30-09-19','DD-MM-RR'),2500040507,to_date('30-09-19','DD-MM-RR'),3);
Insert into RESPONSIBLE_OFFICER (RESPONSIBLE_OFFICER_ID,OFFENDER_ID,OFFENDER_MANAGER_ID,PRISON_OFFENDER_MANAGER_ID,START_DATE,END_DATE,CREATED_BY_USER_ID,CREATED_DATETIME,LAST_UPDATED_USER_ID,LAST_UPDATED_DATETIME,ROW_VERSION) values (2502409871,2500343964,2502409870,null,to_date('30-09-19','DD-MM-RR'),to_date('11-OCT-19','DD-MON-RR'),2500040507,to_date('30-09-19','DD-MM-RR'),2500040507,to_date('11-OCT-19','DD-MON-RR'),3);
Insert into RESPONSIBLE_OFFICER (RESPONSIBLE_OFFICER_ID,OFFENDER_ID,OFFENDER_MANAGER_ID,PRISON_OFFENDER_MANAGER_ID,START_DATE,END_DATE,CREATED_BY_USER_ID,CREATED_DATETIME,LAST_UPDATED_USER_ID,LAST_UPDATED_DATETIME,ROW_VERSION) values (2502412109,2500343964,null,121530,to_date('11-OCT-19','DD-MON-RR'),null,2500040507,to_date('11-OCT-19','DD-MON-RR'),2500040507,to_date('11-OCT-19','DD-MON-RR'),1);
Insert into RQMNT (RQMNT_ID,DISPOSAL_ID,START_DATE,LENGTH,COMMENCEMENT_DATE,TERMINATION_DATE,PARTITION_AREA_ID,EXPECTED_START_DATE,SOFT_DELETED,EXPECTED_END_DATE,ROW_VERSION,RQMNT_TYPE_SUB_CATEGORY_ID,CREATED_DATETIME,LAST_UPDATED_DATETIME,AD_RQMNT_TYPE_SUB_CATEGORY_ID,RQMNT_TYPE_MAIN_CATEGORY_ID,AD_RQMNT_TYPE_MAIN_CATEGORY_ID,CREATED_BY_USER_ID,RQMNT_TERMINATION_REASON_ID,LAST_UPDATED_USER_ID,TRAINING_SESSION_ID,OFFENDER_ID,ORGANISATIONS,ACTIVE_FLAG,PENDING_TRANSFER,ATTENDANCE_COUNT,RAR_COUNT) values (2500083652,2500282333,to_date('01-JUN-17','DD-MON-RR'),60,null,to_date('01-DEC-17','DD-MON-RR'),0,null,0,null,2,1256,to_date('04-09-19','DD-MM-RR'),to_date('04-09-19','DD-MM-RR'),null,2500000000,null,2500040507,2500052883,2500040507,null,2500343964,('2500007020', '1500001001'),0,0,null,null);
Insert into RQMNT (RQMNT_ID,DISPOSAL_ID,START_DATE,LENGTH,COMMENCEMENT_DATE,TERMINATION_DATE,PARTITION_AREA_ID,EXPECTED_START_DATE,SOFT_DELETED,EXPECTED_END_DATE,ROW_VERSION,RQMNT_TYPE_SUB_CATEGORY_ID,CREATED_DATETIME,LAST_UPDATED_DATETIME,AD_RQMNT_TYPE_SUB_CATEGORY_ID,RQMNT_TYPE_MAIN_CATEGORY_ID,AD_RQMNT_TYPE_MAIN_CATEGORY_ID,CREATED_BY_USER_ID,RQMNT_TERMINATION_REASON_ID,LAST_UPDATED_USER_ID,TRAINING_SESSION_ID,OFFENDER_ID,ORGANISATIONS,ACTIVE_FLAG,PENDING_TRANSFER,ATTENDANCE_COUNT,RAR_COUNT) values (2500083653,2500282335,to_date('01-JUN-17','DD-MON-RR'),60,null,null,0,null,0,null,2,1256,to_date('04-09-19','DD-MM-RR'),to_date('04-09-19','DD-MM-RR'),null,2500000000,null,2500040507,2500052883,2500040507,null,2500343964,('2500007020', '1500001001'),1,0,null,null);
Insert into RQMNT_MANAGER (RQMNT_MANAGER_ID,RQMNT_ID,ALLOCATION_DATE,ALLOCATED_TEAM_ID,ALLOCATED_STAFF_ID,PROVIDER_EMPLOYEE_ID,SOFT_DELETED,END_DATE,PARTITION_AREA_ID,ROW_VERSION,PROVIDER_TEAM_ID,CREATED_BY_USER_ID,CREATED_DATETIME,LAST_UPDATED_USER_ID,LAST_UPDATED_DATETIME,TRANSFER_REASON_ID,TRAINING_SESSION_ID,TRUST_PROVIDER_FLAG,STAFF_EMPLOYEE_ID,TRUST_PROVIDER_TEAM_ID,PROBATION_AREA_ID,ACTIVE_FLAG,RQMNT_TRANSFER_ID,ALLOCATION_REASON_ID) values (2500100616,2500083652,to_date('01-JUN-17','DD-MON-RR'),1500119949,1500543278,null,0,null,0,2,null,2500040507,to_date('04-09-19','DD-MM-RR'),2500040507,to_date('04-09-19','DD-MM-RR'),2,null,0,1500543278,1500119949,1500001001,1,null,2500001005);
Insert into UPW_DETAILS (UPW_DETAILS_ID,DISPOSAL_ID,UPW_LENGTH_MINUTES,AGREED_TRAVEL_FARE,NOTES,SOFT_DELETED,PARTITION_AREA_ID,ROW_VERSION,UPW_STATUS_ID,WORKED_INTENSIVELY,TRAINING_SESSION_ID,OFFENDER_ID,TEAM_ID,PROVIDER_TEAM_ID,STAFF_ID,UPW_STATUS_DATE,PROVIDER_EMPLOYEE_ID,ALLOCATION_DATE,ORGANISATIONS,MINUTES_YEAR1,CREATED_BY_USER_ID,CREATED_DATETIME,LAST_UPDATED_USER_ID,LAST_UPDATED_DATETIME) values (2500068610,2500282333,3600,null, null,0,0,6,1186,'N',null,2500343964,1500119949,null,1500543278,to_date('01-DEC-17','DD-MON-RR'),null,to_date('01-JUN-17','DD-MON-RR'),('2500007020', '1500001001'),0,2500040507,to_date('04-09-19','DD-MM-RR'),2500040507,to_date('16-09-19','DD-MM-RR'));
Insert into UPW_ALLOCATION (UPW_ALLOCATION_ID,UPW_PROJECT_ID,UPW_DETAILS_ID,ALLOCATION_START_DATE,ALLOCATION_END_DATE,ALLOCATION_DAY_ID,START_TIME,END_TIME,FUTURE_OUTCOMES_RECORDED,SOFT_DELETED,PARTITION_AREA_ID,CREATED_BY_USER_ID,CREATED_DATETIME,LAST_UPDATED_USER_ID,LAST_UPDATED_DATETIME,ROW_VERSION,TRAINING_SESSION_ID) values (2500028829,2500018177,2500068610,to_date('16-OCT-19','DD-MON-RR'),null,1,to_date('01-JAN-70','DD-MON-RR'),to_date('01-JAN-70','DD-MON-RR'),'N',0,0,2500040507,to_date('11-OCT-19','DD-MON-RR'),2500040507,to_date('11-OCT-19','DD-MON-RR'),1,null);
Insert into UPW_ALLOCATION (UPW_ALLOCATION_ID,UPW_PROJECT_ID,UPW_DETAILS_ID,ALLOCATION_START_DATE,ALLOCATION_END_DATE,ALLOCATION_DAY_ID,START_TIME,END_TIME,FUTURE_OUTCOMES_RECORDED,SOFT_DELETED,PARTITION_AREA_ID,CREATED_BY_USER_ID,CREATED_DATETIME,LAST_UPDATED_USER_ID,LAST_UPDATED_DATETIME,ROW_VERSION,TRAINING_SESSION_ID) values (2500028828,2500080741,2500068610,to_date('12-OCT-19','DD-MON-RR'),null,1,to_date('01-JAN-70','DD-MON-RR'),to_date('01-JAN-70','DD-MON-RR'),'N',0,0,2500040507,to_date('11-OCT-19','DD-MON-RR'),2500040507,to_date('11-OCT-19','DD-MON-RR'),1,null);
Insert into UPW_ADJUSTMENT (UPW_ADJUSTMENT_ID,UPW_DETAILS_ID,SOFT_DELETED,PARTITION_AREA_ID,ADJUSTMENT_AMOUNT,ADJUSTMENT_DATE,ADJUSTMENT_TYPE,ROW_VERSION,ADJUSTMENT_REASON_ID,ADJUSTED_BY_USER_ID,TRAINING_SESSION_ID,CREATED_BY_USER_ID,CREATED_DATETIME,LAST_UPDATED_USER_ID,LAST_UPDATED_DATETIME) values (2500091331,2500068610,0,0,60,to_date('10-OCT-19','DD-MON-RR'),'POSITIVE',1,1114,2500040507,null,2500040507,to_date('11-OCT-19','DD-MON-RR'),2500040507,to_date('11-OCT-19','DD-MON-RR'));
Insert into UPW_PROJECT (UPW_PROJECT_ID,CODE,NAME,BENEFICIARY,HIGH_VISIBILITY_VEST_REQUIRED,ACTUAL_START_DATE,COMPLETION_DATE,EXPECTED_END_DATE,BENEFICIARY_CONTACT_ADDRESS_ID,PLACEMENT_ADDRESS_ID,BENEFICIARY_ADDRESS,BENEFICIARY_CONTACT_NAME,SELECTABLE,PARTITION_AREA_ID,ROW_VERSION,PROJECT_TYPE_ID,TRAINING_SESSION_ID,TEAM_ID,PROVIDER_TEAM_ID,PROBATION_AREA_ID,CREATED_DATETIME,LAST_UPDATED_DATETIME,COMMISSIONING_SOURCE_1,COMMISSIONING_SOURCE_2,COMMISSIONING_SOURCE_3,COMMISSIONING_SOURCE_4,PLACEMENT_CONTACT_NAME,COMMISSIONING_SOURCE_5,UPW_DIVERSITY_1,UPW_DIVERSITY_2,CREATED_BY_USER_ID,UPW_DIVERSITY_3,LAST_UPDATED_USER_ID,UPW_DIVERSITY_4,UPW_DIVERSITY_5) values (2500018177,'N076ru5rv','Children in need',null,'Y',to_date('28-09-15','DD-MM-RR'),null,null,2500011693,2500011694,null,null,'N',0,4,3492,null,2500002006,null,1500001006,to_date('26-09-16','DD-MM-RR'),to_date('24-FEB-17','DD-MON-RR'),null,null,null,null,null,null,null,null,2500003526,null,2500003526,null,null);
Insert into UPW_PROJECT (UPW_PROJECT_ID,CODE,NAME,BENEFICIARY,HIGH_VISIBILITY_VEST_REQUIRED,ACTUAL_START_DATE,COMPLETION_DATE,EXPECTED_END_DATE,BENEFICIARY_CONTACT_ADDRESS_ID,PLACEMENT_ADDRESS_ID,BENEFICIARY_ADDRESS,BENEFICIARY_CONTACT_NAME,SELECTABLE,PARTITION_AREA_ID,ROW_VERSION,PROJECT_TYPE_ID,TRAINING_SESSION_ID,TEAM_ID,PROVIDER_TEAM_ID,PROBATION_AREA_ID,CREATED_DATETIME,LAST_UPDATED_DATETIME,COMMISSIONING_SOURCE_1,COMMISSIONING_SOURCE_2,COMMISSIONING_SOURCE_3,COMMISSIONING_SOURCE_4,PLACEMENT_CONTACT_NAME,COMMISSIONING_SOURCE_5,UPW_DIVERSITY_1,UPW_DIVERSITY_2,CREATED_BY_USER_ID,UPW_DIVERSITY_3,LAST_UPDATED_USER_ID,UPW_DIVERSITY_4,UPW_DIVERSITY_5) values (2500080741,'N02hduzr3','Charity for Homeless',null,'Y',to_date('28-09-15','DD-MM-RR'),null,null,2500051225,2500051226,null,null,'N',0,3,3492,null,1500119949,null,1500001001,to_date('29-OCT-18','DD-MON-RR'),to_date('29-OCT-18','DD-MON-RR'),null,null,null,null,null,null,null,null,2500003526,null,2500003526,null,null);
Insert into UPW_PROJECT_AVAILABILITY (UPW_PROJECT_AVAILABILITY_ID,UPW_DAY_ID,START_TIME,END_TIME,PARTITION_AREA_ID,ROW_VERSION,CREATED_BY_USER_ID,CREATED_DATETIME,LAST_UPDATED_USER_ID,LAST_UPDATED_DATETIME,UPW_PROJECT_ID,TRAINING_SESSION_ID) values (2500016195,1,to_date('01-JAN-70','DD-MON-RR'),to_date('01-JAN-70','DD-MON-RR'),0,1,2500003526,to_date('26-09-16','DD-MM-RR'),2500003526,to_date('26-09-16','DD-MM-RR'),2500018177,null);
Insert into UPW_PROJECT_AVAILABILITY (UPW_PROJECT_AVAILABILITY_ID,UPW_DAY_ID,START_TIME,END_TIME,PARTITION_AREA_ID,ROW_VERSION,CREATED_BY_USER_ID,CREATED_DATETIME,LAST_UPDATED_USER_ID,LAST_UPDATED_DATETIME,UPW_PROJECT_ID,TRAINING_SESSION_ID) values (2500021115,1,to_date('01-JAN-70','DD-MON-RR'),to_date('01-JAN-70','DD-MON-RR'),0,1,2500003526,to_date('24-FEB-17','DD-MON-RR'),2500003526,to_date('24-FEB-17','DD-MON-RR'),2500018177,null);
Insert into UPW_PROJECT_AVAILABILITY (UPW_PROJECT_AVAILABILITY_ID,UPW_DAY_ID,START_TIME,END_TIME,PARTITION_AREA_ID,ROW_VERSION,CREATED_BY_USER_ID,CREATED_DATETIME,LAST_UPDATED_USER_ID,LAST_UPDATED_DATETIME,UPW_PROJECT_ID,TRAINING_SESSION_ID) values (2500021116,1,to_date('01-JAN-70','DD-MON-RR'),to_date('01-JAN-70','DD-MON-RR'),0,1,2500003526,to_date('24-FEB-17','DD-MON-RR'),2500003526,to_date('24-FEB-17','DD-MON-RR'),2500018177,null);
Insert into UPW_PROJECT_AVAILABILITY (UPW_PROJECT_AVAILABILITY_ID,UPW_DAY_ID,START_TIME,END_TIME,PARTITION_AREA_ID,ROW_VERSION,CREATED_BY_USER_ID,CREATED_DATETIME,LAST_UPDATED_USER_ID,LAST_UPDATED_DATETIME,UPW_PROJECT_ID,TRAINING_SESSION_ID) values (2500021118,3,to_date('01-JAN-70','DD-MON-RR'),to_date('01-JAN-70','DD-MON-RR'),0,1,2500003526,to_date('24-FEB-17','DD-MON-RR'),2500003526,to_date('24-FEB-17','DD-MON-RR'),2500018177,null);
Insert into UPW_PROJECT_AVAILABILITY (UPW_PROJECT_AVAILABILITY_ID,UPW_DAY_ID,START_TIME,END_TIME,PARTITION_AREA_ID,ROW_VERSION,CREATED_BY_USER_ID,CREATED_DATETIME,LAST_UPDATED_USER_ID,LAST_UPDATED_DATETIME,UPW_PROJECT_ID,TRAINING_SESSION_ID) values (2500021119,4,to_date('01-JAN-70','DD-MON-RR'),to_date('01-JAN-70','DD-MON-RR'),0,1,2500003526,to_date('24-FEB-17','DD-MON-RR'),2500003526,to_date('24-FEB-17','DD-MON-RR'),2500018177,null);
Insert into UPW_PROJECT_AVAILABILITY (UPW_PROJECT_AVAILABILITY_ID,UPW_DAY_ID,START_TIME,END_TIME,PARTITION_AREA_ID,ROW_VERSION,CREATED_BY_USER_ID,CREATED_DATETIME,LAST_UPDATED_USER_ID,LAST_UPDATED_DATETIME,UPW_PROJECT_ID,TRAINING_SESSION_ID) values (2500021120,5,to_date('01-JAN-70','DD-MON-RR'),to_date('01-JAN-70','DD-MON-RR'),0,1,2500003526,to_date('24-FEB-17','DD-MON-RR'),2500003526,to_date('24-FEB-17','DD-MON-RR'),2500018177,null);
Insert into UPW_PROJECT_AVAILABILITY (UPW_PROJECT_AVAILABILITY_ID,UPW_DAY_ID,START_TIME,END_TIME,PARTITION_AREA_ID,ROW_VERSION,CREATED_BY_USER_ID,CREATED_DATETIME,LAST_UPDATED_USER_ID,LAST_UPDATED_DATETIME,UPW_PROJECT_ID,TRAINING_SESSION_ID) values (2500077841,1,to_date('01-JAN-70','DD-MON-RR'),to_date('01-JAN-70','DD-MON-RR'),0,1,2500003526,to_date('29-OCT-18','DD-MON-RR'),2500003526,to_date('29-OCT-18','DD-MON-RR'),2500080741,null);
Insert into UPW_PROJECT_AVAILABILITY (UPW_PROJECT_AVAILABILITY_ID,UPW_DAY_ID,START_TIME,END_TIME,PARTITION_AREA_ID,ROW_VERSION,CREATED_BY_USER_ID,CREATED_DATETIME,LAST_UPDATED_USER_ID,LAST_UPDATED_DATETIME,UPW_PROJECT_ID,TRAINING_SESSION_ID) values (2500021117,2,to_date('01-JAN-70','DD-MON-RR'),to_date('01-JAN-70','DD-MON-RR'),0,1,2500003526,to_date('24-FEB-17','DD-MON-RR'),2500003526,to_date('24-FEB-17','DD-MON-RR'),2500018177,null);

INSERT INTO UPW_APPOINTMENT (UPW_APPOINTMENT_ID,UPW_DETAILS_ID,UPW_PROJECT_ID,APPOINTMENT_DATE,START_TIME,END_TIME,MINUTES_OFFERED,MINUTES_CREDITED,TRAVEL_TIME,ATTENDED,COMPLIED,HIGH_VISIBILITY_VEST,NOTES,TEAM_ID,STAFF_ID,SOFT_DELETED,PARTITION_AREA_ID,ROW_VERSION,WORK_QUALITY_ID,BEHAVIOUR_ID,PENALTY_TIME,CREATED_DATETIME,LAST_UPDATED_DATETIME,UPW_OUTCOME_ID,CONTACT_OUTCOME_TYPE_ID,CONTACT_ID,PROVIDER_TEAM_ID,CREATED_BY_USER_ID,PROVIDER_EMPLOYEE_ID,LAST_UPDATED_USER_ID,TRAINING_SESSION_ID,OFFENDER_ID,ORGANISATIONS,PROJECT_NAME,PROJECT_TYPE_ID,INTENSIVE,DOCUMENT_LINKED) VALUES
(2500000186,2500068610,2500018177,TIMESTAMP '2014-09-04 00:00:00.000000',TIMESTAMP '1970-01-01 09:00:00.000000',TIMESTAMP '1970-01-01 17:00:00.000000',480,300,NULL,'Y','Y','N','[System scheduled appointment]',2500000009,2500000081,0,0,1,NULL,NULL,NULL,TIMESTAMP '2014-09-02 09:11:37.000000',TIMESTAMP '2014-09-02 09:11:37.000000',NULL,NULL,2500000942,NULL,2500000011,NULL,2500000011,NULL,2500000611, ('2500000001','1500001024'),'Beach cleaning project',NULL,NULL,NULL);
INSERT INTO UPW_APPOINTMENT (UPW_APPOINTMENT_ID,UPW_DETAILS_ID,UPW_PROJECT_ID,APPOINTMENT_DATE,START_TIME,END_TIME,MINUTES_OFFERED,MINUTES_CREDITED,TRAVEL_TIME,ATTENDED,COMPLIED,HIGH_VISIBILITY_VEST,NOTES,TEAM_ID,STAFF_ID,SOFT_DELETED,PARTITION_AREA_ID,ROW_VERSION,WORK_QUALITY_ID,BEHAVIOUR_ID,PENALTY_TIME,CREATED_DATETIME,LAST_UPDATED_DATETIME,UPW_OUTCOME_ID,CONTACT_OUTCOME_TYPE_ID,CONTACT_ID,PROVIDER_TEAM_ID,CREATED_BY_USER_ID,PROVIDER_EMPLOYEE_ID,LAST_UPDATED_USER_ID,TRAINING_SESSION_ID,OFFENDER_ID,ORGANISATIONS,PROJECT_NAME,PROJECT_TYPE_ID,INTENSIVE,DOCUMENT_LINKED) VALUES
(2500000187,2500068610,2500080741,TIMESTAMP '2014-09-04 00:00:00.000000',TIMESTAMP '1970-01-01 09:00:00.000000',TIMESTAMP '1970-01-01 17:00:00.000000',480,60,NULL,'Y','Y','N','[System scheduled appointment]',2500000009,2500000081,0,0,1,NULL,NULL,NULL,TIMESTAMP '2014-09-02 09:11:37.000000',TIMESTAMP '2014-09-02 09:11:37.000000',NULL,NULL,2500000942,NULL,2500000011,NULL,2500000011,NULL,2500000611, ('2500000001','1500001024'),'Beach cleaning project',NULL,NULL,NULL);


INSERT INTO UPW_APPOINTMENT (UPW_APPOINTMENT_ID,UPW_DETAILS_ID,UPW_PROJECT_ID,APPOINTMENT_DATE,START_TIME,END_TIME,MINUTES_OFFERED,MINUTES_CREDITED,TRAVEL_TIME,ATTENDED,COMPLIED,HIGH_VISIBILITY_VEST,NOTES,TEAM_ID,STAFF_ID,SOFT_DELETED,PARTITION_AREA_ID,ROW_VERSION,WORK_QUALITY_ID,BEHAVIOUR_ID,PENALTY_TIME,CREATED_DATETIME,LAST_UPDATED_DATETIME,UPW_OUTCOME_ID,CONTACT_OUTCOME_TYPE_ID,CONTACT_ID,PROVIDER_TEAM_ID,CREATED_BY_USER_ID,PROVIDER_EMPLOYEE_ID,LAST_UPDATED_USER_ID,TRAINING_SESSION_ID,OFFENDER_ID,ORGANISATIONS,PROJECT_NAME,PROJECT_TYPE_ID,INTENSIVE,DOCUMENT_LINKED) VALUES
(2500000188,2500068610,2500018177,TIMESTAMP '2014-09-04 00:00:00.000000',TIMESTAMP '1970-01-01 09:00:00.000000',TIMESTAMP '1970-01-01 17:00:00.000000',480,0,NULL,'N','Y','N','[System scheduled appointment]',2500000009,2500000081,0,0,1,NULL,NULL,NULL,TIMESTAMP '2014-09-02 09:11:37.000000',TIMESTAMP '2014-09-02 09:11:37.000000',NULL,NULL,2500000942,NULL,2500000011,NULL,2500000011,NULL,2500000611, ('2500000001','1500001024'),'Beach cleaning project',NULL,NULL,NULL);
INSERT INTO UPW_APPOINTMENT (UPW_APPOINTMENT_ID,UPW_DETAILS_ID,UPW_PROJECT_ID,APPOINTMENT_DATE,START_TIME,END_TIME,MINUTES_OFFERED,MINUTES_CREDITED,TRAVEL_TIME,ATTENDED,COMPLIED,HIGH_VISIBILITY_VEST,NOTES,TEAM_ID,STAFF_ID,SOFT_DELETED,PARTITION_AREA_ID,ROW_VERSION,WORK_QUALITY_ID,BEHAVIOUR_ID,PENALTY_TIME,CREATED_DATETIME,LAST_UPDATED_DATETIME,UPW_OUTCOME_ID,CONTACT_OUTCOME_TYPE_ID,CONTACT_ID,PROVIDER_TEAM_ID,CREATED_BY_USER_ID,PROVIDER_EMPLOYEE_ID,LAST_UPDATED_USER_ID,TRAINING_SESSION_ID,OFFENDER_ID,ORGANISATIONS,PROJECT_NAME,PROJECT_TYPE_ID,INTENSIVE,DOCUMENT_LINKED) VALUES
(2500000189,2500068610,2500080741,TIMESTAMP '2014-09-04 00:00:00.000000',TIMESTAMP '1970-01-01 09:00:00.000000',TIMESTAMP '1970-01-01 17:00:00.000000',480,0,NULL,'N','N','N','[System scheduled appointment]',2500000009,2500000081,0,0,1,NULL,NULL,NULL,TIMESTAMP '2014-09-02 09:11:37.000000',TIMESTAMP '2014-09-02 09:11:37.000000',NULL,NULL,2500000942,NULL,2500000011,NULL,2500000011,NULL,2500000611, ('2500000001','1500001024'),'Beach cleaning project',NULL,NULL,NULL);
INSERT INTO UPW_APPOINTMENT (UPW_APPOINTMENT_ID,UPW_DETAILS_ID,UPW_PROJECT_ID,APPOINTMENT_DATE,START_TIME,END_TIME,MINUTES_OFFERED,MINUTES_CREDITED,TRAVEL_TIME,ATTENDED,COMPLIED,HIGH_VISIBILITY_VEST,NOTES,TEAM_ID,STAFF_ID,SOFT_DELETED,PARTITION_AREA_ID,ROW_VERSION,WORK_QUALITY_ID,BEHAVIOUR_ID,PENALTY_TIME,CREATED_DATETIME,LAST_UPDATED_DATETIME,UPW_OUTCOME_ID,CONTACT_OUTCOME_TYPE_ID,CONTACT_ID,PROVIDER_TEAM_ID,CREATED_BY_USER_ID,PROVIDER_EMPLOYEE_ID,LAST_UPDATED_USER_ID,TRAINING_SESSION_ID,OFFENDER_ID,ORGANISATIONS,PROJECT_NAME,PROJECT_TYPE_ID,INTENSIVE,DOCUMENT_LINKED) VALUES
(2500000190,2500068610,2500080741,TIMESTAMP '2014-09-04 00:00:00.000000',TIMESTAMP '1970-01-01 09:00:00.000000',TIMESTAMP '1970-01-01 17:00:00.000000',480,0,NULL,NULL,NULL,'N','[System scheduled appointment]',2500000009,2500000081,0,0,1,NULL,NULL,NULL,TIMESTAMP '2014-09-02 09:11:37.000000',TIMESTAMP '2014-09-02 09:11:37.000000',NULL,NULL,2500000942,NULL,2500000011,NULL,2500000011,NULL,2500000611, ('2500000001','1500001024'),'Beach cleaning project',NULL,NULL,NULL);
INSERT INTO ADDITIONAL_IDENTIFIER (ADDITIONAL_IDENTIFIER_ID,IDENTIFIER,OFFENDER_ID,SOFT_DELETED,PARTITION_AREA_ID,ROW_VERSION,IDENTIFIER_NAME_ID,TRAINING_SESSION_ID,CREATED_BY_USER_ID,CREATED_DATETIME,LAST_UPDATED_USER_ID,LAST_UPDATED_DATETIME) values (2500124978,'A1234CR',2500343964,0,0,1,2500031590,null,2500040507,to_date('2020-05-18','YYYY-MM-DD'),2500040507,to_date('2020-05-18','YYYY-MM-DD'));
INSERT INTO ADDITIONAL_IDENTIFIER (ADDITIONAL_IDENTIFIER_ID,IDENTIFIER,OFFENDER_ID,SOFT_DELETED,PARTITION_AREA_ID,ROW_VERSION,IDENTIFIER_NAME_ID,TRAINING_SESSION_ID,CREATED_BY_USER_ID,CREATED_DATETIME,LAST_UPDATED_USER_ID,LAST_UPDATED_DATETIME) values (2500124977,'X123456',2500343964,0,0,1,1500005000,null,2500040507,to_date('2020-05-18','YYYY-MM-DD'),2500040507,to_date('2020-05-18','YYYY-MM-DD'));

INSERT INTO PSS_RQMNT (PSS_RQMNT_ID, CUSTODY_ID, PSS_RQMNT_TYPE_MAIN_CAT_ID, OFFENDER_ID, IMPOSED_DATE, LENGTH, PSS_RQMNT_NOTES, COMMENCEMENT_DATE, COMMENCEMENT_NOTES, TERMINATION_DATE, TERMINATION_NOTES, SOFT_DELETED, EXPECTED_START_DATE, EXPECTED_END_DATE, ROW_VERSION, PSS_RQMNT_TYPE_SUB_CAT_ID, PSS_RQMNT_TERM_REASON_ID, ORGANISATIONS, ACTIVE_FLAG, PENDING_TRANSFER, CREATED_BY_USER_ID, CREATED_DATETIME, LAST_UPDATED_USER_ID, LAST_UPDATED_DATETIME, ATTENDANCE_COUNT)
                VALUES (250015755, 2500151999, 31, 250000702, '2014-09-04 00:00:00.000000', 6, '', '2014-10-04 00:00:00.000000', '', '2016-09-04 00:00:00.000000', '', 0, '2016-10-04 00:00:00.000000', '2017-10-04 00:00:00.000000', 0, 47, 130, null, 0, 0, 2500000081, '2014-09-04 00:00:00.000000', 2500000081, '2014-09-04 00:00:00.000000', 4);

INSERT INTO LIC_CONDITION (LIC_CONDITION_ID, DISPOSAL_ID, START_DATE, LENGTH, LIC_CONDITION_NOTES, COMMENCEMENT_DATE, COMMENCEMENT_NOTES, TERMINATION_DATE, TERMINATION_NOTES, PARTITION_AREA_ID, SOFT_DELETED, EXPECTED_START_DATE, ROW_VERSION, EXPECTED_END_DATE, LIC_COND_TYPE_SUB_CAT_ID, CREATED_DATETIME, LAST_UPDATED_DATETIME, INSTITUTION_ID, ESTABLISHMENT, CREATED_BY_USER_ID, LIC_COND_TYPE_MAIN_CAT_ID, LAST_UPDATED_USER_ID, LIC_TERMINATION_REASON_ID, TRAINING_SESSION_ID, OFFENDER_ID, ORGANISATIONS, ACTIVE_FLAG, PENDING_TRANSFER, ATTENDANCE_COUNT)
            VALUES (250015778, 2500282335, '2014-09-04 00:00:00.000000', 6, '', '2014-09-04 00:00:00.000000', '', null, '', 1, 0, '2014-09-04 00:00:00.000000', 1, '2014-09-04 00:00:00.000000', 2215, '2014-09-04 00:00:00.000000', '2014-09-04 00:00:00.000000', null, 'N', 2500000081, 36, 2500000081, null, null, 250000702, null, 1, 0, 4);


INSERT INTO ADDITIONAL_SENTENCE (ADDITIONAL_SENTENCE_ID, LENGTH, AMOUNT, NOTES, EVENT_ID, SOFT_DELETED, PARTITION_AREA_ID, ROW_VERSION, ADDITIONAL_SENTENCE_TYPE_ID, CREATED_BY_USER_ID, CREATED_DATETIME, LAST_UPDATED_USER_ID, LAST_UPDATED_DATETIME, TRAINING_SESSION_ID, ORGANISATIONS, OFFENDER_ID)
VALUES (2500002005, 6, 100, 'Additional Sentence 1', 2500295345, 0, 0, 1, 132, 2500003526, TO_DATE('2016-05-17 15:27:59', 'YYYY-MM-DD HH24:MI:SS'), 2500003526, TO_DATE('2016-05-17 15:27:59', 'YYYY-MM-DD HH24:MI:SS'), null, null, 2500343964);