-- Data used for testing the offender manager -> offender -> responsible officer endpoints
-- Staff who are offender managers and responsible officers
INSERT INTO USER_ (USER_ID, STAFF_ID, PROVIDER_EMPLOYEE_ID, SURNAME, FORENAME, FORENAME2, END_DATE, NOTES, ROW_VERSION, DISTINGUISHED_NAME, EXTERNAL_PROVIDER_EMPLOYEEFLAG, EXTERNAL_PROVIDER_ID, TRAINING_SESSION_ID, PRIVATE, ORGANISATION_ID, SC_PROVIDER_ID, CREATED_BY_USER_ID, CREATED_DATETIME, LAST_UPDATED_USER_ID, LAST_UPDATED_DATETIME)
VALUES (110, null, null, 'USER', 'NOSTAFF', 'SANDRA', null, null, 0, 'NoStaffUserNPS', null, null, null, 0, 0, null, null, null, null, null);

INSERT INTO USER_ (USER_ID, STAFF_ID, PROVIDER_EMPLOYEE_ID, SURNAME, FORENAME, FORENAME2, END_DATE, NOTES, ROW_VERSION, DISTINGUISHED_NAME, EXTERNAL_PROVIDER_EMPLOYEEFLAG, EXTERNAL_PROVIDER_ID, TRAINING_SESSION_ID, PRIVATE, ORGANISATION_ID, SC_PROVIDER_ID, CREATED_BY_USER_ID, CREATED_DATETIME, LAST_UPDATED_USER_ID, LAST_UPDATED_DATETIME)
VALUES (11, 11, null, 'HANCOCK', 'SHEILA', 'SANDRA', null, null, 0, 'SheilaHancockNPS', null, null, null, 0, 0, null, null, null, null, null);

INSERT INTO USER_ (USER_ID, STAFF_ID, PROVIDER_EMPLOYEE_ID, SURNAME, FORENAME, FORENAME2, END_DATE, NOTES, ROW_VERSION, DISTINGUISHED_NAME, EXTERNAL_PROVIDER_EMPLOYEEFLAG, EXTERNAL_PROVIDER_ID, TRAINING_SESSION_ID, PRIVATE, ORGANISATION_ID, SC_PROVIDER_ID, CREATED_BY_USER_ID, CREATED_DATETIME, LAST_UPDATED_USER_ID, LAST_UPDATED_DATETIME)
VALUES (118, 17, null, 'NORTON', 'KEN', 'BOXER', null, null, 0, 'JimSnowLdap', null, null, null, 0, 0, null, null, null, null, null);

INSERT INTO STAFF (STAFF_ID, START_DATE, SURNAME, END_DATE, FORENAME, ROW_VERSION, FORENAME2, STAFF_GRADE_ID, TITLE_ID, OFFICER_CODE, CREATED_BY_USER_ID,
                   LAST_UPDATED_USER_ID, CREATED_DATETIME, LAST_UPDATED_DATETIME, TRAINING_SESSION_ID, PRIVATE, SC_PROVIDER_ID, PROBATION_AREA_ID)
VALUES (11,to_date('01-JAN-18','DD-MON-RR'),'HANCOCK',null,'SHEILA',1,'LINDA',1,1,'SH0001',1,1,to_date('01-JAN-18','DD-MON-RR'),to_date('01-JAN-18','DD-MON-RR'),null,0,11,11);

INSERT INTO STAFF (STAFF_ID, START_DATE, SURNAME, END_DATE, FORENAME, ROW_VERSION, FORENAME2, STAFF_GRADE_ID, TITLE_ID, OFFICER_CODE, CREATED_BY_USER_ID,
                   LAST_UPDATED_USER_ID, CREATED_DATETIME, LAST_UPDATED_DATETIME, TRAINING_SESSION_ID, PRIVATE, SC_PROVIDER_ID, PROBATION_AREA_ID)
VALUES (12,to_date('01-JAN-18','DD-MON-RR'),'WOOD',null,'JULIE',1,'',1,1,'SH0004',1,1,to_date('01-JAN-18','DD-MON-RR'),to_date('01-JAN-18','DD-MON-RR'),null,0,11,11);

INSERT INTO STAFF (STAFF_ID, START_DATE, SURNAME, END_DATE, FORENAME, ROW_VERSION, FORENAME2, STAFF_GRADE_ID, TITLE_ID, OFFICER_CODE, CREATED_BY_USER_ID,
                   LAST_UPDATED_USER_ID, CREATED_DATETIME, LAST_UPDATED_DATETIME, TRAINING_SESSION_ID, PRIVATE, SC_PROVIDER_ID, PROBATION_AREA_ID)
VALUES (13,to_date('01-JAN-18','DD-MON-RR'),'SMITH',null,'TREVOR',1,'',1,1,'SH0002',1,1,to_date('01-JAN-18','DD-MON-RR'),to_date('01-JAN-18','DD-MON-RR'),null,0,11,11);

INSERT INTO STAFF (STAFF_ID, START_DATE, SURNAME, END_DATE, FORENAME, ROW_VERSION, FORENAME2, STAFF_GRADE_ID, TITLE_ID, OFFICER_CODE, CREATED_BY_USER_ID,
                   LAST_UPDATED_USER_ID, CREATED_DATETIME, LAST_UPDATED_DATETIME, TRAINING_SESSION_ID, PRIVATE, SC_PROVIDER_ID, PROBATION_AREA_ID)
VALUES (14,to_date('01-JAN-18','DD-MON-RR'),'HUME',null,'LYDIA',1,'',1,1,'SH0005',1,1,to_date('01-JAN-18','DD-MON-RR'),to_date('01-JAN-18','DD-MON-RR'),null,0,12,12);

INSERT INTO STAFF (STAFF_ID, START_DATE, SURNAME, END_DATE, FORENAME, ROW_VERSION, FORENAME2, STAFF_GRADE_ID, TITLE_ID, OFFICER_CODE, CREATED_BY_USER_ID,
                   LAST_UPDATED_USER_ID, CREATED_DATETIME, LAST_UPDATED_DATETIME, TRAINING_SESSION_ID, PRIVATE, SC_PROVIDER_ID, PROBATION_AREA_ID)
VALUES (15,to_date('01-JAN-18','DD-MON-RR'),'BALL',null,'DAVID',1,'',1,1,'SH0003',1,1,to_date('01-JAN-18','DD-MON-RR'),to_date('01-JAN-18','DD-MON-RR'),null,0,12,12);

INSERT INTO STAFF (STAFF_ID, START_DATE, SURNAME, END_DATE, FORENAME, ROW_VERSION, FORENAME2, STAFF_GRADE_ID, TITLE_ID, OFFICER_CODE, CREATED_BY_USER_ID,
                   LAST_UPDATED_USER_ID, CREATED_DATETIME, LAST_UPDATED_DATETIME, TRAINING_SESSION_ID, PRIVATE, SC_PROVIDER_ID, PROBATION_AREA_ID)
VALUES (16,to_date('01-JAN-18','DD-MON-RR'),'TODD',null,'ALISTAIR',1,'',1,1,'SH0006',1,1,to_date('01-JAN-18','DD-MON-RR'),to_date('01-JAN-18','DD-MON-RR'),null,0,12,12);

INSERT INTO STAFF (STAFF_ID, START_DATE, SURNAME, END_DATE, FORENAME, ROW_VERSION, FORENAME2, STAFF_GRADE_ID, TITLE_ID, OFFICER_CODE, CREATED_BY_USER_ID,
                   LAST_UPDATED_USER_ID, CREATED_DATETIME, LAST_UPDATED_DATETIME, TRAINING_SESSION_ID, PRIVATE, SC_PROVIDER_ID, PROBATION_AREA_ID)
VALUES (17,to_date('01-JAN-18','DD-MON-RR'),'SNOW',null,'JIM',1,'',1,1,'SH0007',1,1,to_date('01-JAN-18','DD-MON-RR'),to_date('01-JAN-18','DD-MON-RR'),null,0,12,12);

INSERT INTO STAFF_TEAM (STAFF_ID, TEAM_ID, ROW_VERSION, CREATED_BY_USER_ID, CREATED_DATETIME, LAST_UPDATED_USER_ID, LAST_UPDATED_DATETIME, TRAINING_SESSION_ID)
VALUES (11, 2500002140, 1, 2500003526, TO_DATE('2017-09-11 10:22:08', 'YYYY-MM-DD HH24:MI:SS'), 2500003526, TO_DATE('2017-09-11 10:22:08', 'YYYY-MM-DD HH24:MI:SS'), null);

UPDATE TEAM SET EMAIL_ADDRESS = 'Sheila.HancockNPS@moj.gov.uk' WHERE TEAM_ID = 2500002140;

-- Offenders managed by staff above
INSERT INTO OFFENDER (OFFENDER_ID, FIRST_NAME, CRN, SECOND_NAME, PNC_NUMBER, CRO_NUMBER, SURNAME, FIRST_NAME_SOUNDEX, SURNAME_SOUNDEX, NOMS_NUMBER, ALLOW_SMS, DATE_OF_BIRTH_DATE,NI_NUMBER,
                      PARTITION_AREA_ID, SOFT_DELETED, ROW_VERSION, TITLE_ID, GENDER_ID, ETHNICITY_ID, NATIONALITY_ID, IMMIGRATION_STATUS_ID, LANGUAGE_ID, RELIGION_ID,
                      SECOND_NATIONALITY_ID, CREATED_DATETIME, MOST_RECENT_PRISONER_NUMBER, LAST_UPDATED_DATETIME, SEXUAL_ORIENTATION_ID, CURRENT_EXCLUSION,
                      CREATED_BY_USER_ID, LAST_UPDATED_USER_ID, TRAINING_SESSION_ID, LAST_UPDATED_USER_ID_DIVERSITY, CURRENT_DISPOSAL, CURRENT_HIGHEST_RISK_COLOUR, CURRENT_RESTRICTION,
                      INSTITUTION_ID, ESTABLISHMENT, CURRENT_TIER, PENDING_TRANSFER, CURRENT_REMAND_STATUS, OM_ALLOCATION_DECISION_ID,
                      PREV_CON_LAST_UPD_AUTH_PROV_ID, TRANSGENDER_PROCESS_ID, TRANSGENDER_CONSENT_DISCLOSE, MENTAL_HEALTH, SAFEGUARDING_ISSUE,
                      DISABILITY, IOM_NOMINAL, VULNERABILITY_ISSUE, INTERPRETER_REQUIRED)
VALUES (11,'KEN', 'CRN11', '', 'PNC11', 'CRO11', 'BARLOW', ' ', ' ', 'G0560UO', 'Y', to_date('09-AUG-59','DD-MON-RR'), 'AB111111', 1, 0, 1, 1, 1, 1, 1, 1, 1, 1, 1, to_date('13-DEC-18','DD-MON-RR'), 'G0560UO',
        to_date('13-DEC-18','DD-MON-RR'), 1, 0, 1, 1, 1, 1, 1, 'RED', 0, 1, 'Y', 1, 0, 'CONVICTED',1,11,1,'N','N','N','N','N','N','N');

INSERT INTO OFFENDER (OFFENDER_ID, FIRST_NAME, CRN, SECOND_NAME, PNC_NUMBER, CRO_NUMBER, SURNAME, FIRST_NAME_SOUNDEX, SURNAME_SOUNDEX, NOMS_NUMBER, ALLOW_SMS, DATE_OF_BIRTH_DATE,NI_NUMBER,
                      PARTITION_AREA_ID, SOFT_DELETED, ROW_VERSION, TITLE_ID, GENDER_ID, ETHNICITY_ID, NATIONALITY_ID, IMMIGRATION_STATUS_ID, LANGUAGE_ID, RELIGION_ID,
                      SECOND_NATIONALITY_ID, CREATED_DATETIME, MOST_RECENT_PRISONER_NUMBER, LAST_UPDATED_DATETIME, SEXUAL_ORIENTATION_ID, CURRENT_EXCLUSION,
                      CREATED_BY_USER_ID, LAST_UPDATED_USER_ID, TRAINING_SESSION_ID, LAST_UPDATED_USER_ID_DIVERSITY, CURRENT_DISPOSAL, CURRENT_HIGHEST_RISK_COLOUR, CURRENT_RESTRICTION,
                      INSTITUTION_ID, ESTABLISHMENT, CURRENT_TIER, PENDING_TRANSFER, CURRENT_REMAND_STATUS, OM_ALLOCATION_DECISION_ID,
                      PREV_CON_LAST_UPD_AUTH_PROV_ID, TRANSGENDER_PROCESS_ID, TRANSGENDER_CONSENT_DISCLOSE, MENTAL_HEALTH, SAFEGUARDING_ISSUE,
                      DISABILITY, IOM_NOMINAL, VULNERABILITY_ISSUE, INTERPRETER_REQUIRED)
VALUES (12,'OSJIRAAB', 'CRN12', 'KATIEN', 'PNC12', 'CRO12', 'VIVEN', ' ', ' ', 'G4106UN', 'Y', to_date('08-OCT-98','DD-MON-RR'), 'AB121212', 1, 0, 1, 1, 1, 1, 1, 1, 1, 1, 1, to_date('13-DEC-18','DD-MON-RR'), 'G4106UN',
        to_date('13-DEC-18','DD-MON-RR'), 1, 0, 1, 1, 1, 1, 1, 'RED', 0, 1, 'Y', 1, 0, 'CONVICTED',1,11,1,'N','N','N','N','N','N','N');

INSERT INTO OFFENDER (OFFENDER_ID, FIRST_NAME, CRN, SECOND_NAME, PNC_NUMBER, CRO_NUMBER, SURNAME, FIRST_NAME_SOUNDEX, SURNAME_SOUNDEX, NOMS_NUMBER, ALLOW_SMS, DATE_OF_BIRTH_DATE,NI_NUMBER,
                      PARTITION_AREA_ID, SOFT_DELETED, ROW_VERSION, TITLE_ID, GENDER_ID, ETHNICITY_ID, NATIONALITY_ID, IMMIGRATION_STATUS_ID, LANGUAGE_ID, RELIGION_ID,
                      SECOND_NATIONALITY_ID, CREATED_DATETIME, MOST_RECENT_PRISONER_NUMBER, LAST_UPDATED_DATETIME, SEXUAL_ORIENTATION_ID, CURRENT_EXCLUSION,
                      CREATED_BY_USER_ID, LAST_UPDATED_USER_ID, TRAINING_SESSION_ID, LAST_UPDATED_USER_ID_DIVERSITY, CURRENT_DISPOSAL, CURRENT_HIGHEST_RISK_COLOUR, CURRENT_RESTRICTION,
                      INSTITUTION_ID, ESTABLISHMENT, CURRENT_TIER, PENDING_TRANSFER, CURRENT_REMAND_STATUS, OM_ALLOCATION_DECISION_ID,
                      PREV_CON_LAST_UPD_AUTH_PROV_ID, TRANSGENDER_PROCESS_ID, TRANSGENDER_CONSENT_DISCLOSE, MENTAL_HEALTH, SAFEGUARDING_ISSUE,
                      DISABILITY, IOM_NOMINAL, VULNERABILITY_ISSUE, INTERPRETER_REQUIRED)
VALUES (13,'YDRNEEL', 'CRN13', 'RANDER', 'PNC13', 'CRO13', 'NAOMERIC', ' ', ' ', 'G4139UN', 'Y', to_date('08-NOV-97','DD-MON-RR'), 'AB131313', 1, 0, 1, 1, 1, 1, 1, 1, 1, 1, 1, to_date('13-DEC-18','DD-MON-RR'), 'G4139UN',
        to_date('13-DEC-18','DD-MON-RR'), 1, 0, 1, 1, 1, 1, 1, 'RED', 0, 1, 'Y', 1, 0, 'CONVICTED',1,11,1,'N','N','N','N','N','N','N');

INSERT INTO OFFENDER (OFFENDER_ID, FIRST_NAME, CRN, SECOND_NAME, PNC_NUMBER, CRO_NUMBER, SURNAME, FIRST_NAME_SOUNDEX, SURNAME_SOUNDEX, NOMS_NUMBER, ALLOW_SMS, DATE_OF_BIRTH_DATE,NI_NUMBER,
                      PARTITION_AREA_ID, SOFT_DELETED, ROW_VERSION, TITLE_ID, GENDER_ID, ETHNICITY_ID, NATIONALITY_ID, IMMIGRATION_STATUS_ID, LANGUAGE_ID, RELIGION_ID,
                      SECOND_NATIONALITY_ID, CREATED_DATETIME, MOST_RECENT_PRISONER_NUMBER, LAST_UPDATED_DATETIME, SEXUAL_ORIENTATION_ID, CURRENT_EXCLUSION,
                      CREATED_BY_USER_ID, LAST_UPDATED_USER_ID, TRAINING_SESSION_ID, LAST_UPDATED_USER_ID_DIVERSITY, CURRENT_DISPOSAL, CURRENT_HIGHEST_RISK_COLOUR, CURRENT_RESTRICTION,
                      INSTITUTION_ID, ESTABLISHMENT, CURRENT_TIER, PENDING_TRANSFER, CURRENT_REMAND_STATUS, OM_ALLOCATION_DECISION_ID,
                      PREV_CON_LAST_UPD_AUTH_PROV_ID, TRANSGENDER_PROCESS_ID, TRANSGENDER_CONSENT_DISCLOSE, MENTAL_HEALTH, SAFEGUARDING_ISSUE,
                      DISABILITY, IOM_NOMINAL, VULNERABILITY_ISSUE, INTERPRETER_REQUIRED)
VALUES (14,'PADDY', 'CRN14', '', 'PNC14', 'CRO14', 'KIRK', ' ', ' ', 'A5067DY', 'Y', to_date('08-NOV-97','DD-MON-RR'), 'AB141414', 1, 0, 1, 1, 1, 1, 1, 1, 1, 1, 1, to_date('13-DEC-18','DD-MON-RR'), 'AB141414',
        to_date('13-DEC-18','DD-MON-RR'), 1, 0, 1, 1, 1, 1, 0, 'RED', 0, 1, 'Y', 1, 0, 'CONVICTED',1,11,1,'N','N','N','N','N','N','N');

INSERT INTO OFFENDER (OFFENDER_ID, FIRST_NAME, CRN, SECOND_NAME, PNC_NUMBER, CRO_NUMBER, SURNAME, FIRST_NAME_SOUNDEX, SURNAME_SOUNDEX, NOMS_NUMBER, ALLOW_SMS, DATE_OF_BIRTH_DATE,NI_NUMBER,
                      PARTITION_AREA_ID, SOFT_DELETED, ROW_VERSION, TITLE_ID, GENDER_ID, ETHNICITY_ID, NATIONALITY_ID, IMMIGRATION_STATUS_ID, LANGUAGE_ID, RELIGION_ID,
                      SECOND_NATIONALITY_ID, CREATED_DATETIME, MOST_RECENT_PRISONER_NUMBER, LAST_UPDATED_DATETIME, SEXUAL_ORIENTATION_ID, CURRENT_EXCLUSION,
                      CREATED_BY_USER_ID, LAST_UPDATED_USER_ID, TRAINING_SESSION_ID, LAST_UPDATED_USER_ID_DIVERSITY, CURRENT_DISPOSAL, CURRENT_HIGHEST_RISK_COLOUR, CURRENT_RESTRICTION,
                      INSTITUTION_ID, ESTABLISHMENT, CURRENT_TIER, PENDING_TRANSFER, CURRENT_REMAND_STATUS, OM_ALLOCATION_DECISION_ID,
                      PREV_CON_LAST_UPD_AUTH_PROV_ID, TRANSGENDER_PROCESS_ID, TRANSGENDER_CONSENT_DISCLOSE, MENTAL_HEALTH, SAFEGUARDING_ISSUE,
                      DISABILITY, IOM_NOMINAL, VULNERABILITY_ISSUE, INTERPRETER_REQUIRED)
VALUES (15,'ATNELNT', 'CRN15', 'HOLDE', 'PNC15', 'CRO15', 'ANTHONDA', ' ', ' ', 'G4340UK', 'Y', to_date('08-NOV-97','DD-MON-RR'), 'AB151515', 1, 0, 1, 1, 1, 1, 1, 1, 1, 1, 1, to_date('13-DEC-18','DD-MON-RR'), 'G4340UK',
        to_date('13-DEC-18','DD-MON-RR'), 1, 0, 1, 1, 1, 1, 0, 'RED', 0, 1, 'Y', 1, 0, 'CONVICTED',1,11,1,'N','N','N','N','N','N','N');

INSERT INTO OFFENDER (OFFENDER_ID, FIRST_NAME, CRN, SECOND_NAME, PNC_NUMBER, CRO_NUMBER, SURNAME, FIRST_NAME_SOUNDEX, SURNAME_SOUNDEX, NOMS_NUMBER, ALLOW_SMS, DATE_OF_BIRTH_DATE,NI_NUMBER,
                      PARTITION_AREA_ID, SOFT_DELETED, ROW_VERSION, TITLE_ID, GENDER_ID, ETHNICITY_ID, NATIONALITY_ID, IMMIGRATION_STATUS_ID, LANGUAGE_ID, RELIGION_ID,
                      SECOND_NATIONALITY_ID, CREATED_DATETIME, MOST_RECENT_PRISONER_NUMBER, LAST_UPDATED_DATETIME, SEXUAL_ORIENTATION_ID, CURRENT_EXCLUSION,
                      CREATED_BY_USER_ID, LAST_UPDATED_USER_ID, TRAINING_SESSION_ID, LAST_UPDATED_USER_ID_DIVERSITY, CURRENT_DISPOSAL, CURRENT_HIGHEST_RISK_COLOUR, CURRENT_RESTRICTION,
                      INSTITUTION_ID, ESTABLISHMENT, CURRENT_TIER, PENDING_TRANSFER, CURRENT_REMAND_STATUS, OM_ALLOCATION_DECISION_ID,
                      PREV_CON_LAST_UPD_AUTH_PROV_ID, TRANSGENDER_PROCESS_ID, TRANSGENDER_CONSENT_DISCLOSE, MENTAL_HEALTH, SAFEGUARDING_ISSUE,
                      DISABILITY, IOM_NOMINAL, VULNERABILITY_ISSUE, INTERPRETER_REQUIRED)
VALUES (16,'BEN', 'CRN16', '', 'PNC16', 'CRO16', 'CASSIDY', ' ', ' ', 'G1297UW', 'Y', to_date('08-NOV-97','DD-MON-RR'), 'AB161616', 1, 0, 1, 1, 1, 1, 1, 1, 1, 1, 1, to_date('13-DEC-18','DD-MON-RR'), 'G1297UW',
        to_date('13-DEC-18','DD-MON-RR'), 1, 0, 1, 1, 1, 1, 0, 'RED', 0, 1, 'Y', 1, 0, 'CONVICTED',1,11,1,'N','N','N','N','N','N','N');

INSERT INTO OFFENDER (OFFENDER_ID, FIRST_NAME, CRN, SECOND_NAME, PNC_NUMBER, CRO_NUMBER, SURNAME, FIRST_NAME_SOUNDEX, SURNAME_SOUNDEX, NOMS_NUMBER, ALLOW_SMS, DATE_OF_BIRTH_DATE,NI_NUMBER,
                      PARTITION_AREA_ID, SOFT_DELETED, ROW_VERSION, TITLE_ID, GENDER_ID, ETHNICITY_ID, NATIONALITY_ID, IMMIGRATION_STATUS_ID, LANGUAGE_ID, RELIGION_ID,
                      SECOND_NATIONALITY_ID, CREATED_DATETIME, MOST_RECENT_PRISONER_NUMBER, LAST_UPDATED_DATETIME, SEXUAL_ORIENTATION_ID, CURRENT_EXCLUSION,
                      CREATED_BY_USER_ID, LAST_UPDATED_USER_ID, TRAINING_SESSION_ID, LAST_UPDATED_USER_ID_DIVERSITY, CURRENT_DISPOSAL, CURRENT_HIGHEST_RISK_COLOUR, CURRENT_RESTRICTION,
                      INSTITUTION_ID, ESTABLISHMENT, CURRENT_TIER, PENDING_TRANSFER, CURRENT_REMAND_STATUS, OM_ALLOCATION_DECISION_ID,
                      PREV_CON_LAST_UPD_AUTH_PROV_ID, TRANSGENDER_PROCESS_ID, TRANSGENDER_CONSENT_DISCLOSE, MENTAL_HEALTH, SAFEGUARDING_ISSUE,
                      DISABILITY, IOM_NOMINAL, VULNERABILITY_ISSUE, INTERPRETER_REQUIRED)
VALUES (17,'DULQRENIERRE', 'CRN17', 'ROBABETH', 'PNC17', 'CRO17', 'LENOLD', ' ', ' ', 'G0272UA', 'Y', to_date('08-NOV-97','DD-MON-RR'), 'AB171717', 1, 0, 1, 1, 1, 1, 1, 1, 1, 1, 1, to_date('13-DEC-18','DD-MON-RR'), 'G0272UA',
        to_date('13-DEC-18','DD-MON-RR'), 1, 0, 1, 1, 1, 1, 0, 'RED', 0, 1, 'Y', 1, 0, 'CONVICTED',1,11,1,'N','N','N','N','N','N','N');

INSERT INTO OFFENDER (OFFENDER_ID, FIRST_NAME, CRN, SECOND_NAME, PNC_NUMBER, CRO_NUMBER, SURNAME, FIRST_NAME_SOUNDEX, SURNAME_SOUNDEX, NOMS_NUMBER, ALLOW_SMS, DATE_OF_BIRTH_DATE,NI_NUMBER,
                      PARTITION_AREA_ID, SOFT_DELETED, ROW_VERSION, TITLE_ID, GENDER_ID, ETHNICITY_ID, NATIONALITY_ID, IMMIGRATION_STATUS_ID, LANGUAGE_ID, RELIGION_ID,
                      SECOND_NATIONALITY_ID, CREATED_DATETIME, MOST_RECENT_PRISONER_NUMBER, LAST_UPDATED_DATETIME, SEXUAL_ORIENTATION_ID, CURRENT_EXCLUSION,
                      CREATED_BY_USER_ID, LAST_UPDATED_USER_ID, TRAINING_SESSION_ID, LAST_UPDATED_USER_ID_DIVERSITY, CURRENT_DISPOSAL, CURRENT_HIGHEST_RISK_COLOUR, CURRENT_RESTRICTION,
                      INSTITUTION_ID, ESTABLISHMENT, CURRENT_TIER, PENDING_TRANSFER, CURRENT_REMAND_STATUS, OM_ALLOCATION_DECISION_ID,
                      PREV_CON_LAST_UPD_AUTH_PROV_ID, TRANSGENDER_PROCESS_ID, TRANSGENDER_CONSENT_DISCLOSE, MENTAL_HEALTH, SAFEGUARDING_ISSUE,
                      DISABILITY, IOM_NOMINAL, VULNERABILITY_ISSUE, INTERPRETER_REQUIRED)
VALUES (18,'ULVAMOSE', 'CRN18', '', 'PNC18', 'CRO18', 'JAYMENTINO', ' ', ' ', 'G0986UN', 'Y', to_date('08-NOV-97','DD-MON-RR'), 'AB181818', 1, 0, 1, 1, 1, 1, 1, 1, 1, 1, 1, to_date('13-DEC-18','DD-MON-RR'), 'G0986UN',
        to_date('13-DEC-18','DD-MON-RR'), 1, 0, 1, 1, 1, 1, 0, 'RED', 0, 1, 'Y', 1, 0, 'CONVICTED',1,11,1,'N','N','N','N','N','N','N');

INSERT INTO OFFENDER (OFFENDER_ID, FIRST_NAME, CRN, SECOND_NAME, PNC_NUMBER, CRO_NUMBER, SURNAME, FIRST_NAME_SOUNDEX, SURNAME_SOUNDEX, NOMS_NUMBER, ALLOW_SMS, DATE_OF_BIRTH_DATE,NI_NUMBER,
                      PARTITION_AREA_ID, SOFT_DELETED, ROW_VERSION, TITLE_ID, GENDER_ID, ETHNICITY_ID, NATIONALITY_ID, IMMIGRATION_STATUS_ID, LANGUAGE_ID, RELIGION_ID,
                      SECOND_NATIONALITY_ID, CREATED_DATETIME, MOST_RECENT_PRISONER_NUMBER, LAST_UPDATED_DATETIME, SEXUAL_ORIENTATION_ID, CURRENT_EXCLUSION,
                      CREATED_BY_USER_ID, LAST_UPDATED_USER_ID, TRAINING_SESSION_ID, LAST_UPDATED_USER_ID_DIVERSITY, CURRENT_DISPOSAL, CURRENT_HIGHEST_RISK_COLOUR, CURRENT_RESTRICTION,
                      INSTITUTION_ID, ESTABLISHMENT, CURRENT_TIER, PENDING_TRANSFER, CURRENT_REMAND_STATUS, OM_ALLOCATION_DECISION_ID,
                      PREV_CON_LAST_UPD_AUTH_PROV_ID, TRANSGENDER_PROCESS_ID, TRANSGENDER_CONSENT_DISCLOSE, MENTAL_HEALTH, SAFEGUARDING_ISSUE,
                      DISABILITY, IOM_NOMINAL, VULNERABILITY_ISSUE, INTERPRETER_REQUIRED)
VALUES (19,'OGANONTHOMASIN', 'CRN19', 'LENIANA', 'PNC19', 'CRO19', 'DEVIEVE', ' ', ' ', 'G1138UF', 'Y', to_date('08-NOV-97','DD-MON-RR'), 'AB191919', 1, 0, 1, 1, 1, 1, 1, 1, 1, 1, 1, to_date('13-DEC-18','DD-MON-RR'), 'G1138UF',
        to_date('13-DEC-18','DD-MON-RR'), 1, 0, 1, 1, 1, 1, 0, 'RED', 0, 1, 'Y', 1, 0, 'CONVICTED',1,11,1,'N','N','N','N','N','N','N');

INSERT INTO OFFENDER (OFFENDER_ID, FIRST_NAME, CRN, SECOND_NAME, PNC_NUMBER, CRO_NUMBER, SURNAME, FIRST_NAME_SOUNDEX, SURNAME_SOUNDEX, NOMS_NUMBER, ALLOW_SMS, DATE_OF_BIRTH_DATE,NI_NUMBER,
                      PARTITION_AREA_ID, SOFT_DELETED, ROW_VERSION, TITLE_ID, GENDER_ID, ETHNICITY_ID, NATIONALITY_ID, IMMIGRATION_STATUS_ID, LANGUAGE_ID, RELIGION_ID,
                      SECOND_NATIONALITY_ID, CREATED_DATETIME, MOST_RECENT_PRISONER_NUMBER, LAST_UPDATED_DATETIME, SEXUAL_ORIENTATION_ID, CURRENT_EXCLUSION,
                      CREATED_BY_USER_ID, LAST_UPDATED_USER_ID, TRAINING_SESSION_ID, LAST_UPDATED_USER_ID_DIVERSITY, CURRENT_DISPOSAL, CURRENT_HIGHEST_RISK_COLOUR, CURRENT_RESTRICTION,
                      INSTITUTION_ID, ESTABLISHMENT, CURRENT_TIER, PENDING_TRANSFER, CURRENT_REMAND_STATUS, OM_ALLOCATION_DECISION_ID,
                      PREV_CON_LAST_UPD_AUTH_PROV_ID, TRANSGENDER_PROCESS_ID, TRANSGENDER_CONSENT_DISCLOSE, MENTAL_HEALTH, SAFEGUARDING_ISSUE,
                      DISABILITY, IOM_NOMINAL, VULNERABILITY_ISSUE, INTERPRETER_REQUIRED)
VALUES (20,'YMYNNEUMAR', 'CRN20', '', 'PNC20', 'CRO20', 'ZACHASINA', ' ', ' ', 'G0766UL', 'Y', to_date('08-NOV-97','DD-MON-RR'), 'AB202020', 1, 0, 1, 1, 1, 1, 1, 1, 1, 1, 1, to_date('13-DEC-18','DD-MON-RR'), 'G0766UL',
        to_date('13-DEC-18','DD-MON-RR'), 1, 0, 1, 1, 1, 1, 0, 'RED', 0, 1, 'Y', 1, 0, 'CONVICTED',1,12,1,'N','N','N','N','N','N','N');

INSERT INTO OFFENDER (OFFENDER_ID, FIRST_NAME, CRN, SECOND_NAME, PNC_NUMBER, CRO_NUMBER, SURNAME, FIRST_NAME_SOUNDEX, SURNAME_SOUNDEX, NOMS_NUMBER, ALLOW_SMS, DATE_OF_BIRTH_DATE,NI_NUMBER,
                      PARTITION_AREA_ID, SOFT_DELETED, ROW_VERSION, TITLE_ID, GENDER_ID, ETHNICITY_ID, NATIONALITY_ID, IMMIGRATION_STATUS_ID, LANGUAGE_ID, RELIGION_ID,
                      SECOND_NATIONALITY_ID, CREATED_DATETIME, MOST_RECENT_PRISONER_NUMBER, LAST_UPDATED_DATETIME, SEXUAL_ORIENTATION_ID, CURRENT_EXCLUSION,
                      CREATED_BY_USER_ID, LAST_UPDATED_USER_ID, TRAINING_SESSION_ID, LAST_UPDATED_USER_ID_DIVERSITY, CURRENT_DISPOSAL, CURRENT_HIGHEST_RISK_COLOUR, CURRENT_RESTRICTION,
                      INSTITUTION_ID, ESTABLISHMENT, CURRENT_TIER, PENDING_TRANSFER, CURRENT_REMAND_STATUS, OM_ALLOCATION_DECISION_ID,
                      PREV_CON_LAST_UPD_AUTH_PROV_ID, TRANSGENDER_PROCESS_ID, TRANSGENDER_CONSENT_DISCLOSE, MENTAL_HEALTH, SAFEGUARDING_ISSUE,
                      DISABILITY, IOM_NOMINAL, VULNERABILITY_ISSUE, INTERPRETER_REQUIRED)
VALUES (21,'ILBNELIWA', 'CRN21', 'ANOLPH', 'PNC21', 'CRO21', 'ALYSA', ' ', ' ', 'G3841VR', 'Y', to_date('08-NOV-97','DD-MON-RR'), 'AB212121', 1, 0, 1, 1, 1, 1, 1, 1, 1, 1, 1, to_date('13-DEC-18','DD-MON-RR'), 'G3841VR',
        to_date('13-DEC-18','DD-MON-RR'), 1, 0, 1, 1, 1, 1, 0, 'RED', 0, 1, 'Y', 1, 0, 'CONVICTED',1,12,1,'N','N','N','N','N','N','N');

INSERT INTO OFFENDER (OFFENDER_ID, FIRST_NAME, CRN, SECOND_NAME, PNC_NUMBER, CRO_NUMBER, SURNAME, FIRST_NAME_SOUNDEX, SURNAME_SOUNDEX, NOMS_NUMBER, ALLOW_SMS, DATE_OF_BIRTH_DATE,NI_NUMBER,
                      PARTITION_AREA_ID, SOFT_DELETED, ROW_VERSION, TITLE_ID, GENDER_ID, ETHNICITY_ID, NATIONALITY_ID, IMMIGRATION_STATUS_ID, LANGUAGE_ID, RELIGION_ID,
                      SECOND_NATIONALITY_ID, CREATED_DATETIME, MOST_RECENT_PRISONER_NUMBER, LAST_UPDATED_DATETIME, SEXUAL_ORIENTATION_ID, CURRENT_EXCLUSION,
                      CREATED_BY_USER_ID, LAST_UPDATED_USER_ID, TRAINING_SESSION_ID, LAST_UPDATED_USER_ID_DIVERSITY, CURRENT_DISPOSAL, CURRENT_HIGHEST_RISK_COLOUR, CURRENT_RESTRICTION,
                      INSTITUTION_ID, ESTABLISHMENT, CURRENT_TIER, PENDING_TRANSFER, CURRENT_REMAND_STATUS, OM_ALLOCATION_DECISION_ID,
                      PREV_CON_LAST_UPD_AUTH_PROV_ID, TRANSGENDER_PROCESS_ID, TRANSGENDER_CONSENT_DISCLOSE, MENTAL_HEALTH, SAFEGUARDING_ISSUE,
                      DISABILITY, IOM_NOMINAL, VULNERABILITY_ISSUE, INTERPRETER_REQUIRED)
VALUES (22,'ADNKELNA', 'CRN22', '', 'PNC22', 'CRO22', 'FATALIE', ' ', ' ', 'G4137UJ', 'Y', to_date('08-NOV-97','DD-MON-RR'), 'AB222222', 1, 0, 1, 1, 1, 1, 1, 1, 1, 1, 1, to_date('13-DEC-18','DD-MON-RR'), 'G4137UJ',
        to_date('13-DEC-18','DD-MON-RR'), 1, 0, 1, 1, 1, 1, 0, 'RED', 0, 1, 'Y', 1, 0, 'CONVICTED',1,12,1,'N','N','N','N','N','N','N');

INSERT INTO OFFENDER (OFFENDER_ID, FIRST_NAME, CRN, SECOND_NAME, PNC_NUMBER, CRO_NUMBER, SURNAME, FIRST_NAME_SOUNDEX, SURNAME_SOUNDEX, NOMS_NUMBER, ALLOW_SMS, DATE_OF_BIRTH_DATE,NI_NUMBER,
                      PARTITION_AREA_ID, SOFT_DELETED, ROW_VERSION, TITLE_ID, GENDER_ID, ETHNICITY_ID, NATIONALITY_ID, IMMIGRATION_STATUS_ID, LANGUAGE_ID, RELIGION_ID,
                      SECOND_NATIONALITY_ID, CREATED_DATETIME, MOST_RECENT_PRISONER_NUMBER, LAST_UPDATED_DATETIME, SEXUAL_ORIENTATION_ID, CURRENT_EXCLUSION,
                      CREATED_BY_USER_ID, LAST_UPDATED_USER_ID, TRAINING_SESSION_ID, LAST_UPDATED_USER_ID_DIVERSITY, CURRENT_DISPOSAL, CURRENT_HIGHEST_RISK_COLOUR, CURRENT_RESTRICTION,
                      INSTITUTION_ID, ESTABLISHMENT, CURRENT_TIER, PENDING_TRANSFER, CURRENT_REMAND_STATUS, OM_ALLOCATION_DECISION_ID,
                      PREV_CON_LAST_UPD_AUTH_PROV_ID, TRANSGENDER_PROCESS_ID, TRANSGENDER_CONSENT_DISCLOSE, MENTAL_HEALTH, SAFEGUARDING_ISSUE,
                      DISABILITY, IOM_NOMINAL, VULNERABILITY_ISSUE, INTERPRETER_REQUIRED)
VALUES (23,'STEVE', 'CRN23', '', 'PNC23', 'CRO23', 'MCDONALD', ' ', ' ', 'A5065DY', 'Y', to_date('08-NOV-97','DD-MON-RR'), 'AB232323', 1, 0, 1, 1, 1, 1, 1, 1, 1, 1, 1, to_date('13-DEC-18','DD-MON-RR'), 'A5065DY',
        to_date('13-DEC-18','DD-MON-RR'), 1, 0, 1, 1, 1, 1, 0, 'RED', 0, 1, 'Y', 1, 0, 'CONVICTED',1,12,1,'N','N','N','N','N','N','N');

INSERT INTO OFFENDER (OFFENDER_ID, FIRST_NAME, CRN, SECOND_NAME, PNC_NUMBER, CRO_NUMBER, SURNAME, FIRST_NAME_SOUNDEX, SURNAME_SOUNDEX, NOMS_NUMBER, ALLOW_SMS, DATE_OF_BIRTH_DATE,NI_NUMBER,
                      PARTITION_AREA_ID, SOFT_DELETED, ROW_VERSION, TITLE_ID, GENDER_ID, ETHNICITY_ID, NATIONALITY_ID, IMMIGRATION_STATUS_ID, LANGUAGE_ID, RELIGION_ID,
                      SECOND_NATIONALITY_ID, CREATED_DATETIME, MOST_RECENT_PRISONER_NUMBER, LAST_UPDATED_DATETIME, SEXUAL_ORIENTATION_ID, CURRENT_EXCLUSION,
                      CREATED_BY_USER_ID, LAST_UPDATED_USER_ID, TRAINING_SESSION_ID, LAST_UPDATED_USER_ID_DIVERSITY, CURRENT_DISPOSAL, CURRENT_HIGHEST_RISK_COLOUR, CURRENT_RESTRICTION,
                      INSTITUTION_ID, ESTABLISHMENT, CURRENT_TIER, PENDING_TRANSFER, CURRENT_REMAND_STATUS, OM_ALLOCATION_DECISION_ID,
                      PREV_CON_LAST_UPD_AUTH_PROV_ID, TRANSGENDER_PROCESS_ID, TRANSGENDER_CONSENT_DISCLOSE, MENTAL_HEALTH, SAFEGUARDING_ISSUE,
                      DISABILITY, IOM_NOMINAL, VULNERABILITY_ISSUE, INTERPRETER_REQUIRED)
VALUES (24,'ANDREW', 'CRN24', '', 'PNC24', 'CRO24', 'DAVIES', ' ', ' ', 'A5022DY', 'Y', to_date('08-NOV-97','DD-MON-RR'), 'AB242424', 1, 0, 1, 1, 1, 1, 1, 1, 1, 1, 1, to_date('13-DEC-18','DD-MON-RR'), 'A5022DY',
        to_date('13-DEC-18','DD-MON-RR'), 1, 0, 1, 1, 1, 1, 0, 'RED', 0, 1, 'Y', 1, 0, 'CONVICTED',1,12,1,'N','N','N','N','N','N','N');

INSERT INTO OFFENDER (OFFENDER_ID, FIRST_NAME, CRN, SECOND_NAME, PNC_NUMBER, CRO_NUMBER, SURNAME, FIRST_NAME_SOUNDEX, SURNAME_SOUNDEX, NOMS_NUMBER, ALLOW_SMS, DATE_OF_BIRTH_DATE,NI_NUMBER,
                      PARTITION_AREA_ID, SOFT_DELETED, ROW_VERSION, TITLE_ID, GENDER_ID, ETHNICITY_ID, NATIONALITY_ID, IMMIGRATION_STATUS_ID, LANGUAGE_ID, RELIGION_ID,
                      SECOND_NATIONALITY_ID, CREATED_DATETIME, MOST_RECENT_PRISONER_NUMBER, LAST_UPDATED_DATETIME, SEXUAL_ORIENTATION_ID, CURRENT_EXCLUSION,
                      CREATED_BY_USER_ID, LAST_UPDATED_USER_ID, TRAINING_SESSION_ID, LAST_UPDATED_USER_ID_DIVERSITY, CURRENT_DISPOSAL, CURRENT_HIGHEST_RISK_COLOUR, CURRENT_RESTRICTION,
                      INSTITUTION_ID, ESTABLISHMENT, CURRENT_TIER, PENDING_TRANSFER, CURRENT_REMAND_STATUS, OM_ALLOCATION_DECISION_ID,
                      PREV_CON_LAST_UPD_AUTH_PROV_ID, TRANSGENDER_PROCESS_ID, TRANSGENDER_CONSENT_DISCLOSE, MENTAL_HEALTH, SAFEGUARDING_ISSUE,
                      DISABILITY, IOM_NOMINAL, VULNERABILITY_ISSUE, INTERPRETER_REQUIRED)
VALUES (25,'JUNAID', 'CRN25', '', 'PNC25', 'CRO25', 'KHAN', ' ', ' ', 'G1030UT', 'Y', to_date('08-NOV-97','DD-MON-RR'), 'AB252525', 1, 0, 1, 1, 1, 1, 1, 1, 1, 1, 1, to_date('13-DEC-18','DD-MON-RR'), 'G1030UT',
        to_date('13-DEC-18','DD-MON-RR'), 1, 0, 1, 1, 1, 1, 0, 'RED', 0, 1, 'Y', 1, 0, 'CONVICTED',1,12,1,'N','N','N','N','N','N','N');

INSERT INTO OFFENDER (OFFENDER_ID, FIRST_NAME, CRN, SECOND_NAME, PNC_NUMBER, CRO_NUMBER, SURNAME, FIRST_NAME_SOUNDEX, SURNAME_SOUNDEX, NOMS_NUMBER, ALLOW_SMS, DATE_OF_BIRTH_DATE,NI_NUMBER,
                      PARTITION_AREA_ID, SOFT_DELETED, ROW_VERSION, TITLE_ID, GENDER_ID, ETHNICITY_ID, NATIONALITY_ID, IMMIGRATION_STATUS_ID, LANGUAGE_ID, RELIGION_ID,
                      SECOND_NATIONALITY_ID, CREATED_DATETIME, MOST_RECENT_PRISONER_NUMBER, LAST_UPDATED_DATETIME, SEXUAL_ORIENTATION_ID, CURRENT_EXCLUSION,
                      CREATED_BY_USER_ID, LAST_UPDATED_USER_ID, TRAINING_SESSION_ID, LAST_UPDATED_USER_ID_DIVERSITY, CURRENT_DISPOSAL, CURRENT_HIGHEST_RISK_COLOUR, CURRENT_RESTRICTION,
                      INSTITUTION_ID, ESTABLISHMENT, CURRENT_TIER, PENDING_TRANSFER, CURRENT_REMAND_STATUS, OM_ALLOCATION_DECISION_ID,
                      PREV_CON_LAST_UPD_AUTH_PROV_ID, TRANSGENDER_PROCESS_ID, TRANSGENDER_CONSENT_DISCLOSE, MENTAL_HEALTH, SAFEGUARDING_ISSUE,
                      DISABILITY, IOM_NOMINAL, VULNERABILITY_ISSUE, INTERPRETER_REQUIRED)
VALUES (26,'KIRK', 'CRN26', '', 'PNC26', 'CRO26', 'SUTHERLAND', ' ', ' ', 'G8378UL', 'Y', to_date('08-NOV-97','DD-MON-RR'), 'AB262626', 1, 0, 1, 1, 1, 1, 1, 1, 1, 1, 1, to_date('13-DEC-18','DD-MON-RR'), 'G8378UL',
        to_date('13-DEC-18','DD-MON-RR'), 1, 0, 1, 1, 1, 1, 0, 'RED', 0, 1, 'Y', 1, 0, 'CONVICTED',1,12,1,'N','N','N','N','N','N','N');

INSERT INTO OFFENDER (OFFENDER_ID, FIRST_NAME, CRN, SECOND_NAME, PNC_NUMBER, CRO_NUMBER, SURNAME, FIRST_NAME_SOUNDEX, SURNAME_SOUNDEX, NOMS_NUMBER, ALLOW_SMS, DATE_OF_BIRTH_DATE,NI_NUMBER,
                      PARTITION_AREA_ID, SOFT_DELETED, ROW_VERSION, TITLE_ID, GENDER_ID, ETHNICITY_ID, NATIONALITY_ID, IMMIGRATION_STATUS_ID, LANGUAGE_ID, RELIGION_ID,
                      SECOND_NATIONALITY_ID, CREATED_DATETIME, MOST_RECENT_PRISONER_NUMBER, LAST_UPDATED_DATETIME, SEXUAL_ORIENTATION_ID, CURRENT_EXCLUSION,
                      CREATED_BY_USER_ID, LAST_UPDATED_USER_ID, TRAINING_SESSION_ID, LAST_UPDATED_USER_ID_DIVERSITY, CURRENT_DISPOSAL, CURRENT_HIGHEST_RISK_COLOUR, CURRENT_RESTRICTION,
                      INSTITUTION_ID, ESTABLISHMENT, CURRENT_TIER, PENDING_TRANSFER, CURRENT_REMAND_STATUS, OM_ALLOCATION_DECISION_ID,
                      PREV_CON_LAST_UPD_AUTH_PROV_ID, TRANSGENDER_PROCESS_ID, TRANSGENDER_CONSENT_DISCLOSE, MENTAL_HEALTH, SAFEGUARDING_ISSUE,
                      DISABILITY, IOM_NOMINAL, VULNERABILITY_ISSUE, INTERPRETER_REQUIRED)
VALUES (27,'KEVIN', 'CRN27', '', 'PNC27', 'CRO27', 'WEBSTER', ' ', ' ', 'G7611UK', 'Y', to_date('08-NOV-97','DD-MON-RR'), 'AB272727', 1, 0, 1, 1, 1, 1, 1, 1, 1, 1, 1, to_date('13-DEC-18','DD-MON-RR'), 'G7611UK',
        to_date('13-DEC-18','DD-MON-RR'), 1, 0, 1, 1, 1, 1, 0, 'RED', 0, 1, 'Y', 1, 0, 'CONVICTED',1,12,1,'N','N','N','N','N','N','N');

INSERT INTO OFFENDER (OFFENDER_ID, FIRST_NAME, CRN, SECOND_NAME, PNC_NUMBER, CRO_NUMBER, SURNAME, FIRST_NAME_SOUNDEX, SURNAME_SOUNDEX, NOMS_NUMBER, ALLOW_SMS, DATE_OF_BIRTH_DATE,NI_NUMBER,
                      PARTITION_AREA_ID, SOFT_DELETED, ROW_VERSION, TITLE_ID, GENDER_ID, ETHNICITY_ID, NATIONALITY_ID, IMMIGRATION_STATUS_ID, LANGUAGE_ID, RELIGION_ID,
                      SECOND_NATIONALITY_ID, CREATED_DATETIME, MOST_RECENT_PRISONER_NUMBER, LAST_UPDATED_DATETIME, SEXUAL_ORIENTATION_ID, CURRENT_EXCLUSION,
                      CREATED_BY_USER_ID, LAST_UPDATED_USER_ID, TRAINING_SESSION_ID, LAST_UPDATED_USER_ID_DIVERSITY, CURRENT_DISPOSAL, CURRENT_HIGHEST_RISK_COLOUR, CURRENT_RESTRICTION,
                      INSTITUTION_ID, ESTABLISHMENT, CURRENT_TIER, PENDING_TRANSFER, CURRENT_REMAND_STATUS, OM_ALLOCATION_DECISION_ID,
                      PREV_CON_LAST_UPD_AUTH_PROV_ID, TRANSGENDER_PROCESS_ID, TRANSGENDER_CONSENT_DISCLOSE, MENTAL_HEALTH, SAFEGUARDING_ISSUE,
                      DISABILITY, IOM_NOMINAL, VULNERABILITY_ISSUE, INTERPRETER_REQUIRED)
VALUES (28,'PERCY', 'CRN28', '', 'PNC28', 'CRO28', 'SUGDEN', ' ', ' ', 'G7538UF', 'Y', to_date('08-NOV-97','DD-MON-RR'), 'AB282828', 1, 0, 1, 1, 1, 1, 1, 1, 1, 1, 1, to_date('13-DEC-18','DD-MON-RR'), 'G7538UF',
        to_date('13-DEC-18','DD-MON-RR'), 1, 0, 1, 1, 1, 1, 0, 'RED', 0, 1, 'Y', 1, 0, 'CONVICTED',1,12,1,'N','N','N','N','N','N','N');

INSERT INTO OFFENDER (OFFENDER_ID, FIRST_NAME, CRN, SECOND_NAME, PNC_NUMBER, CRO_NUMBER, SURNAME, FIRST_NAME_SOUNDEX, SURNAME_SOUNDEX, NOMS_NUMBER, ALLOW_SMS, DATE_OF_BIRTH_DATE,NI_NUMBER,
                      PARTITION_AREA_ID, SOFT_DELETED, ROW_VERSION, TITLE_ID, GENDER_ID, ETHNICITY_ID, NATIONALITY_ID, IMMIGRATION_STATUS_ID, LANGUAGE_ID, RELIGION_ID,
                      SECOND_NATIONALITY_ID, CREATED_DATETIME, MOST_RECENT_PRISONER_NUMBER, LAST_UPDATED_DATETIME, SEXUAL_ORIENTATION_ID, CURRENT_EXCLUSION,
                      CREATED_BY_USER_ID, LAST_UPDATED_USER_ID, TRAINING_SESSION_ID, LAST_UPDATED_USER_ID_DIVERSITY, CURRENT_DISPOSAL, CURRENT_HIGHEST_RISK_COLOUR, CURRENT_RESTRICTION,
                      INSTITUTION_ID, ESTABLISHMENT, CURRENT_TIER, PENDING_TRANSFER, CURRENT_REMAND_STATUS, OM_ALLOCATION_DECISION_ID,
                      PREV_CON_LAST_UPD_AUTH_PROV_ID, TRANSGENDER_PROCESS_ID, TRANSGENDER_CONSENT_DISCLOSE, MENTAL_HEALTH, SAFEGUARDING_ISSUE,
                      DISABILITY, IOM_NOMINAL, VULNERABILITY_ISSUE, INTERPRETER_REQUIRED)
VALUES (29,'ALF', 'CRN29', '', 'PNC29', 'CRO29', 'ROBERTS', ' ', ' ', 'G7964UN', 'Y', to_date('08-NOV-97','DD-MON-RR'), 'AB292929', 1, 0, 1, 1, 1, 1, 1, 1, 1, 1, 1, to_date('13-DEC-18','DD-MON-RR'), 'G7964UN',
        to_date('13-DEC-18','DD-MON-RR'), 1, 0, 1, 1, 1, 1, 0, 'RED', 0, 1, 'Y', 1, 0, 'CONVICTED',1,12,1,'N','N','N','N','N','N','N');

INSERT INTO OFFENDER (OFFENDER_ID, FIRST_NAME, CRN, SECOND_NAME, PNC_NUMBER, CRO_NUMBER, SURNAME, FIRST_NAME_SOUNDEX, SURNAME_SOUNDEX, NOMS_NUMBER, ALLOW_SMS, DATE_OF_BIRTH_DATE,NI_NUMBER,
                      PARTITION_AREA_ID, SOFT_DELETED, ROW_VERSION, TITLE_ID, GENDER_ID, ETHNICITY_ID, NATIONALITY_ID, IMMIGRATION_STATUS_ID, LANGUAGE_ID, RELIGION_ID,
                      SECOND_NATIONALITY_ID, CREATED_DATETIME, MOST_RECENT_PRISONER_NUMBER, LAST_UPDATED_DATETIME, SEXUAL_ORIENTATION_ID, CURRENT_EXCLUSION,
                      CREATED_BY_USER_ID, LAST_UPDATED_USER_ID, TRAINING_SESSION_ID, LAST_UPDATED_USER_ID_DIVERSITY, CURRENT_DISPOSAL, CURRENT_HIGHEST_RISK_COLOUR, CURRENT_RESTRICTION,
                      INSTITUTION_ID, ESTABLISHMENT, CURRENT_TIER, PENDING_TRANSFER, CURRENT_REMAND_STATUS, OM_ALLOCATION_DECISION_ID,
                      PREV_CON_LAST_UPD_AUTH_PROV_ID, TRANSGENDER_PROCESS_ID, TRANSGENDER_CONSENT_DISCLOSE, MENTAL_HEALTH, SAFEGUARDING_ISSUE,
                      DISABILITY, IOM_NOMINAL, VULNERABILITY_ISSUE, INTERPRETER_REQUIRED)
VALUES (30,'TYRONE', 'CRN30', '', 'PNC30', 'CRO30', 'DOBBS', ' ', ' ', 'G8331VA', 'Y', to_date('08-NOV-97','DD-MON-RR'), 'AB303030', 1, 0, 1, 1, 1, 1, 1, 1, 1, 1, 1, to_date('13-DEC-18','DD-MON-RR'), 'G8331VA',
        to_date('13-DEC-18','DD-MON-RR'), 1, 0, 1, 1, 1, 1, 0, 'RED', 0, 1, 'Y', 1, 0, 'CONVICTED',1,12,1,'N','N','N','N','N','N','N');


-- Officer - PK constraint for OFFENDER_MANAGER
INSERT INTO OFFICER (TRUST_PROVIDER_FLAG, STAFF_EMPLOYEE_ID, SURNAME, FORENAME, FORENAME2, ROW_VERSION, TRAINING_SESSION_ID, STAFF_GRADE_ID, START_DATE, END_DATE)
VALUES (0, 11, 'HANCOCK', 'SHEILA', 'LINDA', 1, 1, 1, to_date('08-NOV-11','DD-MON-RR'), to_date('08-NOV-30','DD-MON-RR'));

INSERT INTO OFFICER (TRUST_PROVIDER_FLAG, STAFF_EMPLOYEE_ID, SURNAME, FORENAME, FORENAME2, ROW_VERSION, TRAINING_SESSION_ID, STAFF_GRADE_ID, START_DATE, END_DATE)
VALUES (0, 12, 'WOOD', 'JULIE', '', 1, 1, 1, to_date('08-NOV-11','DD-MON-RR'), to_date('08-NOV-30','DD-MON-RR'));

INSERT INTO OFFICER (TRUST_PROVIDER_FLAG, STAFF_EMPLOYEE_ID, SURNAME, FORENAME, FORENAME2, ROW_VERSION, TRAINING_SESSION_ID, STAFF_GRADE_ID, START_DATE, END_DATE)
VALUES (0, 13, 'SMITH', 'TREVOR', '', 1, 1, 1, to_date('08-NOV-11','DD-MON-RR'), to_date('08-NOV-30','DD-MON-RR'));

INSERT INTO OFFICER (TRUST_PROVIDER_FLAG, STAFF_EMPLOYEE_ID, SURNAME, FORENAME, FORENAME2, ROW_VERSION, TRAINING_SESSION_ID, STAFF_GRADE_ID, START_DATE, END_DATE)
VALUES (0, 14, 'HUME', 'LYDIA', '', 1, 1, 1, to_date('08-NOV-11','DD-MON-RR'), to_date('08-NOV-30','DD-MON-RR'));

INSERT INTO OFFICER (TRUST_PROVIDER_FLAG, STAFF_EMPLOYEE_ID, SURNAME, FORENAME, FORENAME2, ROW_VERSION, TRAINING_SESSION_ID, STAFF_GRADE_ID, START_DATE, END_DATE)
VALUES (0, 15, 'BALL', 'DAVID', '', 1, 1, 1, to_date('08-NOV-11','DD-MON-RR'), to_date('08-NOV-30','DD-MON-RR'));

INSERT INTO OFFICER (TRUST_PROVIDER_FLAG, STAFF_EMPLOYEE_ID, SURNAME, FORENAME, FORENAME2, ROW_VERSION, TRAINING_SESSION_ID, STAFF_GRADE_ID, START_DATE, END_DATE)
VALUES (0, 16, 'TODD', 'ALISTAIR', '', 1, 1, 1, to_date('08-NOV-11','DD-MON-RR'), to_date('08-NOV-30','DD-MON-RR'));

INSERT INTO OFFICER (TRUST_PROVIDER_FLAG, STAFF_EMPLOYEE_ID, SURNAME, FORENAME, FORENAME2, ROW_VERSION, TRAINING_SESSION_ID, STAFF_GRADE_ID, START_DATE, END_DATE)
VALUES (0, 17, 'SNOW', 'JIM', '', 1, 1, 1, to_date('08-NOV-11','DD-MON-RR'), to_date('08-NOV-30','DD-MON-RR'));


-- Offender managers
INSERT INTO OFFENDER_MANAGER (OFFENDER_MANAGER_ID, ALLOCATION_DATE, END_DATE, ALLOCATION_STAFF_ID, TEAM_ID, PARTITION_AREA_ID,OFFENDER_ID,
                              SOFT_DELETED,ROW_VERSION,ALLOCATION_REASON_ID,PROVIDER_EMPLOYEE_ID, OFFENDER_TRANSFER_ID, PROVIDER_TEAM_ID,
                              TRAINING_SESSION_ID, TRUST_PROVIDER_FLAG,STAFF_EMPLOYEE_ID,PROBATION_AREA_ID,TRUST_PROVIDER_TEAM_ID,ACTIVE_FLAG,
                              CREATED_BY_USER_ID, CREATED_DATETIME,LAST_UPDATED_USER_ID,LAST_UPDATED_DATETIME)
VALUES (11, to_date('04-MAY-18','DD-MON-RR'), null, 11, 100, 1, 11, 0, 1, 1, null, null, null, 1, 0, 11, 11, 1, 1, 1, to_date('13-DEC-18','DD-MON-RR'), 1, to_date('13-DEC-18','DD-MON-RR'));

INSERT INTO OFFENDER_MANAGER (OFFENDER_MANAGER_ID, ALLOCATION_DATE, END_DATE, ALLOCATION_STAFF_ID, TEAM_ID, PARTITION_AREA_ID,OFFENDER_ID,
                              SOFT_DELETED,ROW_VERSION,ALLOCATION_REASON_ID,PROVIDER_EMPLOYEE_ID, OFFENDER_TRANSFER_ID, PROVIDER_TEAM_ID,
                              TRAINING_SESSION_ID, TRUST_PROVIDER_FLAG,STAFF_EMPLOYEE_ID,PROBATION_AREA_ID,TRUST_PROVIDER_TEAM_ID,ACTIVE_FLAG,
                              CREATED_BY_USER_ID, CREATED_DATETIME,LAST_UPDATED_USER_ID,LAST_UPDATED_DATETIME)
VALUES (12, to_date('04-MAY-18','DD-MON-RR'), null, 11, 100, 1, 12, 0, 1, 1,  null, null, null, 1, 0, 11, 11, 1, 1, 1, to_date('13-DEC-18','DD-MON-RR'), 1, to_date('13-DEC-18','DD-MON-RR'));

INSERT INTO OFFENDER_MANAGER (OFFENDER_MANAGER_ID, ALLOCATION_DATE, END_DATE, ALLOCATION_STAFF_ID, TEAM_ID, PARTITION_AREA_ID,OFFENDER_ID,
                              SOFT_DELETED,ROW_VERSION,ALLOCATION_REASON_ID,PROVIDER_EMPLOYEE_ID, OFFENDER_TRANSFER_ID, PROVIDER_TEAM_ID,
                              TRAINING_SESSION_ID, TRUST_PROVIDER_FLAG,STAFF_EMPLOYEE_ID,PROBATION_AREA_ID,TRUST_PROVIDER_TEAM_ID,ACTIVE_FLAG,
                              CREATED_BY_USER_ID, CREATED_DATETIME,LAST_UPDATED_USER_ID,LAST_UPDATED_DATETIME)
VALUES (13, to_date('04-MAY-18','DD-MON-RR'), null, 11, 100, 1, 13, 0, 1, 1, null, null, null, 1, 0, 11, 11, 1, 1, 1, to_date('13-DEC-18','DD-MON-RR'), 1, to_date('13-DEC-18','DD-MON-RR'));

INSERT INTO OFFENDER_MANAGER (OFFENDER_MANAGER_ID, ALLOCATION_DATE, END_DATE, ALLOCATION_STAFF_ID, TEAM_ID, PARTITION_AREA_ID,OFFENDER_ID,
                              SOFT_DELETED,ROW_VERSION,ALLOCATION_REASON_ID,PROVIDER_EMPLOYEE_ID, OFFENDER_TRANSFER_ID, PROVIDER_TEAM_ID,
                              TRAINING_SESSION_ID, TRUST_PROVIDER_FLAG,STAFF_EMPLOYEE_ID,PROBATION_AREA_ID,TRUST_PROVIDER_TEAM_ID,ACTIVE_FLAG,
                              CREATED_BY_USER_ID, CREATED_DATETIME,LAST_UPDATED_USER_ID,LAST_UPDATED_DATETIME)
VALUES (14, to_date('05-MAY-18','DD-MON-RR'), null, 12, 100, 1, 14, 0, 1, 1, null, null, null, 1, 0, 12, 11, 1, 1, 1, to_date('13-DEC-18','DD-MON-RR'), 1, to_date('13-DEC-18','DD-MON-RR'));

INSERT INTO OFFENDER_MANAGER (OFFENDER_MANAGER_ID, ALLOCATION_DATE, END_DATE, ALLOCATION_STAFF_ID, TEAM_ID, PARTITION_AREA_ID,OFFENDER_ID,
                              SOFT_DELETED,ROW_VERSION,ALLOCATION_REASON_ID,PROVIDER_EMPLOYEE_ID, OFFENDER_TRANSFER_ID, PROVIDER_TEAM_ID,
                              TRAINING_SESSION_ID, TRUST_PROVIDER_FLAG,STAFF_EMPLOYEE_ID,PROBATION_AREA_ID,TRUST_PROVIDER_TEAM_ID,ACTIVE_FLAG,
                              CREATED_BY_USER_ID, CREATED_DATETIME,LAST_UPDATED_USER_ID,LAST_UPDATED_DATETIME)
VALUES (15, to_date('05-MAY-18','DD-MON-RR'), null, 12, 100, 1, 15, 0, 1, 1, null, null, null, 1, 0, 12, 11, 1, 1, 1, to_date('13-DEC-18','DD-MON-RR'), 1, to_date('13-DEC-18','DD-MON-RR'));

INSERT INTO OFFENDER_MANAGER (OFFENDER_MANAGER_ID, ALLOCATION_DATE, END_DATE, ALLOCATION_STAFF_ID, TEAM_ID, PARTITION_AREA_ID,OFFENDER_ID,
                              SOFT_DELETED,ROW_VERSION,ALLOCATION_REASON_ID,PROVIDER_EMPLOYEE_ID, OFFENDER_TRANSFER_ID, PROVIDER_TEAM_ID,
                              TRAINING_SESSION_ID, TRUST_PROVIDER_FLAG,STAFF_EMPLOYEE_ID,PROBATION_AREA_ID,TRUST_PROVIDER_TEAM_ID,ACTIVE_FLAG,
                              CREATED_BY_USER_ID, CREATED_DATETIME,LAST_UPDATED_USER_ID,LAST_UPDATED_DATETIME)
VALUES (16, to_date('05-MAY-18','DD-MON-RR'), null, 12, 100, 1, 16, 0, 1, 1, null, null, null, 1, 0, 12, 11, 1, 1, 1, to_date('13-DEC-18','DD-MON-RR'), 1, to_date('13-DEC-18','DD-MON-RR'));

INSERT INTO OFFENDER_MANAGER (OFFENDER_MANAGER_ID, ALLOCATION_DATE, END_DATE, ALLOCATION_STAFF_ID, TEAM_ID, PARTITION_AREA_ID,OFFENDER_ID,
                              SOFT_DELETED,ROW_VERSION,ALLOCATION_REASON_ID,PROVIDER_EMPLOYEE_ID, OFFENDER_TRANSFER_ID, PROVIDER_TEAM_ID,
                              TRAINING_SESSION_ID, TRUST_PROVIDER_FLAG,STAFF_EMPLOYEE_ID,PROBATION_AREA_ID,TRUST_PROVIDER_TEAM_ID,ACTIVE_FLAG,
                              CREATED_BY_USER_ID, CREATED_DATETIME,LAST_UPDATED_USER_ID,LAST_UPDATED_DATETIME)
VALUES (17, to_date('06-MAY-18','DD-MON-RR'), null, 13, 100, 1, 17, 0, 1, 1, null, null, null, 1, 0, 13, 11, 1, 1, 1, to_date('13-DEC-18','DD-MON-RR'), 1, to_date('13-DEC-18','DD-MON-RR'));

INSERT INTO OFFENDER_MANAGER (OFFENDER_MANAGER_ID, ALLOCATION_DATE, END_DATE, ALLOCATION_STAFF_ID, TEAM_ID, PARTITION_AREA_ID,OFFENDER_ID,
                              SOFT_DELETED,ROW_VERSION,ALLOCATION_REASON_ID,PROVIDER_EMPLOYEE_ID, OFFENDER_TRANSFER_ID, PROVIDER_TEAM_ID,
                              TRAINING_SESSION_ID, TRUST_PROVIDER_FLAG,STAFF_EMPLOYEE_ID,PROBATION_AREA_ID,TRUST_PROVIDER_TEAM_ID,ACTIVE_FLAG,
                              CREATED_BY_USER_ID, CREATED_DATETIME,LAST_UPDATED_USER_ID,LAST_UPDATED_DATETIME)
VALUES (18, to_date('06-MAY-18','DD-MON-RR'), null, 13, 100, 1, 18, 0, 1, 1, null, null, null, 1, 0, 13, 11, 1, 1, 1, to_date('13-DEC-18','DD-MON-RR'), 1, to_date('13-DEC-18','DD-MON-RR'));

INSERT INTO OFFENDER_MANAGER (OFFENDER_MANAGER_ID, ALLOCATION_DATE, END_DATE, ALLOCATION_STAFF_ID, TEAM_ID, PARTITION_AREA_ID,OFFENDER_ID,
                              SOFT_DELETED,ROW_VERSION,ALLOCATION_REASON_ID,PROVIDER_EMPLOYEE_ID, OFFENDER_TRANSFER_ID, PROVIDER_TEAM_ID,
                              TRAINING_SESSION_ID, TRUST_PROVIDER_FLAG,STAFF_EMPLOYEE_ID,PROBATION_AREA_ID,TRUST_PROVIDER_TEAM_ID,ACTIVE_FLAG,
                              CREATED_BY_USER_ID, CREATED_DATETIME,LAST_UPDATED_USER_ID,LAST_UPDATED_DATETIME)
VALUES (19, to_date('06-MAY-18','DD-MON-RR'), null, 13, 100, 1, 19, 0, 1, 1, null, null, null, 1, 0, 13, 11, 1, 1, 1, to_date('13-DEC-18','DD-MON-RR'), 1, to_date('13-DEC-18','DD-MON-RR'));

INSERT INTO OFFENDER_MANAGER (OFFENDER_MANAGER_ID, ALLOCATION_DATE, END_DATE, ALLOCATION_STAFF_ID, TEAM_ID, PARTITION_AREA_ID,OFFENDER_ID,
                              SOFT_DELETED,ROW_VERSION,ALLOCATION_REASON_ID,PROVIDER_EMPLOYEE_ID, OFFENDER_TRANSFER_ID, PROVIDER_TEAM_ID,
                              TRAINING_SESSION_ID, TRUST_PROVIDER_FLAG,STAFF_EMPLOYEE_ID,PROBATION_AREA_ID,TRUST_PROVIDER_TEAM_ID,ACTIVE_FLAG,
                              CREATED_BY_USER_ID, CREATED_DATETIME,LAST_UPDATED_USER_ID,LAST_UPDATED_DATETIME)
VALUES (20, to_date('07-MAY-18','DD-MON-RR'), null, 14, 101, 1, 20, 0, 1, 1, null, null, null, 1, 0, 14, 12, 1, 1, 1, to_date('13-DEC-18','DD-MON-RR'), 1, to_date('13-DEC-18','DD-MON-RR'));

INSERT INTO OFFENDER_MANAGER (OFFENDER_MANAGER_ID, ALLOCATION_DATE, END_DATE, ALLOCATION_STAFF_ID, TEAM_ID, PARTITION_AREA_ID,OFFENDER_ID,
                              SOFT_DELETED,ROW_VERSION,ALLOCATION_REASON_ID,PROVIDER_EMPLOYEE_ID, OFFENDER_TRANSFER_ID, PROVIDER_TEAM_ID,
                              TRAINING_SESSION_ID, TRUST_PROVIDER_FLAG,STAFF_EMPLOYEE_ID,PROBATION_AREA_ID,TRUST_PROVIDER_TEAM_ID,ACTIVE_FLAG,
                              CREATED_BY_USER_ID, CREATED_DATETIME,LAST_UPDATED_USER_ID,LAST_UPDATED_DATETIME)
VALUES (21, to_date('07-MAY-18','DD-MON-RR'), null, 14, 101, 1, 21, 0, 1, 1, null, null, null, 1, 0, 14, 12, 1, 1, 1, to_date('13-DEC-18','DD-MON-RR'), 1, to_date('13-DEC-18','DD-MON-RR'));

INSERT INTO OFFENDER_MANAGER (OFFENDER_MANAGER_ID, ALLOCATION_DATE, END_DATE, ALLOCATION_STAFF_ID, TEAM_ID, PARTITION_AREA_ID,OFFENDER_ID,
                              SOFT_DELETED,ROW_VERSION,ALLOCATION_REASON_ID,PROVIDER_EMPLOYEE_ID, OFFENDER_TRANSFER_ID, PROVIDER_TEAM_ID,
                              TRAINING_SESSION_ID, TRUST_PROVIDER_FLAG,STAFF_EMPLOYEE_ID,PROBATION_AREA_ID,TRUST_PROVIDER_TEAM_ID,ACTIVE_FLAG,
                              CREATED_BY_USER_ID, CREATED_DATETIME,LAST_UPDATED_USER_ID,LAST_UPDATED_DATETIME)
VALUES (22, to_date('07-MAY-18','DD-MON-RR'), null, 14, 101, 1, 22, 0, 1, 1, null, null, null, 1, 0, 14, 12, 1, 1, 1, to_date('13-DEC-18','DD-MON-RR'), 1, to_date('13-DEC-18','DD-MON-RR'));

INSERT INTO OFFENDER_MANAGER (OFFENDER_MANAGER_ID, ALLOCATION_DATE, END_DATE, ALLOCATION_STAFF_ID, TEAM_ID, PARTITION_AREA_ID,OFFENDER_ID,
                              SOFT_DELETED,ROW_VERSION,ALLOCATION_REASON_ID,PROVIDER_EMPLOYEE_ID, OFFENDER_TRANSFER_ID, PROVIDER_TEAM_ID,
                              TRAINING_SESSION_ID, TRUST_PROVIDER_FLAG,STAFF_EMPLOYEE_ID,PROBATION_AREA_ID,TRUST_PROVIDER_TEAM_ID,ACTIVE_FLAG,
                              CREATED_BY_USER_ID, CREATED_DATETIME,LAST_UPDATED_USER_ID,LAST_UPDATED_DATETIME)
VALUES (23, to_date('08-MAY-18','DD-MON-RR'), null, 15, 101, 1, 23, 0, 1, 1, null, null, null, 1, 0, 15, 12, 1, 1, 1, to_date('13-DEC-18','DD-MON-RR'), 1, to_date('13-DEC-18','DD-MON-RR'));

INSERT INTO OFFENDER_MANAGER (OFFENDER_MANAGER_ID, ALLOCATION_DATE, END_DATE, ALLOCATION_STAFF_ID, TEAM_ID, PARTITION_AREA_ID,OFFENDER_ID,
                              SOFT_DELETED,ROW_VERSION,ALLOCATION_REASON_ID,PROVIDER_EMPLOYEE_ID, OFFENDER_TRANSFER_ID, PROVIDER_TEAM_ID,
                              TRAINING_SESSION_ID, TRUST_PROVIDER_FLAG,STAFF_EMPLOYEE_ID,PROBATION_AREA_ID,TRUST_PROVIDER_TEAM_ID,ACTIVE_FLAG,
                              CREATED_BY_USER_ID, CREATED_DATETIME,LAST_UPDATED_USER_ID,LAST_UPDATED_DATETIME)
VALUES (24, to_date('08-MAY-18','DD-MON-RR'), null, 15, 101, 1, 24, 0, 1, 1, null, null, null, 1, 0, 15, 12, 1, 1, 1, to_date('13-DEC-18','DD-MON-RR'), 1, to_date('13-DEC-18','DD-MON-RR'));

INSERT INTO OFFENDER_MANAGER (OFFENDER_MANAGER_ID, ALLOCATION_DATE, END_DATE, ALLOCATION_STAFF_ID, TEAM_ID, PARTITION_AREA_ID,OFFENDER_ID,
                              SOFT_DELETED,ROW_VERSION,ALLOCATION_REASON_ID,PROVIDER_EMPLOYEE_ID, OFFENDER_TRANSFER_ID, PROVIDER_TEAM_ID,
                              TRAINING_SESSION_ID, TRUST_PROVIDER_FLAG,STAFF_EMPLOYEE_ID,PROBATION_AREA_ID,TRUST_PROVIDER_TEAM_ID,ACTIVE_FLAG,
                              CREATED_BY_USER_ID, CREATED_DATETIME,LAST_UPDATED_USER_ID,LAST_UPDATED_DATETIME)
VALUES (25, to_date('08-MAY-18','DD-MON-RR'), null, 15, 101, 1, 25, 0, 1, 1, null, null, null, 1, 0, 15, 12, 1, 1, 1, to_date('13-DEC-18','DD-MON-RR'), 1, to_date('13-DEC-18','DD-MON-RR'));

--- Prison offender managers
INSERT INTO PRISON_OFFENDER_MANAGER (PRISON_OFFENDER_MANAGER_ID,OFFENDER_ID,PROBATION_AREA_ID,ALLOCATION_TEAM_ID, ALLOCATION_STAFF_ID, ALLOCATION_REASON_ID,
                                     TRANSFER_REASON_ID, ALLOCATION_DATE, END_DATE, ACTIVE_FLAG, SOFT_DELETED, ROW_VERSION,
                                     CREATED_DATETIME, CREATED_BY_USER_ID,LAST_UPDATED_DATETIME,LAST_UPDATED_USER_ID)
VALUES (11, 26, 12, 101, 101, 1, null, to_date('01-JAN-19','DD-MON-RR'), null, 1, 0, 1, to_date('13-DEC-18','DD-MON-RR'), 1, to_date('13-DEC-18','DD-MON-RR'), 1);


-- Responsible officers
INSERT INTO RESPONSIBLE_OFFICER (RESPONSIBLE_OFFICER_ID, OFFENDER_ID, OFFENDER_MANAGER_ID, PRISON_OFFENDER_MANAGER_ID, START_DATE, END_DATE,
                                 CREATED_BY_USER_ID,CREATED_DATETIME, LAST_UPDATED_USER_ID, LAST_UPDATED_DATETIME, ROW_VERSION)
VALUES (1, 11, 11, null, to_date('13-DEC-18','DD-MON-RR'), null, 1, to_date('13-DEC-18','DD-MON-RR'), 1, to_date('13-DEC-18','DD-MON-RR'), 1);

INSERT INTO RESPONSIBLE_OFFICER (RESPONSIBLE_OFFICER_ID, OFFENDER_ID, OFFENDER_MANAGER_ID, PRISON_OFFENDER_MANAGER_ID, START_DATE, END_DATE,
                                 CREATED_BY_USER_ID,CREATED_DATETIME, LAST_UPDATED_USER_ID, LAST_UPDATED_DATETIME, ROW_VERSION)
VALUES (2, 12, 12, null, to_date('13-DEC-18','DD-MON-RR'), null, 1, to_date('13-DEC-18','DD-MON-RR'), 1, to_date('13-DEC-18','DD-MON-RR'), 1);

INSERT INTO RESPONSIBLE_OFFICER (RESPONSIBLE_OFFICER_ID, OFFENDER_ID, OFFENDER_MANAGER_ID, PRISON_OFFENDER_MANAGER_ID, START_DATE, END_DATE,
                                 CREATED_BY_USER_ID,CREATED_DATETIME, LAST_UPDATED_USER_ID, LAST_UPDATED_DATETIME, ROW_VERSION)
VALUES (3, 13, 13, null, to_date('13-DEC-18','DD-MON-RR'), null, 1, to_date('13-DEC-18','DD-MON-RR'), 1, to_date('13-DEC-18','DD-MON-RR'), 1);

INSERT INTO RESPONSIBLE_OFFICER (RESPONSIBLE_OFFICER_ID, OFFENDER_ID, OFFENDER_MANAGER_ID, PRISON_OFFENDER_MANAGER_ID, START_DATE, END_DATE,
                                 CREATED_BY_USER_ID,CREATED_DATETIME, LAST_UPDATED_USER_ID, LAST_UPDATED_DATETIME, ROW_VERSION)
VALUES (4, 14, 14, null, to_date('13-DEC-18','DD-MON-RR'), null, 1, to_date('13-DEC-18','DD-MON-RR'), 1, to_date('13-DEC-18','DD-MON-RR'), 1);

INSERT INTO RESPONSIBLE_OFFICER (RESPONSIBLE_OFFICER_ID, OFFENDER_ID, OFFENDER_MANAGER_ID, PRISON_OFFENDER_MANAGER_ID, START_DATE, END_DATE,
                                 CREATED_BY_USER_ID,CREATED_DATETIME, LAST_UPDATED_USER_ID, LAST_UPDATED_DATETIME, ROW_VERSION)
VALUES (5, 15, 15, null, to_date('13-DEC-18','DD-MON-RR'), null, 1, to_date('13-DEC-18','DD-MON-RR'), 1, to_date('13-DEC-18','DD-MON-RR'), 1);

INSERT INTO RESPONSIBLE_OFFICER (RESPONSIBLE_OFFICER_ID, OFFENDER_ID, OFFENDER_MANAGER_ID, PRISON_OFFENDER_MANAGER_ID, START_DATE, END_DATE,
                                 CREATED_BY_USER_ID,CREATED_DATETIME, LAST_UPDATED_USER_ID, LAST_UPDATED_DATETIME, ROW_VERSION)
VALUES (6, 16, 16, null, to_date('13-DEC-18','DD-MON-RR'), null, 1, to_date('13-DEC-18','DD-MON-RR'), 1, to_date('13-DEC-18','DD-MON-RR'), 1);

INSERT INTO RESPONSIBLE_OFFICER (RESPONSIBLE_OFFICER_ID, OFFENDER_ID, OFFENDER_MANAGER_ID, PRISON_OFFENDER_MANAGER_ID, START_DATE, END_DATE,
                                 CREATED_BY_USER_ID,CREATED_DATETIME, LAST_UPDATED_USER_ID, LAST_UPDATED_DATETIME, ROW_VERSION)
VALUES (7, 17, 17, null, to_date('13-DEC-18','DD-MON-RR'), null, 1, to_date('13-DEC-18','DD-MON-RR'), 1, to_date('13-DEC-18','DD-MON-RR'), 1);

INSERT INTO RESPONSIBLE_OFFICER (RESPONSIBLE_OFFICER_ID, OFFENDER_ID, OFFENDER_MANAGER_ID, PRISON_OFFENDER_MANAGER_ID, START_DATE, END_DATE,
                                 CREATED_BY_USER_ID,CREATED_DATETIME, LAST_UPDATED_USER_ID, LAST_UPDATED_DATETIME, ROW_VERSION)
VALUES (8, 18, 18, null, to_date('13-DEC-18','DD-MON-RR'), null, 1, to_date('13-DEC-18','DD-MON-RR'), 1, to_date('13-DEC-18','DD-MON-RR'), 1);

INSERT INTO RESPONSIBLE_OFFICER (RESPONSIBLE_OFFICER_ID, OFFENDER_ID, OFFENDER_MANAGER_ID, PRISON_OFFENDER_MANAGER_ID, START_DATE, END_DATE,
                                 CREATED_BY_USER_ID,CREATED_DATETIME, LAST_UPDATED_USER_ID, LAST_UPDATED_DATETIME, ROW_VERSION)
VALUES (9, 19, 19, null, to_date('13-DEC-18','DD-MON-RR'), null, 1, to_date('13-DEC-18','DD-MON-RR'), 1, to_date('13-DEC-18','DD-MON-RR'), 1);

INSERT INTO RESPONSIBLE_OFFICER (RESPONSIBLE_OFFICER_ID, OFFENDER_ID, OFFENDER_MANAGER_ID, PRISON_OFFENDER_MANAGER_ID, START_DATE, END_DATE,
                                 CREATED_BY_USER_ID,CREATED_DATETIME, LAST_UPDATED_USER_ID, LAST_UPDATED_DATETIME, ROW_VERSION)
VALUES (10, 20, 20, null, to_date('13-DEC-18','DD-MON-RR'), null, 1, to_date('13-DEC-18','DD-MON-RR'), 1, to_date('13-DEC-18','DD-MON-RR'), 1);

INSERT INTO RESPONSIBLE_OFFICER (RESPONSIBLE_OFFICER_ID, OFFENDER_ID, OFFENDER_MANAGER_ID, PRISON_OFFENDER_MANAGER_ID, START_DATE, END_DATE,
                                 CREATED_BY_USER_ID,CREATED_DATETIME, LAST_UPDATED_USER_ID, LAST_UPDATED_DATETIME, ROW_VERSION)
VALUES (11, 21, 21, null, to_date('13-DEC-18','DD-MON-RR'), null, 1, to_date('13-DEC-18','DD-MON-RR'), 1, to_date('13-DEC-18','DD-MON-RR'), 1);

INSERT INTO RESPONSIBLE_OFFICER (RESPONSIBLE_OFFICER_ID, OFFENDER_ID, OFFENDER_MANAGER_ID, PRISON_OFFENDER_MANAGER_ID, START_DATE, END_DATE,
                                 CREATED_BY_USER_ID,CREATED_DATETIME, LAST_UPDATED_USER_ID, LAST_UPDATED_DATETIME, ROW_VERSION)
VALUES (12, 22, 22, null, to_date('13-DEC-18','DD-MON-RR'), null, 1, to_date('13-DEC-18','DD-MON-RR'), 1, to_date('13-DEC-18','DD-MON-RR'), 1);

INSERT INTO RESPONSIBLE_OFFICER (RESPONSIBLE_OFFICER_ID, OFFENDER_ID, OFFENDER_MANAGER_ID, PRISON_OFFENDER_MANAGER_ID, START_DATE, END_DATE,
                                 CREATED_BY_USER_ID,CREATED_DATETIME, LAST_UPDATED_USER_ID, LAST_UPDATED_DATETIME, ROW_VERSION)
VALUES (13, 23, 23, null, to_date('13-DEC-18','DD-MON-RR'), null, 1, to_date('13-DEC-18','DD-MON-RR'), 1, to_date('13-DEC-18','DD-MON-RR'), 1);

INSERT INTO RESPONSIBLE_OFFICER (RESPONSIBLE_OFFICER_ID, OFFENDER_ID, OFFENDER_MANAGER_ID, PRISON_OFFENDER_MANAGER_ID, START_DATE, END_DATE,
                                 CREATED_BY_USER_ID,CREATED_DATETIME, LAST_UPDATED_USER_ID, LAST_UPDATED_DATETIME, ROW_VERSION)
VALUES (14, 24, 24, null, to_date('13-DEC-18','DD-MON-RR'), null, 1, to_date('13-DEC-18','DD-MON-RR'), 1, to_date('13-DEC-18','DD-MON-RR'), 1);

INSERT INTO RESPONSIBLE_OFFICER (RESPONSIBLE_OFFICER_ID, OFFENDER_ID, OFFENDER_MANAGER_ID, PRISON_OFFENDER_MANAGER_ID, START_DATE, END_DATE,
                                 CREATED_BY_USER_ID,CREATED_DATETIME, LAST_UPDATED_USER_ID, LAST_UPDATED_DATETIME, ROW_VERSION)
VALUES (15, 25, 25, null, to_date('13-DEC-18','DD-MON-RR'), null, 1, to_date('13-DEC-18','DD-MON-RR'), 1, to_date('13-DEC-18','DD-MON-RR'), 1);

-- POM responsible officer
INSERT INTO RESPONSIBLE_OFFICER (RESPONSIBLE_OFFICER_ID, OFFENDER_ID, OFFENDER_MANAGER_ID, PRISON_OFFENDER_MANAGER_ID, START_DATE, END_DATE,
                                 CREATED_BY_USER_ID,CREATED_DATETIME, LAST_UPDATED_USER_ID, LAST_UPDATED_DATETIME, ROW_VERSION)
VALUES (16, 26, null, 11, to_date('13-DEC-18','DD-MON-RR'), null, 1, to_date('13-DEC-18','DD-MON-RR'), 1, to_date('13-DEC-18','DD-MON-RR'), 1);

-- End
-- There is seed data for two test scenarios related to INACTIVE and SOFT_DELETED rows

--
-- TEST 1: Officer SH0001 already has three offenders assigned (previous seed data) and is the offender manager and responsible officer for all.
--         Insert a fourth offender into this relationship (G3131VA) but make the row SOFT_DELETED=1
--         This offender should not show up in the test results when calling getManagedOffenders for officer SH0001
--

-- Seed an OFFENDER who has been soft deleted but still in a relationship with an OFFENDER_MANAGER (staff officer SH0006) and a RESPONSIBLE_OFFICER (both expired)
INSERT INTO OFFENDER (OFFENDER_ID, FIRST_NAME, CRN, SECOND_NAME, PNC_NUMBER, CRO_NUMBER, SURNAME, FIRST_NAME_SOUNDEX, SURNAME_SOUNDEX, NOMS_NUMBER, ALLOW_SMS, DATE_OF_BIRTH_DATE,NI_NUMBER,
                      PARTITION_AREA_ID, SOFT_DELETED, ROW_VERSION, TITLE_ID, GENDER_ID, ETHNICITY_ID, NATIONALITY_ID, IMMIGRATION_STATUS_ID, LANGUAGE_ID, RELIGION_ID,
                      SECOND_NATIONALITY_ID, CREATED_DATETIME, MOST_RECENT_PRISONER_NUMBER, LAST_UPDATED_DATETIME, SEXUAL_ORIENTATION_ID, CURRENT_EXCLUSION,
                      CREATED_BY_USER_ID, LAST_UPDATED_USER_ID, TRAINING_SESSION_ID, LAST_UPDATED_USER_ID_DIVERSITY, CURRENT_DISPOSAL, CURRENT_HIGHEST_RISK_COLOUR, CURRENT_RESTRICTION,
                      INSTITUTION_ID, ESTABLISHMENT, CURRENT_TIER, PENDING_TRANSFER, CURRENT_REMAND_STATUS, OM_ALLOCATION_DECISION_ID,
                      PREV_CON_LAST_UPD_AUTH_PROV_ID, TRANSGENDER_PROCESS_ID, TRANSGENDER_CONSENT_DISCLOSE, MENTAL_HEALTH, SAFEGUARDING_ISSUE,
                      DISABILITY, IOM_NOMINAL, VULNERABILITY_ISSUE, INTERPRETER_REQUIRED)
VALUES (31,'DAVID', 'CRN31', '', 'PNC31', 'CRO31', 'SOFT-DELETED', ' ', ' ', 'G3131VA', 'Y', to_date('08-NOV-97','DD-MON-RR'), 'AB313131', 1, 1, 1, 1, 1, 1, 1, 1, 1, 1, 1, to_date('13-DEC-18','DD-MON-RR'), 'G3131VA',
        to_date('13-DEC-18','DD-MON-RR'), 1, 0, 1, 1, 1, 1, 0, 'RED', 0, 1, 'Y', 1, 0, 'CONVICTED',1,12,1,'N','N','N','N','N','N','N');


-- Seed an OFFENDER_MANAGER row linking the above soft-deleted offender to officer code SH0001, but inactive and soft deleted
INSERT INTO OFFENDER_MANAGER (OFFENDER_MANAGER_ID, ALLOCATION_DATE, END_DATE, ALLOCATION_STAFF_ID, TEAM_ID, PARTITION_AREA_ID,OFFENDER_ID,
                              SOFT_DELETED,ROW_VERSION,ALLOCATION_REASON_ID,PROVIDER_EMPLOYEE_ID, OFFENDER_TRANSFER_ID, PROVIDER_TEAM_ID,
                              TRAINING_SESSION_ID, TRUST_PROVIDER_FLAG,STAFF_EMPLOYEE_ID,PROBATION_AREA_ID,TRUST_PROVIDER_TEAM_ID,ACTIVE_FLAG,
                              CREATED_BY_USER_ID, CREATED_DATETIME,LAST_UPDATED_USER_ID,LAST_UPDATED_DATETIME)
VALUES (26, to_date('08-MAY-18','DD-MON-RR'), to_date('08-FEB-19','DD-MON-RR') , 11, 11, 1, 31, 1, 1, 1, null, null, null, 1, 0, 11, 11, 1, 0, 1, to_date('13-DEC-18','DD-MON-RR'), 1, to_date('13-DEC-18','DD-MON-RR'));

-- Seed an expired (past its end date) RESPONSIBLE_OFFICER row with links to the soft-deleted OFFENDER and OFFENDER_MANAGER above
INSERT INTO RESPONSIBLE_OFFICER (RESPONSIBLE_OFFICER_ID, OFFENDER_ID, OFFENDER_MANAGER_ID, PRISON_OFFENDER_MANAGER_ID, START_DATE, END_DATE,
                                 CREATED_BY_USER_ID,CREATED_DATETIME, LAST_UPDATED_USER_ID, LAST_UPDATED_DATETIME, ROW_VERSION)
VALUES (17, 31, 26, null, to_date('13-DEC-18','DD-MON-RR'), to_date('13-FEB-19','DD-MON-RR'), 1, to_date('13-DEC-18','DD-MON-RR'), 1, to_date('13-DEC-18','DD-MON-RR'), 1);

--
-- TEST 2: Create new STAFF and OFFICER rows for officer code SH0008
--         Add two new and valid OFFENDER rows
--         Create two OFFENDER_MANAGER rows for these offenders, linked to the officer - but one of these OFFENDER_MANAGERs is SOFT_DELETED
--         Create two valid RESPONSIBLE_OFFICER rows for the offenders and offender managers above.
--         When calling the API for getManagedOffenders for SH0008 only one offender should be returned (ignoring the other with a SOFT_DELETED offender manager)
--


-- Seed a valid staff row
INSERT INTO STAFF (STAFF_ID, START_DATE, SURNAME, END_DATE, FORENAME, ROW_VERSION, FORENAME2, STAFF_GRADE_ID, TITLE_ID, OFFICER_CODE, CREATED_BY_USER_ID,
                   LAST_UPDATED_USER_ID, CREATED_DATETIME, LAST_UPDATED_DATETIME, TRAINING_SESSION_ID, PRIVATE, SC_PROVIDER_ID, PROBATION_AREA_ID)
VALUES (18,to_date('01-JAN-18','DD-MON-RR'),'ONE-OFFENDER',null,'OLIVER',1,'',1,1,'SH0008',1,1,to_date('01-JAN-18','DD-MON-RR'),to_date('01-JAN-18','DD-MON-RR'),null,0,12,12);

-- Seed a valid officer
INSERT INTO OFFICER (TRUST_PROVIDER_FLAG, STAFF_EMPLOYEE_ID, SURNAME, FORENAME, FORENAME2, ROW_VERSION, TRAINING_SESSION_ID, STAFF_GRADE_ID, START_DATE, END_DATE)
VALUES (0, 18, 'ONE-OFFENDER', 'OLIVER', '', 1, 1, 1, to_date('08-NOV-11','DD-MON-RR'), to_date('08-NOV-30','DD-MON-RR'));

-- Seed a valid offender
INSERT INTO OFFENDER (OFFENDER_ID, FIRST_NAME, CRN, SECOND_NAME, PNC_NUMBER, CRO_NUMBER, SURNAME, FIRST_NAME_SOUNDEX, SURNAME_SOUNDEX, NOMS_NUMBER, ALLOW_SMS, DATE_OF_BIRTH_DATE,NI_NUMBER,
                      PARTITION_AREA_ID, SOFT_DELETED, ROW_VERSION, TITLE_ID, GENDER_ID, ETHNICITY_ID, NATIONALITY_ID, IMMIGRATION_STATUS_ID, LANGUAGE_ID, RELIGION_ID,
                      SECOND_NATIONALITY_ID, CREATED_DATETIME, MOST_RECENT_PRISONER_NUMBER, LAST_UPDATED_DATETIME, SEXUAL_ORIENTATION_ID, CURRENT_EXCLUSION,
                      CREATED_BY_USER_ID, LAST_UPDATED_USER_ID, TRAINING_SESSION_ID, LAST_UPDATED_USER_ID_DIVERSITY, CURRENT_DISPOSAL, CURRENT_HIGHEST_RISK_COLOUR, CURRENT_RESTRICTION,
                      INSTITUTION_ID, ESTABLISHMENT, CURRENT_TIER, PENDING_TRANSFER, CURRENT_REMAND_STATUS, OM_ALLOCATION_DECISION_ID,
                      PREV_CON_LAST_UPD_AUTH_PROV_ID, TRANSGENDER_PROCESS_ID, TRANSGENDER_CONSENT_DISCLOSE, MENTAL_HEALTH, SAFEGUARDING_ISSUE,
                      DISABILITY, IOM_NOMINAL, VULNERABILITY_ISSUE, INTERPRETER_REQUIRED)
VALUES (32, 'VICTOR', 'CRN32', '', 'PNC32', 'CRO32', 'VALID', ' ', ' ', 'G3232VA', 'Y', to_date('08-NOV-97','DD-MON-RR'), 'AB323232', 1, 0, 1, 1, 1, 1, 1, 1, 1, 1, 1, to_date('13-DEC-18','DD-MON-RR'), 'G3232VA',
        to_date('13-DEC-18','DD-MON-RR'), 1, 0, 1, 1, 1, 1, 0, 'RED', 0, 1, 'Y', 1, 0, 'CONVICTED',1,12,1,'N','N','N','N','N','N','N');

-- Seed another offender - this one soft-deleted
INSERT INTO OFFENDER (OFFENDER_ID, FIRST_NAME, CRN, SECOND_NAME, PNC_NUMBER, CRO_NUMBER, SURNAME, FIRST_NAME_SOUNDEX, SURNAME_SOUNDEX, NOMS_NUMBER, ALLOW_SMS, DATE_OF_BIRTH_DATE,NI_NUMBER,
                      PARTITION_AREA_ID, SOFT_DELETED, ROW_VERSION, TITLE_ID, GENDER_ID, ETHNICITY_ID, NATIONALITY_ID, IMMIGRATION_STATUS_ID, LANGUAGE_ID, RELIGION_ID,
                      SECOND_NATIONALITY_ID, CREATED_DATETIME, MOST_RECENT_PRISONER_NUMBER, LAST_UPDATED_DATETIME, SEXUAL_ORIENTATION_ID, CURRENT_EXCLUSION,
                      CREATED_BY_USER_ID, LAST_UPDATED_USER_ID, TRAINING_SESSION_ID, LAST_UPDATED_USER_ID_DIVERSITY, CURRENT_DISPOSAL, CURRENT_HIGHEST_RISK_COLOUR, CURRENT_RESTRICTION,
                      INSTITUTION_ID, ESTABLISHMENT, CURRENT_TIER, PENDING_TRANSFER, CURRENT_REMAND_STATUS, OM_ALLOCATION_DECISION_ID,
                      PREV_CON_LAST_UPD_AUTH_PROV_ID, TRANSGENDER_PROCESS_ID, TRANSGENDER_CONSENT_DISCLOSE, MENTAL_HEALTH, SAFEGUARDING_ISSUE,
                      DISABILITY, IOM_NOMINAL, VULNERABILITY_ISSUE, INTERPRETER_REQUIRED)
VALUES (33, 'VITO', 'CRN33', '', 'PNC33', 'CRO33', 'VALID', ' ', ' ', 'G3333VA', 'Y', to_date('08-NOV-97','DD-MON-RR'), 'AB333333', 1, 1, 1, 1, 1, 1, 1, 1, 1, 1, 1, to_date('13-DEC-18','DD-MON-RR'), 'G3333VA',
        to_date('13-DEC-18','DD-MON-RR'), 1, 0, 1, 1, 1, 1, 0, 'RED', 0, 1, 'Y', 1, 0, 'CONVICTED',1,12,1,'N','N','N','N','N','N','N');


-- Seed a valid OFFENDER_MANAGER for offender G3232VA
INSERT INTO OFFENDER_MANAGER (OFFENDER_MANAGER_ID, ALLOCATION_DATE, END_DATE, ALLOCATION_STAFF_ID, TEAM_ID, PARTITION_AREA_ID,OFFENDER_ID,
                              SOFT_DELETED,ROW_VERSION,ALLOCATION_REASON_ID,PROVIDER_EMPLOYEE_ID, OFFENDER_TRANSFER_ID, PROVIDER_TEAM_ID,
                              TRAINING_SESSION_ID, TRUST_PROVIDER_FLAG,STAFF_EMPLOYEE_ID,PROBATION_AREA_ID,TRUST_PROVIDER_TEAM_ID,ACTIVE_FLAG,
                              CREATED_BY_USER_ID, CREATED_DATETIME,LAST_UPDATED_USER_ID,LAST_UPDATED_DATETIME)
VALUES (27, to_date('08-MAY-18','DD-MON-RR'), null, 18, 101, 1, 32, 0, 1, 1, null, null, null, 1, 0, 18, 12, 1, 1, 1, to_date('13-DEC-18','DD-MON-RR'), 1, to_date('13-DEC-18','DD-MON-RR'));


-- Seed a SOFT_DELETED and inactive OFFENDER_MANAGER for offender G3333VA
INSERT INTO OFFENDER_MANAGER (OFFENDER_MANAGER_ID, ALLOCATION_DATE, END_DATE, ALLOCATION_STAFF_ID, TEAM_ID, PARTITION_AREA_ID,OFFENDER_ID,
                              SOFT_DELETED,ROW_VERSION,ALLOCATION_REASON_ID,PROVIDER_EMPLOYEE_ID, OFFENDER_TRANSFER_ID, PROVIDER_TEAM_ID,
                              TRAINING_SESSION_ID, TRUST_PROVIDER_FLAG,STAFF_EMPLOYEE_ID,PROBATION_AREA_ID,TRUST_PROVIDER_TEAM_ID,ACTIVE_FLAG,
                              CREATED_BY_USER_ID, CREATED_DATETIME,LAST_UPDATED_USER_ID,LAST_UPDATED_DATETIME)
VALUES (28, to_date('08-MAY-18','DD-MON-RR'), to_date('08-FEB-19','DD-MON-RR'), 18, 101, 1, 33, 1, 1, 1, null, null, null, 1, 0, 18, 12, 1, 0, 1, to_date('13-DEC-18','DD-MON-RR'), 1, to_date('13-DEC-18','DD-MON-RR'));

-- Seed a valid RESPONSIBLE_OFFICER for valid OFFENDER G3232VA
INSERT INTO RESPONSIBLE_OFFICER (RESPONSIBLE_OFFICER_ID, OFFENDER_ID, OFFENDER_MANAGER_ID, PRISON_OFFENDER_MANAGER_ID, START_DATE, END_DATE,
                                 CREATED_BY_USER_ID,CREATED_DATETIME, LAST_UPDATED_USER_ID, LAST_UPDATED_DATETIME, ROW_VERSION)
VALUES (18, 32, 27, null, to_date('13-DEC-18','DD-MON-RR'), null, 1, to_date('13-DEC-18','DD-MON-RR'), 1, to_date('13-DEC-18','DD-MON-RR'), 1);

-- Seed an expired RESPONSIBLE_OFFICER for deleted OFFENDER G333VA
INSERT INTO RESPONSIBLE_OFFICER (RESPONSIBLE_OFFICER_ID, OFFENDER_ID, OFFENDER_MANAGER_ID, PRISON_OFFENDER_MANAGER_ID, START_DATE, END_DATE,
                                 CREATED_BY_USER_ID,CREATED_DATETIME, LAST_UPDATED_USER_ID, LAST_UPDATED_DATETIME, ROW_VERSION)
VALUES (19, 33, 28, null, to_date('13-DEC-18','DD-MON-RR'), to_date('13-FEB-19','DD-MON-RR'), 1, to_date('13-DEC-18','DD-MON-RR'), 1, to_date('13-DEC-18','DD-MON-RR'), 1);

-- duplicate NOMS number offender G3232DD
-- Not current
INSERT INTO OFFENDER (OFFENDER_ID, FIRST_NAME, CRN, SECOND_NAME, PNC_NUMBER, CRO_NUMBER, SURNAME, FIRST_NAME_SOUNDEX, SURNAME_SOUNDEX, NOMS_NUMBER, ALLOW_SMS, DATE_OF_BIRTH_DATE,NI_NUMBER,
                      PARTITION_AREA_ID, SOFT_DELETED, ROW_VERSION, TITLE_ID, GENDER_ID, ETHNICITY_ID, NATIONALITY_ID, IMMIGRATION_STATUS_ID, LANGUAGE_ID, RELIGION_ID,
                      SECOND_NATIONALITY_ID, CREATED_DATETIME, MOST_RECENT_PRISONER_NUMBER, LAST_UPDATED_DATETIME, SEXUAL_ORIENTATION_ID, CURRENT_EXCLUSION,
                      CREATED_BY_USER_ID, LAST_UPDATED_USER_ID, TRAINING_SESSION_ID, LAST_UPDATED_USER_ID_DIVERSITY, CURRENT_DISPOSAL, CURRENT_HIGHEST_RISK_COLOUR, CURRENT_RESTRICTION,
                      INSTITUTION_ID, ESTABLISHMENT, CURRENT_TIER, PENDING_TRANSFER, CURRENT_REMAND_STATUS, OM_ALLOCATION_DECISION_ID,
                      PREV_CON_LAST_UPD_AUTH_PROV_ID, TRANSGENDER_PROCESS_ID, TRANSGENDER_CONSENT_DISCLOSE, MENTAL_HEALTH, SAFEGUARDING_ISSUE,
                      DISABILITY, IOM_NOMINAL, VULNERABILITY_ISSUE, INTERPRETER_REQUIRED)
VALUES (34, 'Duplicate', 'CRN34', '', null, null, 'NOMS', ' ', ' ', 'G3232DD', 'Y', to_date('08-NOV-97','DD-MON-RR'), null, 1, 0, 1, 1, 1, 1, 1, 1, 1, 1, 1, to_date('13-DEC-18','DD-MON-RR'), null,
        to_date('13-DEC-18','DD-MON-RR'), 1, 0, 1, 1, 1, 1, 0, 'RED', 0, 1, 'Y', 1, 0, 'CONVICTED',1,12,1,'N','N','N','N','N','N','N');

INSERT INTO OFFENDER_MANAGER (OFFENDER_MANAGER_ID, ALLOCATION_DATE, END_DATE, ALLOCATION_STAFF_ID, TEAM_ID, PARTITION_AREA_ID,OFFENDER_ID,
                              SOFT_DELETED,ROW_VERSION,ALLOCATION_REASON_ID,PROVIDER_EMPLOYEE_ID, OFFENDER_TRANSFER_ID, PROVIDER_TEAM_ID,
                              TRAINING_SESSION_ID, TRUST_PROVIDER_FLAG,STAFF_EMPLOYEE_ID,PROBATION_AREA_ID,TRUST_PROVIDER_TEAM_ID,ACTIVE_FLAG,
                              CREATED_BY_USER_ID, CREATED_DATETIME,LAST_UPDATED_USER_ID,LAST_UPDATED_DATETIME)
VALUES (34, to_date('08-MAY-18','DD-MON-RR'), null, 18, 101, 1, 34, 0, 1, 1, null, null, null, 1, 0, 18, 12, 1, 1, 1, to_date('13-DEC-18','DD-MON-RR'), 1, to_date('13-DEC-18','DD-MON-RR'));

-- Current
INSERT INTO OFFENDER (OFFENDER_ID, FIRST_NAME, CRN, SECOND_NAME, PNC_NUMBER, CRO_NUMBER, SURNAME, FIRST_NAME_SOUNDEX, SURNAME_SOUNDEX, NOMS_NUMBER, ALLOW_SMS, DATE_OF_BIRTH_DATE,NI_NUMBER,
                      PARTITION_AREA_ID, SOFT_DELETED, ROW_VERSION, TITLE_ID, GENDER_ID, ETHNICITY_ID, NATIONALITY_ID, IMMIGRATION_STATUS_ID, LANGUAGE_ID, RELIGION_ID,
                      SECOND_NATIONALITY_ID, CREATED_DATETIME, MOST_RECENT_PRISONER_NUMBER, LAST_UPDATED_DATETIME, SEXUAL_ORIENTATION_ID, CURRENT_EXCLUSION,
                      CREATED_BY_USER_ID, LAST_UPDATED_USER_ID, TRAINING_SESSION_ID, LAST_UPDATED_USER_ID_DIVERSITY, CURRENT_DISPOSAL, CURRENT_HIGHEST_RISK_COLOUR, CURRENT_RESTRICTION,
                      INSTITUTION_ID, ESTABLISHMENT, CURRENT_TIER, PENDING_TRANSFER, CURRENT_REMAND_STATUS, OM_ALLOCATION_DECISION_ID,
                      PREV_CON_LAST_UPD_AUTH_PROV_ID, TRANSGENDER_PROCESS_ID, TRANSGENDER_CONSENT_DISCLOSE, MENTAL_HEALTH, SAFEGUARDING_ISSUE,
                      DISABILITY, IOM_NOMINAL, VULNERABILITY_ISSUE, INTERPRETER_REQUIRED)
VALUES (35, 'Duplicate', 'CRN35', '', null, null, 'NOMS', ' ', ' ', 'G3232DD', 'Y', to_date('08-NOV-97','DD-MON-RR'), null, 1, 0, 1, 1, 1, 1, 1, 1, 1, 1, 1, to_date('13-DEC-18','DD-MON-RR'), null,
        to_date('13-DEC-18','DD-MON-RR'), 1, 0, 1, 1, 1, 1, 1, 'RED', 0, 1, 'Y', 1, 0, 'CONVICTED',1,12,1,'N','N','N','N','N','N','N');

Insert into EVENT (EVENT_ID, CONSECUTIVE_TO_EVENT_ID, CONCURRENT_WITH_EVENT_ID, OFFENDER_ID, EVENT_NUMBER,
                   REFERRAL_DATE, NOTES, SOFT_DELETED, PARTITION_AREA_ID, ROW_VERSION, CREATED_BY_USER_ID,
                   CREATED_DATETIME, LAST_UPDATED_USER_ID, LAST_UPDATED_DATETIME, TRAINING_SESSION_ID, ORGANISATIONS,
                   IN_BREACH, ACTIVE_FLAG, BREACH_END, CPS_DATE, CPS_DOCUMENT, CPS_DOCUMENT_NAME, FTC_COUNT,
                   PENDING_TRANSFER, CONVICTION_DATE, FIRST_RELEASE_DATE, PSS_RQMNT_FLAG, CPS_LAST_UPDATED_USER_ID,
                   CPS_LAST_UPDATED_AUTH_PROV_ID, CPS_CREATED_PROVIDER_ID, CPS_CREATED_BY_USER_ID, CPS_CREATED_DATETIME,
                   CPS_ALFRESCO_DOCUMENT_ID, CPS_SOFT_DELETED, COURT_ID)
values (135, null, null, 35, '4', to_date('04-09-18', 'DD-MM-RR'), null, 0, 0, 4, 2500040507,
        to_date('04-09-19', 'DD-MM-RR'), 2500040507, to_date('04-09-19', 'DD-MM-RR'), null,
        ('2600007020', '1500001001'), 0, 1, null, to_date('02-09-19', 'DD-MM-RR'), null, null, 0, 0,
        to_date('03-09-19', 'DD-MM-RR'), null, 0, null, null, null, null,
        to_date('04-09-19', 'DD-MM-RR'), null, 0, 1500004905);

Insert into DISPOSAL (DISPOSAL_ID, DISPOSAL_DATE, VALUE, LENGTH, PUNISHMENT, REDUCTION_OF_CRIME,
                      REFORM_AND_REHABILITION, PUBLIC_PROTECTION, REPARATION, RECOMMENDATION_NOT_STATED,
                      TERMINATION_DATE, TERMINATION_NOTES, EVENT_ID, PARTITION_AREA_ID, SOFT_DELETED, ROW_VERSION,
                      LEVEL_OF_SERIOUSNESS_ID, DISPOSAL_TYPE_ID, CREATED_DATETIME, CREATED_BY_USER_ID,
                      LAST_UPDATED_DATETIME, DISPOSAL_TERMINATION_REASON_ID, LAST_UPDATED_USER_ID, TRAINING_SESSION_ID,
                      LENGTH_2, OFFENDER_ID, ORGANISATIONS, ACTIVE_FLAG, UPW, EFFECTIVE_LENGTH, LENGTH_IN_DAYS,
                      ENTRY_LENGTH_UNITS_ID, ENTRY_LENGTH_2_UNITS_ID, NOTIONAL_END_DATE, ENTRY_LENGTH,
                      USER_TERMINATION_DATE, ENTERED_NOTIONAL_END_DATE)
values (135, to_date('03-DEC-18', 'DD-MON-RR'), null, 11, 'N', 'N', 'N', 'N', 'N', 'N', null, null, 135,
        0, 0, 1, 516, 41, to_date('04-09-19', 'DD-MM-RR'), 2500040507, to_date('04-09-19', 'DD-MM-RR'), null,
        2500040507, null, 5, 2600343964, ('2600007020', '1500001001'), 1, 0, null, 1826, 1111, 1111,
        to_date('03-09-24', 'DD-MM-RR'), 5, null, null);

Insert into CUSTODY (CUSTODY_ID, DISPOSAL_ID, STATUS_CHANGE_DATE, PRISONER_NUMBER, PAROLE_NUMBER, LOCATION_CHANGE_DATE,
                     SOFT_DELETED, PARTITION_AREA_ID, ROW_VERSION, CUSTODIAL_STATUS_ID, PC_TELEPHONE_NUMBER,
                     PRISON_OFFICER, PROBATION_CONTACT, PO_TELEPHONE_NUMBER, CREATED_DATETIME, LAST_UPDATED_DATETIME,
                     INSTITUTION_ID, CREATED_BY_USER_ID, ESTABLISHMENT, LAST_UPDATED_USER_ID, TRAINING_SESSION_ID,
                     OFFENDER_ID, ORGANISATIONS, PSS_START_DATE)
values (135, 135, to_date('04-09-19', 'DD-MM-RR'), 'V74112', null, to_date('04-09-19', 'DD-MM-RR'), 0,
        0, 3, 324, null, null, null, null, to_date('04-09-19', 'DD-MM-RR'), to_date('27-09-19', 'DD-MM-RR'),
        2500004521, 2500040507, 'Y', 2500040507, null, 2600343964, ('2600007020', '1500001001'),
        to_date('03-NOV-19', 'DD-MON-RR'));
Insert into MAIN_OFFENCE (MAIN_OFFENCE_ID, OFFENCE_DATE, OFFENCE_COUNT, EVENT_ID, TICS, VERDICT, SOFT_DELETED,
                          PARTITION_AREA_ID, ROW_VERSION, OFFENCE_ID, TRAINING_SESSION_ID, OFFENDER_ID, ORGANISATIONS,
                          CREATED_BY_USER_ID, CREATED_DATETIME, LAST_UPDATED_USER_ID, LAST_UPDATED_DATETIME)
values (135, to_date('09-09-19', 'DD-MM-RR'), 1, 135, null, null, 0, 0, 1, 1107, null, 2600343964,
        ('2600007020', '1500001001'), 2500040507, to_date('17-09-19', 'DD-MM-RR'), 2500040507,
        to_date('17-09-19', 'DD-MM-RR'));

INSERT INTO OFFENDER_MANAGER (OFFENDER_MANAGER_ID, ALLOCATION_DATE, END_DATE, ALLOCATION_STAFF_ID, TEAM_ID, PARTITION_AREA_ID,OFFENDER_ID,
                              SOFT_DELETED,ROW_VERSION,ALLOCATION_REASON_ID,PROVIDER_EMPLOYEE_ID, OFFENDER_TRANSFER_ID, PROVIDER_TEAM_ID,
                              TRAINING_SESSION_ID, TRUST_PROVIDER_FLAG,STAFF_EMPLOYEE_ID,PROBATION_AREA_ID,TRUST_PROVIDER_TEAM_ID,ACTIVE_FLAG,
                              CREATED_BY_USER_ID, CREATED_DATETIME,LAST_UPDATED_USER_ID,LAST_UPDATED_DATETIME)
VALUES (35, to_date('08-MAY-18','DD-MON-RR'), null, 18, 101, 1, 35, 0, 1, 1, null, null, null, 1, 0, 18, 12, 1, 1, 1, to_date('13-DEC-18','DD-MON-RR'), 1, to_date('13-DEC-18','DD-MON-RR'));


-- duplicate NOMS number offender G3636DD
-- Current
INSERT INTO OFFENDER (OFFENDER_ID, FIRST_NAME, CRN, SECOND_NAME, PNC_NUMBER, CRO_NUMBER, SURNAME, FIRST_NAME_SOUNDEX, SURNAME_SOUNDEX, NOMS_NUMBER, ALLOW_SMS, DATE_OF_BIRTH_DATE,NI_NUMBER,
                      PARTITION_AREA_ID, SOFT_DELETED, ROW_VERSION, TITLE_ID, GENDER_ID, ETHNICITY_ID, NATIONALITY_ID, IMMIGRATION_STATUS_ID, LANGUAGE_ID, RELIGION_ID,
                      SECOND_NATIONALITY_ID, CREATED_DATETIME, MOST_RECENT_PRISONER_NUMBER, LAST_UPDATED_DATETIME, SEXUAL_ORIENTATION_ID, CURRENT_EXCLUSION,
                      CREATED_BY_USER_ID, LAST_UPDATED_USER_ID, TRAINING_SESSION_ID, LAST_UPDATED_USER_ID_DIVERSITY, CURRENT_DISPOSAL, CURRENT_HIGHEST_RISK_COLOUR, CURRENT_RESTRICTION,
                      INSTITUTION_ID, ESTABLISHMENT, CURRENT_TIER, PENDING_TRANSFER, CURRENT_REMAND_STATUS, OM_ALLOCATION_DECISION_ID,
                      PREV_CON_LAST_UPD_AUTH_PROV_ID, TRANSGENDER_PROCESS_ID, TRANSGENDER_CONSENT_DISCLOSE, MENTAL_HEALTH, SAFEGUARDING_ISSUE,
                      DISABILITY, IOM_NOMINAL, VULNERABILITY_ISSUE, INTERPRETER_REQUIRED)
VALUES (36, 'Duplicate', 'CRN36', '', null, null, 'NOMS', ' ', ' ', 'G3636DD', 'Y', to_date('08-NOV-97','DD-MON-RR'), null, 1, 0, 1, 1, 1, 1, 1, 1, 1, 1, 1, to_date('13-DEC-18','DD-MON-RR'), null,
        to_date('13-DEC-18','DD-MON-RR'), 1, 0, 1, 1, 1, 1, 1, 'RED', 0, 1, 'Y', 1, 0, 'CONVICTED',1,12,1,'N','N','N','N','N','N','N');

Insert into EVENT (EVENT_ID, CONSECUTIVE_TO_EVENT_ID, CONCURRENT_WITH_EVENT_ID, OFFENDER_ID, EVENT_NUMBER,
                   REFERRAL_DATE, NOTES, SOFT_DELETED, PARTITION_AREA_ID, ROW_VERSION, CREATED_BY_USER_ID,
                   CREATED_DATETIME, LAST_UPDATED_USER_ID, LAST_UPDATED_DATETIME, TRAINING_SESSION_ID, ORGANISATIONS,
                   IN_BREACH, ACTIVE_FLAG, BREACH_END, CPS_DATE, CPS_DOCUMENT, CPS_DOCUMENT_NAME, FTC_COUNT,
                   PENDING_TRANSFER, CONVICTION_DATE, FIRST_RELEASE_DATE, PSS_RQMNT_FLAG, CPS_LAST_UPDATED_USER_ID,
                   CPS_LAST_UPDATED_AUTH_PROV_ID, CPS_CREATED_PROVIDER_ID, CPS_CREATED_BY_USER_ID, CPS_CREATED_DATETIME,
                   CPS_ALFRESCO_DOCUMENT_ID, CPS_SOFT_DELETED, COURT_ID)
values (136, null, null, 36, '4', to_date('04-09-18', 'DD-MM-RR'), null, 0, 0, 4, 2500040507,
        to_date('04-09-19', 'DD-MM-RR'), 2500040507, to_date('04-09-19', 'DD-MM-RR'), null,
        ('2600007020', '1500001001'), 0, 1, null, to_date('02-09-19', 'DD-MM-RR'), null, null, 0, 0,
        to_date('03-09-19', 'DD-MM-RR'), null, 0, null, null, null, null,
        to_date('04-09-19', 'DD-MM-RR'), null, 0, 1500004905);

Insert into DISPOSAL (DISPOSAL_ID, DISPOSAL_DATE, VALUE, LENGTH, PUNISHMENT, REDUCTION_OF_CRIME,
                      REFORM_AND_REHABILITION, PUBLIC_PROTECTION, REPARATION, RECOMMENDATION_NOT_STATED,
                      TERMINATION_DATE, TERMINATION_NOTES, EVENT_ID, PARTITION_AREA_ID, SOFT_DELETED, ROW_VERSION,
                      LEVEL_OF_SERIOUSNESS_ID, DISPOSAL_TYPE_ID, CREATED_DATETIME, CREATED_BY_USER_ID,
                      LAST_UPDATED_DATETIME, DISPOSAL_TERMINATION_REASON_ID, LAST_UPDATED_USER_ID, TRAINING_SESSION_ID,
                      LENGTH_2, OFFENDER_ID, ORGANISATIONS, ACTIVE_FLAG, UPW, EFFECTIVE_LENGTH, LENGTH_IN_DAYS,
                      ENTRY_LENGTH_UNITS_ID, ENTRY_LENGTH_2_UNITS_ID, NOTIONAL_END_DATE, ENTRY_LENGTH,
                      USER_TERMINATION_DATE, ENTERED_NOTIONAL_END_DATE)
values (136, to_date('03-DEC-18', 'DD-MON-RR'), null, 11, 'N', 'N', 'N', 'N', 'N', 'N', null, null, 136,
        0, 0, 1, 516, 41, to_date('04-09-19', 'DD-MM-RR'), 2500040507, to_date('04-09-19', 'DD-MM-RR'), null,
        2500040507, null, 5, 2600343964, ('2600007020', '1500001001'), 1, 0, null, 1826, 1111, 1111,
        to_date('03-09-24', 'DD-MM-RR'), 5, null, null);

Insert into CUSTODY (CUSTODY_ID, DISPOSAL_ID, STATUS_CHANGE_DATE, PRISONER_NUMBER, PAROLE_NUMBER, LOCATION_CHANGE_DATE,
                     SOFT_DELETED, PARTITION_AREA_ID, ROW_VERSION, CUSTODIAL_STATUS_ID, PC_TELEPHONE_NUMBER,
                     PRISON_OFFICER, PROBATION_CONTACT, PO_TELEPHONE_NUMBER, CREATED_DATETIME, LAST_UPDATED_DATETIME,
                     INSTITUTION_ID, CREATED_BY_USER_ID, ESTABLISHMENT, LAST_UPDATED_USER_ID, TRAINING_SESSION_ID,
                     OFFENDER_ID, ORGANISATIONS, PSS_START_DATE)
values (136, 136, to_date('04-09-19', 'DD-MM-RR'), 'V74112', null, to_date('04-09-19', 'DD-MM-RR'), 0,
        0, 3, 2500000632, null, null, null, null, to_date('04-09-19', 'DD-MM-RR'), to_date('27-09-19', 'DD-MM-RR'),
        2500004521, 2500040507, 'Y', 2500040507, null, 2600343964, ('2600007020', '1500001001'),
        to_date('03-NOV-19', 'DD-MON-RR'));
Insert into MAIN_OFFENCE (MAIN_OFFENCE_ID, OFFENCE_DATE, OFFENCE_COUNT, EVENT_ID, TICS, VERDICT, SOFT_DELETED,
                          PARTITION_AREA_ID, ROW_VERSION, OFFENCE_ID, TRAINING_SESSION_ID, OFFENDER_ID, ORGANISATIONS,
                          CREATED_BY_USER_ID, CREATED_DATETIME, LAST_UPDATED_USER_ID, LAST_UPDATED_DATETIME)
values (136, to_date('09-09-19', 'DD-MM-RR'), 1, 136, null, null, 0, 0, 1, 1107, null, 2600343964,
        ('2600007020', '1500001001'), 2500040507, to_date('17-09-19', 'DD-MM-RR'), 2500040507,
        to_date('17-09-19', 'DD-MM-RR'));

INSERT INTO OFFENDER_MANAGER (OFFENDER_MANAGER_ID, ALLOCATION_DATE, END_DATE, ALLOCATION_STAFF_ID, TEAM_ID, PARTITION_AREA_ID,OFFENDER_ID,
                              SOFT_DELETED,ROW_VERSION,ALLOCATION_REASON_ID,PROVIDER_EMPLOYEE_ID, OFFENDER_TRANSFER_ID, PROVIDER_TEAM_ID,
                              TRAINING_SESSION_ID, TRUST_PROVIDER_FLAG,STAFF_EMPLOYEE_ID,PROBATION_AREA_ID,TRUST_PROVIDER_TEAM_ID,ACTIVE_FLAG,
                              CREATED_BY_USER_ID, CREATED_DATETIME,LAST_UPDATED_USER_ID,LAST_UPDATED_DATETIME)
VALUES (36, to_date('08-MAY-18','DD-MON-RR'), null, 18, 101, 1, 36, 0, 1, 1, null, null, null, 1, 0, 18, 12, 1, 1, 1, to_date('13-DEC-18','DD-MON-RR'), 1, to_date('13-DEC-18','DD-MON-RR'));


INSERT INTO OFFENDER (OFFENDER_ID, FIRST_NAME, CRN, SECOND_NAME, PNC_NUMBER, CRO_NUMBER, SURNAME, FIRST_NAME_SOUNDEX, SURNAME_SOUNDEX, NOMS_NUMBER, ALLOW_SMS, DATE_OF_BIRTH_DATE,NI_NUMBER,
                      PARTITION_AREA_ID, SOFT_DELETED, ROW_VERSION, TITLE_ID, GENDER_ID, ETHNICITY_ID, NATIONALITY_ID, IMMIGRATION_STATUS_ID, LANGUAGE_ID, RELIGION_ID,
                      SECOND_NATIONALITY_ID, CREATED_DATETIME, MOST_RECENT_PRISONER_NUMBER, LAST_UPDATED_DATETIME, SEXUAL_ORIENTATION_ID, CURRENT_EXCLUSION,
                      CREATED_BY_USER_ID, LAST_UPDATED_USER_ID, TRAINING_SESSION_ID, LAST_UPDATED_USER_ID_DIVERSITY, CURRENT_DISPOSAL, CURRENT_HIGHEST_RISK_COLOUR, CURRENT_RESTRICTION,
                      INSTITUTION_ID, ESTABLISHMENT, CURRENT_TIER, PENDING_TRANSFER, CURRENT_REMAND_STATUS, OM_ALLOCATION_DECISION_ID,
                      PREV_CON_LAST_UPD_AUTH_PROV_ID, TRANSGENDER_PROCESS_ID, TRANSGENDER_CONSENT_DISCLOSE, MENTAL_HEALTH, SAFEGUARDING_ISSUE,
                      DISABILITY, IOM_NOMINAL, VULNERABILITY_ISSUE, INTERPRETER_REQUIRED)
VALUES (37, 'Duplicate', 'CRN37', '', null, null, 'NOMS', ' ', ' ', 'G3636DD', 'Y', to_date('08-NOV-97','DD-MON-RR'), null, 1, 0, 1, 1, 1, 1, 1, 1, 1, 1, 1, to_date('13-DEC-18','DD-MON-RR'), null,
        to_date('13-DEC-18','DD-MON-RR'), 1, 0, 1, 1, 1, 1, 1, 'RED', 0, 1, 'Y', 1, 0, 'CONVICTED',1,12,1,'N','N','N','N','N','N','N');

Insert into EVENT (EVENT_ID, CONSECUTIVE_TO_EVENT_ID, CONCURRENT_WITH_EVENT_ID, OFFENDER_ID, EVENT_NUMBER,
                   REFERRAL_DATE, NOTES, SOFT_DELETED, PARTITION_AREA_ID, ROW_VERSION, CREATED_BY_USER_ID,
                   CREATED_DATETIME, LAST_UPDATED_USER_ID, LAST_UPDATED_DATETIME, TRAINING_SESSION_ID, ORGANISATIONS,
                   IN_BREACH, ACTIVE_FLAG, BREACH_END, CPS_DATE, CPS_DOCUMENT, CPS_DOCUMENT_NAME, FTC_COUNT,
                   PENDING_TRANSFER, CONVICTION_DATE, FIRST_RELEASE_DATE, PSS_RQMNT_FLAG, CPS_LAST_UPDATED_USER_ID,
                   CPS_LAST_UPDATED_AUTH_PROV_ID, CPS_CREATED_PROVIDER_ID, CPS_CREATED_BY_USER_ID, CPS_CREATED_DATETIME,
                   CPS_ALFRESCO_DOCUMENT_ID, CPS_SOFT_DELETED, COURT_ID)
values (137, null, null, 37, '4', to_date('04-09-18', 'DD-MM-RR'), null, 0, 0, 4, 2500040507,
        to_date('04-09-19', 'DD-MM-RR'), 2500040507, to_date('04-09-19', 'DD-MM-RR'), null,
        ('2600007020', '1500001001'), 0, 1, null, to_date('02-09-19', 'DD-MM-RR'), null, null, 0, 0,
        to_date('03-09-19', 'DD-MM-RR'), null, 0, null, null, null, null,
        to_date('04-09-19', 'DD-MM-RR'), null, 0, 1500004905);

Insert into DISPOSAL (DISPOSAL_ID, DISPOSAL_DATE, VALUE, LENGTH, PUNISHMENT, REDUCTION_OF_CRIME,
                      REFORM_AND_REHABILITION, PUBLIC_PROTECTION, REPARATION, RECOMMENDATION_NOT_STATED,
                      TERMINATION_DATE, TERMINATION_NOTES, EVENT_ID, PARTITION_AREA_ID, SOFT_DELETED, ROW_VERSION,
                      LEVEL_OF_SERIOUSNESS_ID, DISPOSAL_TYPE_ID, CREATED_DATETIME, CREATED_BY_USER_ID,
                      LAST_UPDATED_DATETIME, DISPOSAL_TERMINATION_REASON_ID, LAST_UPDATED_USER_ID, TRAINING_SESSION_ID,
                      LENGTH_2, OFFENDER_ID, ORGANISATIONS, ACTIVE_FLAG, UPW, EFFECTIVE_LENGTH, LENGTH_IN_DAYS,
                      ENTRY_LENGTH_UNITS_ID, ENTRY_LENGTH_2_UNITS_ID, NOTIONAL_END_DATE, ENTRY_LENGTH,
                      USER_TERMINATION_DATE, ENTERED_NOTIONAL_END_DATE)
values (137, to_date('03-DEC-18', 'DD-MON-RR'), null, 11, 'N', 'N', 'N', 'N', 'N', 'N', null, null, 137,
        0, 0, 1, 516, 41, to_date('04-09-19', 'DD-MM-RR'), 2500040507, to_date('04-09-19', 'DD-MM-RR'), null,
        2500040507, null, 5, 2600343964, ('2600007020', '1500001001'), 1, 0, null, 1826, 1111, 1111,
        to_date('03-09-24', 'DD-MM-RR'), 5, null, null);

Insert into CUSTODY (CUSTODY_ID, DISPOSAL_ID, STATUS_CHANGE_DATE, PRISONER_NUMBER, PAROLE_NUMBER, LOCATION_CHANGE_DATE,
                     SOFT_DELETED, PARTITION_AREA_ID, ROW_VERSION, CUSTODIAL_STATUS_ID, PC_TELEPHONE_NUMBER,
                     PRISON_OFFICER, PROBATION_CONTACT, PO_TELEPHONE_NUMBER, CREATED_DATETIME, LAST_UPDATED_DATETIME,
                     INSTITUTION_ID, CREATED_BY_USER_ID, ESTABLISHMENT, LAST_UPDATED_USER_ID, TRAINING_SESSION_ID,
                     OFFENDER_ID, ORGANISATIONS, PSS_START_DATE)
values (137, 137, to_date('04-09-19', 'DD-MM-RR'), 'V74112', null, to_date('04-09-19', 'DD-MM-RR'), 0,
        0, 3, 2500000632, null, null, null, null, to_date('04-09-19', 'DD-MM-RR'), to_date('27-09-19', 'DD-MM-RR'),
        2500004521, 2500040507, 'Y', 2500040507, null, 2600343964, ('2600007020', '1500001001'),
        to_date('03-NOV-19', 'DD-MON-RR'));
Insert into MAIN_OFFENCE (MAIN_OFFENCE_ID, OFFENCE_DATE, OFFENCE_COUNT, EVENT_ID, TICS, VERDICT, SOFT_DELETED,
                          PARTITION_AREA_ID, ROW_VERSION, OFFENCE_ID, TRAINING_SESSION_ID, OFFENDER_ID, ORGANISATIONS,
                          CREATED_BY_USER_ID, CREATED_DATETIME, LAST_UPDATED_USER_ID, LAST_UPDATED_DATETIME)
values (137, to_date('09-09-19', 'DD-MM-RR'), 1, 137, null, null, 0, 0, 1, 1107, null, 2600343964,
        ('2600007020', '1500001001'), 2500040507, to_date('17-09-19', 'DD-MM-RR'), 2500040507,
        to_date('17-09-19', 'DD-MM-RR'));

INSERT INTO OFFENDER_MANAGER (OFFENDER_MANAGER_ID, ALLOCATION_DATE, END_DATE, ALLOCATION_STAFF_ID, TEAM_ID, PARTITION_AREA_ID,OFFENDER_ID,
                              SOFT_DELETED,ROW_VERSION,ALLOCATION_REASON_ID,PROVIDER_EMPLOYEE_ID, OFFENDER_TRANSFER_ID, PROVIDER_TEAM_ID,
                              TRAINING_SESSION_ID, TRUST_PROVIDER_FLAG,STAFF_EMPLOYEE_ID,PROBATION_AREA_ID,TRUST_PROVIDER_TEAM_ID,ACTIVE_FLAG,
                              CREATED_BY_USER_ID, CREATED_DATETIME,LAST_UPDATED_USER_ID,LAST_UPDATED_DATETIME)
VALUES (37, to_date('08-MAY-18','DD-MON-RR'), null, 18, 101, 1, 37, 0, 1, 1, null, null, null, 1, 0, 18, 12, 1, 1, 1, to_date('13-DEC-18','DD-MON-RR'), 1, to_date('13-DEC-18','DD-MON-RR'));
