-- EVENT

INSERT INTO EVENT (EVENT_ID, OFFENDER_ID, SOFT_DELETED, IN_BREACH, ACTIVE_FLAG, CONVICTION_DATE, NOTES)
VALUES (2, 1, 0, 0, 1, '2018-01-01', 'Notes');

INSERT INTO EVENT (EVENT_ID, OFFENDER_ID, SOFT_DELETED, IN_BREACH, ACTIVE_FLAG, CONVICTION_DATE, NOTES)
VALUES (3, 1, 1, 0, 1, '2018-02-01', 'Notes');

INSERT INTO EVENT (EVENT_ID, OFFENDER_ID, SOFT_DELETED, IN_BREACH, ACTIVE_FLAG, CONVICTION_DATE, NOTES)
VALUES (4, 1, 0, 0, 1, '2018-03-01', 'Notes');


-- DISPOSAL and reference data

INSERT INTO DISPOSAL (DISPOSAL_ID, EVENT_ID, SOFT_DELETED, OFFENDER_ID, LENGTH, EFFECTIVE_LENGTH, LENGTH_IN_DAYS, ENTRY_LENGTH, LENGTH_2, ENTRY_LENGTH_UNITS_ID, ENTRY_LENGTH_2_UNITS_ID, DISPOSAL_TYPE_ID)
VALUES (1, 2, 0, 1, 12, 13, 3650, 11, 10, 2222, 2222, 2);

INSERT INTO DISPOSAL (DISPOSAL_ID, EVENT_ID, SOFT_DELETED, OFFENDER_ID, LENGTH, EFFECTIVE_LENGTH, LENGTH_IN_DAYS, ENTRY_LENGTH, LENGTH_2, ENTRY_LENGTH_UNITS_ID, ENTRY_LENGTH_2_UNITS_ID, DISPOSAL_TYPE_ID)
VALUES (2, 4, 0, 1, 24, 25, 730, 23, 22, 1111, 1111, 1);

INSERT INTO R_STANDARD_REFERENCE_LIST (STANDARD_REFERENCE_LIST_ID, CODE_VALUE, CODE_DESCRIPTION, SELECTABLE, CREATED_BY_USER_ID, CREATED_DATETIME, LAST_UPDATED_USER_ID, LAST_UPDATED_DATETIME, REFERENCE_DATA_MASTER_ID, ROW_VERSION)
VALUES (1111, 'CODE_VALUE', 'Years', 'Y', 1, '2018-01-01', 1, '2018-01-01', 1, 1);

INSERT INTO R_STANDARD_REFERENCE_LIST (STANDARD_REFERENCE_LIST_ID, CODE_VALUE, CODE_DESCRIPTION, SELECTABLE, CREATED_BY_USER_ID, CREATED_DATETIME, LAST_UPDATED_USER_ID, LAST_UPDATED_DATETIME, REFERENCE_DATA_MASTER_ID, ROW_VERSION)
VALUES (2222, 'CODE_VALUE', 'Months', 'Y', 1, '2018-01-01', 1, '2018-01-01', 1, 1);

INSERT INTO R_DISPOSAL_TYPE (DISPOSAL_TYPE_ID, DESCRIPTION)
VALUES (1, 'Life imprisonment Adult');

INSERT INTO R_DISPOSAL_TYPE (DISPOSAL_TYPE_ID, DESCRIPTION)
VALUES (2, 'Adult Custody 12m plus');

-- CUSTODY

INSERT INTO CUSTODY (CUSTODY_ID, DISPOSAL_ID, SOFT_DELETED, OFFENDER_ID)
VALUES (1, 1, 0, 1);

INSERT INTO CUSTODY (CUSTODY_ID, DISPOSAL_ID, SOFT_DELETED, OFFENDER_ID)
VALUES (2, 2, 0, 1);

INSERT INTO CUSTODY (CUSTODY_ID, DISPOSAL_ID, SOFT_DELETED, OFFENDER_ID)
VALUES (3, 2, 1, 1);

-- INSTITUTIONAL_REPORT

INSERT INTO INSTITUTIONAL_REPORT (INSTITUTIONAL_REPORT_ID, CUSTODY_ID, SOFT_DELETED, OFFENDER_ID)
VALUES (1, 1, 0, 1);

INSERT INTO INSTITUTIONAL_REPORT (INSTITUTIONAL_REPORT_ID, CUSTODY_ID, SOFT_DELETED, OFFENDER_ID)
VALUES (2, 1, 0, 1);

INSERT INTO INSTITUTIONAL_REPORT (INSTITUTIONAL_REPORT_ID, CUSTODY_ID, SOFT_DELETED, OFFENDER_ID)
VALUES (3, 2, 0, 1);

INSERT INTO INSTITUTIONAL_REPORT (INSTITUTIONAL_REPORT_ID, CUSTODY_ID, SOFT_DELETED, OFFENDER_ID)
VALUES (4, 2, 1, 1);

INSERT INTO INSTITUTIONAL_REPORT (INSTITUTIONAL_REPORT_ID, CUSTODY_ID, SOFT_DELETED, OFFENDER_ID)
VALUES (5, 3, 0, 1);

