-- EVENT

INSERT INTO EVENT (EVENT_ID, OFFENDER_ID, SOFT_DELETED, IN_BREACH, ACTIVE_FLAG, CONVICTION_DATE, NOTES)
VALUES (2, 1, 0, 0, 1, '2018-01-01', 'Notes');

INSERT INTO EVENT (EVENT_ID, OFFENDER_ID, SOFT_DELETED, IN_BREACH, ACTIVE_FLAG, CONVICTION_DATE, NOTES)
VALUES (3, 1, 1, 0, 1, '2018-02-01', 'Notes');

INSERT INTO EVENT (EVENT_ID, OFFENDER_ID, SOFT_DELETED, IN_BREACH, ACTIVE_FLAG, CONVICTION_DATE, NOTES)
VALUES (4, 1, 0, 0, 1, '2018-03-01', 'Notes');

-- DISPOSAL

INSERT INTO DISPOSAL (DISPOSAL_ID, EVENT_ID, SOFT_DELETED, OFFENDER_ID)
VALUES (1, 2, 0, 1);

INSERT INTO DISPOSAL (DISPOSAL_ID, EVENT_ID, SOFT_DELETED, OFFENDER_ID)
VALUES (2, 4, 0, 1);

-- CUSTODY

INSERT INTO CUSTODY (CUSTODY_ID, DISPOSAL_ID, SOFT_DELETED, OFFENDER_ID)
VALUES (1, 1, 0, 1);

INSERT INTO CUSTODY (CUSTODY_ID, DISPOSAL_ID, SOFT_DELETED, OFFENDER_ID)
VALUES (2, 2, 0, 1);

INSERT INTO CUSTODY (CUSTODY_ID, DISPOSAL_ID, SOFT_DELETED, OFFENDER_ID)
VALUES (3, 2, 1, 1);

-- INSTITUTIONAL_REPORT

INSERT INTO INSTITUTIONAL_REPORT (INSTITUTIONAL_REPORT_ID, CUSTODY_ID, SOFT_DELETED, OFFENDER_ID)
VALUES (1, 1, 0, 1);

INSERT INTO INSTITUTIONAL_REPORT (INSTITUTIONAL_REPORT_ID, CUSTODY_ID, SOFT_DELETED, OFFENDER_ID)
VALUES (2, 1, 0, 1);

INSERT INTO INSTITUTIONAL_REPORT (INSTITUTIONAL_REPORT_ID, CUSTODY_ID, SOFT_DELETED, OFFENDER_ID)
VALUES (3, 2, 0, 1);

INSERT INTO INSTITUTIONAL_REPORT (INSTITUTIONAL_REPORT_ID, CUSTODY_ID, SOFT_DELETED, OFFENDER_ID)
VALUES (4, 2, 1, 1);

INSERT INTO INSTITUTIONAL_REPORT (INSTITUTIONAL_REPORT_ID, CUSTODY_ID, SOFT_DELETED, OFFENDER_ID)
VALUES (5, 3, 0, 1);

