-- Data used for testing the offender manager -> offender -> responsible officer endpoints

-- Probation areas
INSERT INTO PROBATION_AREA (PROBATION_AREA_ID, CODE, DESCRIPTION, SELECTABLE, ROW_VERSION, CREATED_BY_USER_ID, CREATED_DATETIME, LAST_UPDATED_USER_ID, LAST_UPDATED_DATETIME,
                            PRIVATE, ORGANISATION_ID, ADDRESS_ID, START_DATE, SPG_ACTIVE_ID)
VALUES (11, 'A', 'Probation Area A', 'Y', 1, 1, to_date('01-JAN-18','DD-MON-RR'), 1, to_date('01-JAN-18','DD-MON-RR'), 0, 1, 1, to_date('01-JAN-18','DD-MON-RR'), 1);

INSERT INTO PROBATION_AREA (PROBATION_AREA_ID, CODE, DESCRIPTION, SELECTABLE, ROW_VERSION, CREATED_BY_USER_ID, CREATED_DATETIME, LAST_UPDATED_USER_ID, LAST_UPDATED_DATETIME,
                            PRIVATE, ORGANISATION_ID, ADDRESS_ID, START_DATE, SPG_ACTIVE_ID)
VALUES (12, 'A', 'Probation Area B', 'Y', 1, 1, to_date('01-JAN-18','DD-MON-RR'), 1, to_date('01-JAN-18','DD-MON-RR'), 0, 1, 1, to_date('01-JAN-18','DD-MON-RR'), 1);

-- Borough to satisfy foreign key constraints

INSERT INTO BOROUGH (BOROUGH_ID, CODE, DESCRIPTION, SELECTABLE, PROBATION_AREA_ID)
VALUES (1, 'B11', 'Borough 1', 'Y', 11);

INSERT INTO BOROUGH (BOROUGH_ID, CODE, DESCRIPTION, SELECTABLE, PROBATION_AREA_ID)
VALUES (2, 'B12', 'Borough 1', 'Y', 12);

-- District to satisfy foreign key constraints

INSERT INTO DISTRICT (DISTRICT_ID, CODE, DESCRIPTION, SELECTABLE, BOROUGH_ID)
VALUES (1, 'D11', 'District D11', 'Y', 1);

INSERT INTO DISTRICT (DISTRICT_ID, CODE, DESCRIPTION, SELECTABLE, BOROUGH_ID)
VALUES (2, 'D12', 'District D12', 'Y', 2);

-- Local delivery units
INSERT INTO LOCAL_DELIVERY_UNIT(LOCAL_DELIVERY_UNIT_ID, CODE, DESCRIPTION,SELECTABLE,ROW_VERSION,CREATED_DATETIME,CREATED_BY_USER_ID,LAST_UPDATED_DATETIME,LAST_UPDATED_USER_ID,TRAINING_SESSION_ID, PROBATION_AREA_ID)
VALUES(11, 'LDU11', 'Description LDU11', 'Y', 1, to_date('01-JAN-18','DD-MON-RR'), 1, to_date('01-JAN-18','DD-MON-RR'), 1, 1, 11);

INSERT INTO LOCAL_DELIVERY_UNIT(LOCAL_DELIVERY_UNIT_ID, CODE, DESCRIPTION,SELECTABLE,ROW_VERSION,CREATED_DATETIME,CREATED_BY_USER_ID,LAST_UPDATED_DATETIME,LAST_UPDATED_USER_ID,TRAINING_SESSION_ID, PROBATION_AREA_ID)
VALUES(12, 'LDU12', 'Description LDU12', 'Y', 1, to_date('01-JAN-18','DD-MON-RR'), 1, to_date('01-JAN-18','DD-MON-RR'), 1, 1, 12);

-- SC Providers
INSERT INTO SC_PROVIDER(SC_PROVIDER_ID,CODE, DESCRIPTION,PROVIDER_ID, CONTACT_NAME,ADDRESS_ID,PRIVATE,START_DATE,END_DATE,ACTIVE_FLAG,ROW_VERSION,
                        CREATED_BY_USER_ID,CREATED_DATETIME,LAST_UPDATED_USER_ID,LAST_UPDATED_DATETIME,TRAINING_SESSION_ID)
VALUES(11, 'SC11', 'SC Provider 11',1, 'Sheila Hancock', 1, 0, to_date('01-JAN-18','DD-MON-RR'), null, 1, 1, 1, to_date('01-JAN-18','DD-MON-RR'), 1, to_date('01-JAN-18','DD-MON-RR'), 1);

INSERT INTO SC_PROVIDER(SC_PROVIDER_ID,CODE, DESCRIPTION,PROVIDER_ID, CONTACT_NAME,ADDRESS_ID,PRIVATE,START_DATE,END_DATE,ACTIVE_FLAG,ROW_VERSION,
                        CREATED_BY_USER_ID,CREATED_DATETIME,LAST_UPDATED_USER_ID,LAST_UPDATED_DATETIME,TRAINING_SESSION_ID)
VALUES(12, 'SC12', 'SC Provider 11',1, 'David Ball', 1, 0, to_date('01-JAN-18','DD-MON-RR'), null, 1, 1, 1, to_date('01-JAN-18','DD-MON-RR'), 1, to_date('01-JAN-18','DD-MON-RR'), 1);

-- Teams
INSERT INTO TEAM (TEAM_ID, CODE, DESCRIPTION, DISTRICT_ID, LOCAL_DELIVERY_UNIT_ID, TELEPHONE, UNPAID_WORK_TEAM, ROW_VERSION, FAX_NUMBER, CONTACT_NAME,
                  START_DATE, END_DATE, CREATED_DATETIME, CREATED_BY_USER_ID, LAST_UPDATED_DATETIME, LAST_UPDATED_USER_ID, TRAINING_SESSION_ID,
                  PROBATION_AREA_ID, PRIVATE, SC_PROVIDER_ID, DESIGNATED_TRANSFER_TEAM)
VALUES (11,'TEAM11','Probation 11',1,11,'202222222','N',1,'202222222','Sheila Hancock',to_date('12-DEC-18','DD-MON-RR'),null,to_date('12-DEC-18','DD-MON-RR'),1,
        to_date('12-DEC-18','DD-MON-RR'),1,null,11,0,11,0);

INSERT INTO TEAM (TEAM_ID, CODE, DESCRIPTION, DISTRICT_ID, LOCAL_DELIVERY_UNIT_ID, TELEPHONE, UNPAID_WORK_TEAM, ROW_VERSION, FAX_NUMBER, CONTACT_NAME,
                  START_DATE, END_DATE, CREATED_DATETIME, CREATED_BY_USER_ID, LAST_UPDATED_DATETIME, LAST_UPDATED_USER_ID, TRAINING_SESSION_ID,
                  PROBATION_AREA_ID, PRIVATE, SC_PROVIDER_ID, DESIGNATED_TRANSFER_TEAM)
VALUES (12,'TEAM12','Probation 12',2,12,'333333333','N',1,'333333333','David Ball',to_date('12-DEC-18','DD-MON-RR'),null,to_date('12-DEC-18','DD-MON-RR'),1,
        to_date('12-DEC-18','DD-MON-RR'),1,null,12,0,12,0);

-- Staff who are offender managers and responsible officers
INSERT INTO STAFF (STAFF_ID, START_DATE, SURNAME, END_DATE, FORENAME, ROW_VERSION, FORENAME2, STAFF_GRADE_ID, TITLE_ID, OFFICER_CODE, CREATED_BY_USER_ID,
                   LAST_UPDATED_USER_ID, CREATED_DATETIME, LAST_UPDATED_DATETIME, TRAINING_SESSION_ID, PRIVATE, SC_PROVIDER_ID, PROBATION_AREA_ID)
VALUES (11,to_date('01-JAN-18','DD-MON-RR'),'HANCOCK',null,'SHEILA',1,'LINDA',1,1,'SH0001',1,1,to_date('01-JAN-18','DD-MON-RR'),to_date('01-JAN-18','DD-MON-RR'),null,0,11,11);

INSERT INTO STAFF (STAFF_ID, START_DATE, SURNAME, END_DATE, FORENAME, ROW_VERSION, FORENAME2, STAFF_GRADE_ID, TITLE_ID, OFFICER_CODE, CREATED_BY_USER_ID,
                   LAST_UPDATED_USER_ID, CREATED_DATETIME, LAST_UPDATED_DATETIME, TRAINING_SESSION_ID, PRIVATE, SC_PROVIDER_ID, PROBATION_AREA_ID)
VALUES (12,to_date('01-JAN-18','DD-MON-RR'),'WOOD',null,'JULIE',1,'',1,1,'SH0004',1,1,to_date('01-JAN-18','DD-MON-RR'),to_date('01-JAN-18','DD-MON-RR'),null,0,11,11);

INSERT INTO STAFF (STAFF_ID, START_DATE, SURNAME, END_DATE, FORENAME, ROW_VERSION, FORENAME2, STAFF_GRADE_ID, TITLE_ID, OFFICER_CODE, CREATED_BY_USER_ID,
                   LAST_UPDATED_USER_ID, CREATED_DATETIME, LAST_UPDATED_DATETIME, TRAINING_SESSION_ID, PRIVATE, SC_PROVIDER_ID, PROBATION_AREA_ID)
VALUES (13,to_date('01-JAN-18','DD-MON-RR'),'SMITH',null,'TREVOR',1,'',1,1,'SH0002',1,1,to_date('01-JAN-18','DD-MON-RR'),to_date('01-JAN-18','DD-MON-RR'),null,0,11,11);

INSERT INTO STAFF (STAFF_ID, START_DATE, SURNAME, END_DATE, FORENAME, ROW_VERSION, FORENAME2, STAFF_GRADE_ID, TITLE_ID, OFFICER_CODE, CREATED_BY_USER_ID,
                   LAST_UPDATED_USER_ID, CREATED_DATETIME, LAST_UPDATED_DATETIME, TRAINING_SESSION_ID, PRIVATE, SC_PROVIDER_ID, PROBATION_AREA_ID)
VALUES (14,to_date('01-JAN-18','DD-MON-RR'),'HUME',null,'LYDIA',1,'',1,1,'SH0005',1,1,to_date('01-JAN-18','DD-MON-RR'),to_date('01-JAN-18','DD-MON-RR'),null,0,12,12);

INSERT INTO STAFF (STAFF_ID, START_DATE, SURNAME, END_DATE, FORENAME, ROW_VERSION, FORENAME2, STAFF_GRADE_ID, TITLE_ID, OFFICER_CODE, CREATED_BY_USER_ID,
                   LAST_UPDATED_USER_ID, CREATED_DATETIME, LAST_UPDATED_DATETIME, TRAINING_SESSION_ID, PRIVATE, SC_PROVIDER_ID, PROBATION_AREA_ID)
VALUES (15,to_date('01-JAN-18','DD-MON-RR'),'BALL',null,'DAVID',1,'',1,1,'SH0003',1,1,to_date('01-JAN-18','DD-MON-RR'),to_date('01-JAN-18','DD-MON-RR'),null,0,12,12);

INSERT INTO STAFF (STAFF_ID, START_DATE, SURNAME, END_DATE, FORENAME, ROW_VERSION, FORENAME2, STAFF_GRADE_ID, TITLE_ID, OFFICER_CODE, CREATED_BY_USER_ID,
                   LAST_UPDATED_USER_ID, CREATED_DATETIME, LAST_UPDATED_DATETIME, TRAINING_SESSION_ID, PRIVATE, SC_PROVIDER_ID, PROBATION_AREA_ID)
VALUES (16,to_date('01-JAN-18','DD-MON-RR'),'TODD',null,'ALISTAIR',1,'',1,1,'SH0006',1,1,to_date('01-JAN-18','DD-MON-RR'),to_date('01-JAN-18','DD-MON-RR'),null,0,12,12);

INSERT INTO STAFF (STAFF_ID, START_DATE, SURNAME, END_DATE, FORENAME, ROW_VERSION, FORENAME2, STAFF_GRADE_ID, TITLE_ID, OFFICER_CODE, CREATED_BY_USER_ID,
                   LAST_UPDATED_USER_ID, CREATED_DATETIME, LAST_UPDATED_DATETIME, TRAINING_SESSION_ID, PRIVATE, SC_PROVIDER_ID, PROBATION_AREA_ID)
VALUES (17,to_date('01-JAN-18','DD-MON-RR'),'SNOW',null,'JIM',1,'',1,1,'SH0007',1,1,to_date('01-JAN-18','DD-MON-RR'),to_date('01-JAN-18','DD-MON-RR'),null,0,12,12);


-- Offenders managed by staff above
INSERT INTO OFFENDER (OFFENDER_ID, FIRST_NAME, CRN, SECOND_NAME, PNC_NUMBER, CRO_NUMBER, SURNAME, FIRST_NAME_SOUNDEX, SURNAME_SOUNDEX, NOMS_NUMBER, ALLOW_SMS, DATE_OF_BIRTH_DATE,NI_NUMBER,
                      PARTITION_AREA_ID, SOFT_DELETED, ROW_VERSION, TITLE_ID, GENDER_ID, ETHNICITY_ID, NATIONALITY_ID, IMMIGRATION_STATUS_ID, LANGUAGE_ID, RELIGION_ID,
                      SECOND_NATIONALITY_ID, CREATED_DATETIME, MOST_RECENT_PRISONER_NUMBER, LAST_UPDATED_DATETIME, SEXUAL_ORIENTATION_ID, CURRENT_EXCLUSION,
                      CREATED_BY_USER_ID, LAST_UPDATED_USER_ID, TRAINING_SESSION_ID, LAST_UPDATED_USER_ID_DIVERSITY, CURRENT_DISPOSAL, CURRENT_HIGHEST_RISK_COLOUR, CURRENT_RESTRICTION,
                      INSTITUTION_ID, ESTABLISHMENT, CURRENT_TIER, PENDING_TRANSFER, CURRENT_REMAND_STATUS, OM_ALLOCATION_DECISION_ID,
                      PREV_CON_LAST_UPD_AUTH_PROV_ID, TRANSGENDER_PROCESS_ID, TRANSGENDER_CONSENT_DISCLOSE, MENTAL_HEALTH, SAFEGUARDING_ISSUE,
                      DISABILITY, IOM_NOMINAL, VULNERABILITY_ISSUE, INTERPRETER_REQUIRED)
VALUES (11,'KEN', 'CRN11', '', 'PNC11', 'CRO11', 'BARLOW', ' ', ' ', 'G0560UO', 'Y', to_date('09-AUG-59','DD-MON-RR'), 'AB111111', 1, 0, 1, 1, 1, 1, 1, 1, 1, 1, 1, to_date('12-DEC-18','DD-MON-RR'), 'G0560UO',
        to_date('12-DEC-18','DD-MON-RR'), 1, 0, 1, 1, 1, 1, 0, 'RED', 0, 1, 'Y', 1, 0, 'CONVICTED',1,11,1,'N','N','N','N','N','N','N');

INSERT INTO OFFENDER (OFFENDER_ID, FIRST_NAME, CRN, SECOND_NAME, PNC_NUMBER, CRO_NUMBER, SURNAME, FIRST_NAME_SOUNDEX, SURNAME_SOUNDEX, NOMS_NUMBER, ALLOW_SMS, DATE_OF_BIRTH_DATE,NI_NUMBER,
                      PARTITION_AREA_ID, SOFT_DELETED, ROW_VERSION, TITLE_ID, GENDER_ID, ETHNICITY_ID, NATIONALITY_ID, IMMIGRATION_STATUS_ID, LANGUAGE_ID, RELIGION_ID,
                      SECOND_NATIONALITY_ID, CREATED_DATETIME, MOST_RECENT_PRISONER_NUMBER, LAST_UPDATED_DATETIME, SEXUAL_ORIENTATION_ID, CURRENT_EXCLUSION,
                      CREATED_BY_USER_ID, LAST_UPDATED_USER_ID, TRAINING_SESSION_ID, LAST_UPDATED_USER_ID_DIVERSITY, CURRENT_DISPOSAL, CURRENT_HIGHEST_RISK_COLOUR, CURRENT_RESTRICTION,
                      INSTITUTION_ID, ESTABLISHMENT, CURRENT_TIER, PENDING_TRANSFER, CURRENT_REMAND_STATUS, OM_ALLOCATION_DECISION_ID,
                      PREV_CON_LAST_UPD_AUTH_PROV_ID, TRANSGENDER_PROCESS_ID, TRANSGENDER_CONSENT_DISCLOSE, MENTAL_HEALTH, SAFEGUARDING_ISSUE,
                      DISABILITY, IOM_NOMINAL, VULNERABILITY_ISSUE, INTERPRETER_REQUIRED)
VALUES (12,'OSJIRAAB', 'CRN12', 'KATIEN', 'PNC12', 'CRO12', 'VIVEN', ' ', ' ', 'G4106UN', 'Y', to_date('08-OCT-98','DD-MON-RR'), 'AB121212', 1, 0, 1, 1, 1, 1, 1, 1, 1, 1, 1, to_date('12-DEC-18','DD-MON-RR'), 'G4106UN',
        to_date('12-DEC-18','DD-MON-RR'), 1, 0, 1, 1, 1, 1, 0, 'RED', 0, 1, 'Y', 1, 0, 'CONVICTED',1,11,1,'N','N','N','N','N','N','N');

INSERT INTO OFFENDER (OFFENDER_ID, FIRST_NAME, CRN, SECOND_NAME, PNC_NUMBER, CRO_NUMBER, SURNAME, FIRST_NAME_SOUNDEX, SURNAME_SOUNDEX, NOMS_NUMBER, ALLOW_SMS, DATE_OF_BIRTH_DATE,NI_NUMBER,
                      PARTITION_AREA_ID, SOFT_DELETED, ROW_VERSION, TITLE_ID, GENDER_ID, ETHNICITY_ID, NATIONALITY_ID, IMMIGRATION_STATUS_ID, LANGUAGE_ID, RELIGION_ID,
                      SECOND_NATIONALITY_ID, CREATED_DATETIME, MOST_RECENT_PRISONER_NUMBER, LAST_UPDATED_DATETIME, SEXUAL_ORIENTATION_ID, CURRENT_EXCLUSION,
                      CREATED_BY_USER_ID, LAST_UPDATED_USER_ID, TRAINING_SESSION_ID, LAST_UPDATED_USER_ID_DIVERSITY, CURRENT_DISPOSAL, CURRENT_HIGHEST_RISK_COLOUR, CURRENT_RESTRICTION,
                      INSTITUTION_ID, ESTABLISHMENT, CURRENT_TIER, PENDING_TRANSFER, CURRENT_REMAND_STATUS, OM_ALLOCATION_DECISION_ID,
                      PREV_CON_LAST_UPD_AUTH_PROV_ID, TRANSGENDER_PROCESS_ID, TRANSGENDER_CONSENT_DISCLOSE, MENTAL_HEALTH, SAFEGUARDING_ISSUE,
                      DISABILITY, IOM_NOMINAL, VULNERABILITY_ISSUE, INTERPRETER_REQUIRED)
VALUES (13,'YDRNEEL', 'CRN13', 'RANDER', 'PNC13', 'CRO13', 'NAOMERIC', ' ', ' ', 'G4139UN', 'Y', to_date('08-NOV-97','DD-MON-RR'), 'AB131313', 1, 0, 1, 1, 1, 1, 1, 1, 1, 1, 1, to_date('12-DEC-18','DD-MON-RR'), 'G4139UN',
        to_date('12-DEC-18','DD-MON-RR'), 1, 0, 1, 1, 1, 1, 0, 'RED', 0, 1, 'Y', 1, 0, 'CONVICTED',1,11,1,'N','N','N','N','N','N','N');

INSERT INTO OFFENDER (OFFENDER_ID, FIRST_NAME, CRN, SECOND_NAME, PNC_NUMBER, CRO_NUMBER, SURNAME, FIRST_NAME_SOUNDEX, SURNAME_SOUNDEX, NOMS_NUMBER, ALLOW_SMS, DATE_OF_BIRTH_DATE,NI_NUMBER,
                      PARTITION_AREA_ID, SOFT_DELETED, ROW_VERSION, TITLE_ID, GENDER_ID, ETHNICITY_ID, NATIONALITY_ID, IMMIGRATION_STATUS_ID, LANGUAGE_ID, RELIGION_ID,
                      SECOND_NATIONALITY_ID, CREATED_DATETIME, MOST_RECENT_PRISONER_NUMBER, LAST_UPDATED_DATETIME, SEXUAL_ORIENTATION_ID, CURRENT_EXCLUSION,
                      CREATED_BY_USER_ID, LAST_UPDATED_USER_ID, TRAINING_SESSION_ID, LAST_UPDATED_USER_ID_DIVERSITY, CURRENT_DISPOSAL, CURRENT_HIGHEST_RISK_COLOUR, CURRENT_RESTRICTION,
                      INSTITUTION_ID, ESTABLISHMENT, CURRENT_TIER, PENDING_TRANSFER, CURRENT_REMAND_STATUS, OM_ALLOCATION_DECISION_ID,
                      PREV_CON_LAST_UPD_AUTH_PROV_ID, TRANSGENDER_PROCESS_ID, TRANSGENDER_CONSENT_DISCLOSE, MENTAL_HEALTH, SAFEGUARDING_ISSUE,
                      DISABILITY, IOM_NOMINAL, VULNERABILITY_ISSUE, INTERPRETER_REQUIRED)
VALUES (14,'PADDY', 'CRN14', '', 'PNC14', 'CRO14', 'KIRK', ' ', ' ', 'A5067DY', 'Y', to_date('08-NOV-97','DD-MON-RR'), 'AB141414', 1, 0, 1, 1, 1, 1, 1, 1, 1, 1, 1, to_date('12-DEC-18','DD-MON-RR'), 'AB141414',
        to_date('12-DEC-18','DD-MON-RR'), 1, 0, 1, 1, 1, 1, 0, 'RED', 0, 1, 'Y', 1, 0, 'CONVICTED',1,11,1,'N','N','N','N','N','N','N');

INSERT INTO OFFENDER (OFFENDER_ID, FIRST_NAME, CRN, SECOND_NAME, PNC_NUMBER, CRO_NUMBER, SURNAME, FIRST_NAME_SOUNDEX, SURNAME_SOUNDEX, NOMS_NUMBER, ALLOW_SMS, DATE_OF_BIRTH_DATE,NI_NUMBER,
                      PARTITION_AREA_ID, SOFT_DELETED, ROW_VERSION, TITLE_ID, GENDER_ID, ETHNICITY_ID, NATIONALITY_ID, IMMIGRATION_STATUS_ID, LANGUAGE_ID, RELIGION_ID,
                      SECOND_NATIONALITY_ID, CREATED_DATETIME, MOST_RECENT_PRISONER_NUMBER, LAST_UPDATED_DATETIME, SEXUAL_ORIENTATION_ID, CURRENT_EXCLUSION,
                      CREATED_BY_USER_ID, LAST_UPDATED_USER_ID, TRAINING_SESSION_ID, LAST_UPDATED_USER_ID_DIVERSITY, CURRENT_DISPOSAL, CURRENT_HIGHEST_RISK_COLOUR, CURRENT_RESTRICTION,
                      INSTITUTION_ID, ESTABLISHMENT, CURRENT_TIER, PENDING_TRANSFER, CURRENT_REMAND_STATUS, OM_ALLOCATION_DECISION_ID,
                      PREV_CON_LAST_UPD_AUTH_PROV_ID, TRANSGENDER_PROCESS_ID, TRANSGENDER_CONSENT_DISCLOSE, MENTAL_HEALTH, SAFEGUARDING_ISSUE,
                      DISABILITY, IOM_NOMINAL, VULNERABILITY_ISSUE, INTERPRETER_REQUIRED)
VALUES (15,'ATNELNT', 'CRN15', 'HOLDE', 'PNC15', 'CRO15', 'ANTHONDA', ' ', ' ', 'G4340UK', 'Y', to_date('08-NOV-97','DD-MON-RR'), 'AB151515', 1, 0, 1, 1, 1, 1, 1, 1, 1, 1, 1, to_date('12-DEC-18','DD-MON-RR'), 'G4340UK',
        to_date('12-DEC-18','DD-MON-RR'), 1, 0, 1, 1, 1, 1, 0, 'RED', 0, 1, 'Y', 1, 0, 'CONVICTED',1,11,1,'N','N','N','N','N','N','N');

INSERT INTO OFFENDER (OFFENDER_ID, FIRST_NAME, CRN, SECOND_NAME, PNC_NUMBER, CRO_NUMBER, SURNAME, FIRST_NAME_SOUNDEX, SURNAME_SOUNDEX, NOMS_NUMBER, ALLOW_SMS, DATE_OF_BIRTH_DATE,NI_NUMBER,
                      PARTITION_AREA_ID, SOFT_DELETED, ROW_VERSION, TITLE_ID, GENDER_ID, ETHNICITY_ID, NATIONALITY_ID, IMMIGRATION_STATUS_ID, LANGUAGE_ID, RELIGION_ID,
                      SECOND_NATIONALITY_ID, CREATED_DATETIME, MOST_RECENT_PRISONER_NUMBER, LAST_UPDATED_DATETIME, SEXUAL_ORIENTATION_ID, CURRENT_EXCLUSION,
                      CREATED_BY_USER_ID, LAST_UPDATED_USER_ID, TRAINING_SESSION_ID, LAST_UPDATED_USER_ID_DIVERSITY, CURRENT_DISPOSAL, CURRENT_HIGHEST_RISK_COLOUR, CURRENT_RESTRICTION,
                      INSTITUTION_ID, ESTABLISHMENT, CURRENT_TIER, PENDING_TRANSFER, CURRENT_REMAND_STATUS, OM_ALLOCATION_DECISION_ID,
                      PREV_CON_LAST_UPD_AUTH_PROV_ID, TRANSGENDER_PROCESS_ID, TRANSGENDER_CONSENT_DISCLOSE, MENTAL_HEALTH, SAFEGUARDING_ISSUE,
                      DISABILITY, IOM_NOMINAL, VULNERABILITY_ISSUE, INTERPRETER_REQUIRED)
VALUES (16,'BEN', 'CRN16', '', 'PNC16', 'CRO16', 'CASSIDY', ' ', ' ', 'G1297UW', 'Y', to_date('08-NOV-97','DD-MON-RR'), 'AB161616', 1, 0, 1, 1, 1, 1, 1, 1, 1, 1, 1, to_date('12-DEC-18','DD-MON-RR'), 'G1297UW',
        to_date('12-DEC-18','DD-MON-RR'), 1, 0, 1, 1, 1, 1, 0, 'RED', 0, 1, 'Y', 1, 0, 'CONVICTED',1,11,1,'N','N','N','N','N','N','N');

INSERT INTO OFFENDER (OFFENDER_ID, FIRST_NAME, CRN, SECOND_NAME, PNC_NUMBER, CRO_NUMBER, SURNAME, FIRST_NAME_SOUNDEX, SURNAME_SOUNDEX, NOMS_NUMBER, ALLOW_SMS, DATE_OF_BIRTH_DATE,NI_NUMBER,
                      PARTITION_AREA_ID, SOFT_DELETED, ROW_VERSION, TITLE_ID, GENDER_ID, ETHNICITY_ID, NATIONALITY_ID, IMMIGRATION_STATUS_ID, LANGUAGE_ID, RELIGION_ID,
                      SECOND_NATIONALITY_ID, CREATED_DATETIME, MOST_RECENT_PRISONER_NUMBER, LAST_UPDATED_DATETIME, SEXUAL_ORIENTATION_ID, CURRENT_EXCLUSION,
                      CREATED_BY_USER_ID, LAST_UPDATED_USER_ID, TRAINING_SESSION_ID, LAST_UPDATED_USER_ID_DIVERSITY, CURRENT_DISPOSAL, CURRENT_HIGHEST_RISK_COLOUR, CURRENT_RESTRICTION,
                      INSTITUTION_ID, ESTABLISHMENT, CURRENT_TIER, PENDING_TRANSFER, CURRENT_REMAND_STATUS, OM_ALLOCATION_DECISION_ID,
                      PREV_CON_LAST_UPD_AUTH_PROV_ID, TRANSGENDER_PROCESS_ID, TRANSGENDER_CONSENT_DISCLOSE, MENTAL_HEALTH, SAFEGUARDING_ISSUE,
                      DISABILITY, IOM_NOMINAL, VULNERABILITY_ISSUE, INTERPRETER_REQUIRED)
VALUES (17,'DULQRENIERRE', 'CRN17', 'ROBABETH', 'PNC17', 'CRO17', 'LENOLD', ' ', ' ', 'G0272UA', 'Y', to_date('08-NOV-97','DD-MON-RR'), 'AB171717', 1, 0, 1, 1, 1, 1, 1, 1, 1, 1, 1, to_date('12-DEC-18','DD-MON-RR'), 'G0272UA',
        to_date('12-DEC-18','DD-MON-RR'), 1, 0, 1, 1, 1, 1, 0, 'RED', 0, 1, 'Y', 1, 0, 'CONVICTED',1,11,1,'N','N','N','N','N','N','N');

INSERT INTO OFFENDER (OFFENDER_ID, FIRST_NAME, CRN, SECOND_NAME, PNC_NUMBER, CRO_NUMBER, SURNAME, FIRST_NAME_SOUNDEX, SURNAME_SOUNDEX, NOMS_NUMBER, ALLOW_SMS, DATE_OF_BIRTH_DATE,NI_NUMBER,
                      PARTITION_AREA_ID, SOFT_DELETED, ROW_VERSION, TITLE_ID, GENDER_ID, ETHNICITY_ID, NATIONALITY_ID, IMMIGRATION_STATUS_ID, LANGUAGE_ID, RELIGION_ID,
                      SECOND_NATIONALITY_ID, CREATED_DATETIME, MOST_RECENT_PRISONER_NUMBER, LAST_UPDATED_DATETIME, SEXUAL_ORIENTATION_ID, CURRENT_EXCLUSION,
                      CREATED_BY_USER_ID, LAST_UPDATED_USER_ID, TRAINING_SESSION_ID, LAST_UPDATED_USER_ID_DIVERSITY, CURRENT_DISPOSAL, CURRENT_HIGHEST_RISK_COLOUR, CURRENT_RESTRICTION,
                      INSTITUTION_ID, ESTABLISHMENT, CURRENT_TIER, PENDING_TRANSFER, CURRENT_REMAND_STATUS, OM_ALLOCATION_DECISION_ID,
                      PREV_CON_LAST_UPD_AUTH_PROV_ID, TRANSGENDER_PROCESS_ID, TRANSGENDER_CONSENT_DISCLOSE, MENTAL_HEALTH, SAFEGUARDING_ISSUE,
                      DISABILITY, IOM_NOMINAL, VULNERABILITY_ISSUE, INTERPRETER_REQUIRED)
VALUES (18,'ULVAMOSE', 'CRN18', '', 'PNC18', 'CRO18', 'JAYMENTINO', ' ', ' ', 'G0986UN', 'Y', to_date('08-NOV-97','DD-MON-RR'), 'AB181818', 1, 0, 1, 1, 1, 1, 1, 1, 1, 1, 1, to_date('12-DEC-18','DD-MON-RR'), 'G0986UN',
        to_date('12-DEC-18','DD-MON-RR'), 1, 0, 1, 1, 1, 1, 0, 'RED', 0, 1, 'Y', 1, 0, 'CONVICTED',1,11,1,'N','N','N','N','N','N','N');

INSERT INTO OFFENDER (OFFENDER_ID, FIRST_NAME, CRN, SECOND_NAME, PNC_NUMBER, CRO_NUMBER, SURNAME, FIRST_NAME_SOUNDEX, SURNAME_SOUNDEX, NOMS_NUMBER, ALLOW_SMS, DATE_OF_BIRTH_DATE,NI_NUMBER,
                      PARTITION_AREA_ID, SOFT_DELETED, ROW_VERSION, TITLE_ID, GENDER_ID, ETHNICITY_ID, NATIONALITY_ID, IMMIGRATION_STATUS_ID, LANGUAGE_ID, RELIGION_ID,
                      SECOND_NATIONALITY_ID, CREATED_DATETIME, MOST_RECENT_PRISONER_NUMBER, LAST_UPDATED_DATETIME, SEXUAL_ORIENTATION_ID, CURRENT_EXCLUSION,
                      CREATED_BY_USER_ID, LAST_UPDATED_USER_ID, TRAINING_SESSION_ID, LAST_UPDATED_USER_ID_DIVERSITY, CURRENT_DISPOSAL, CURRENT_HIGHEST_RISK_COLOUR, CURRENT_RESTRICTION,
                      INSTITUTION_ID, ESTABLISHMENT, CURRENT_TIER, PENDING_TRANSFER, CURRENT_REMAND_STATUS, OM_ALLOCATION_DECISION_ID,
                      PREV_CON_LAST_UPD_AUTH_PROV_ID, TRANSGENDER_PROCESS_ID, TRANSGENDER_CONSENT_DISCLOSE, MENTAL_HEALTH, SAFEGUARDING_ISSUE,
                      DISABILITY, IOM_NOMINAL, VULNERABILITY_ISSUE, INTERPRETER_REQUIRED)
VALUES (19,'OGANONTHOMASIN', 'CRN19', 'LENIANA', 'PNC19', 'CRO19', 'DEVIEVE', ' ', ' ', 'G1138UF', 'Y', to_date('08-NOV-97','DD-MON-RR'), 'AB191919', 1, 0, 1, 1, 1, 1, 1, 1, 1, 1, 1, to_date('12-DEC-18','DD-MON-RR'), 'G1138UF',
        to_date('12-DEC-18','DD-MON-RR'), 1, 0, 1, 1, 1, 1, 0, 'RED', 0, 1, 'Y', 1, 0, 'CONVICTED',1,11,1,'N','N','N','N','N','N','N');

INSERT INTO OFFENDER (OFFENDER_ID, FIRST_NAME, CRN, SECOND_NAME, PNC_NUMBER, CRO_NUMBER, SURNAME, FIRST_NAME_SOUNDEX, SURNAME_SOUNDEX, NOMS_NUMBER, ALLOW_SMS, DATE_OF_BIRTH_DATE,NI_NUMBER,
                      PARTITION_AREA_ID, SOFT_DELETED, ROW_VERSION, TITLE_ID, GENDER_ID, ETHNICITY_ID, NATIONALITY_ID, IMMIGRATION_STATUS_ID, LANGUAGE_ID, RELIGION_ID,
                      SECOND_NATIONALITY_ID, CREATED_DATETIME, MOST_RECENT_PRISONER_NUMBER, LAST_UPDATED_DATETIME, SEXUAL_ORIENTATION_ID, CURRENT_EXCLUSION,
                      CREATED_BY_USER_ID, LAST_UPDATED_USER_ID, TRAINING_SESSION_ID, LAST_UPDATED_USER_ID_DIVERSITY, CURRENT_DISPOSAL, CURRENT_HIGHEST_RISK_COLOUR, CURRENT_RESTRICTION,
                      INSTITUTION_ID, ESTABLISHMENT, CURRENT_TIER, PENDING_TRANSFER, CURRENT_REMAND_STATUS, OM_ALLOCATION_DECISION_ID,
                      PREV_CON_LAST_UPD_AUTH_PROV_ID, TRANSGENDER_PROCESS_ID, TRANSGENDER_CONSENT_DISCLOSE, MENTAL_HEALTH, SAFEGUARDING_ISSUE,
                      DISABILITY, IOM_NOMINAL, VULNERABILITY_ISSUE, INTERPRETER_REQUIRED)
VALUES (20,'YMYNNEUMAR', 'CRN20', '', 'PNC20', 'CRO20', 'ZACHASINA', ' ', ' ', 'G0766UL', 'Y', to_date('08-NOV-97','DD-MON-RR'), 'AB202020', 1, 0, 1, 1, 1, 1, 1, 1, 1, 1, 1, to_date('12-DEC-18','DD-MON-RR'), 'G0766UL',
        to_date('12-DEC-18','DD-MON-RR'), 1, 0, 1, 1, 1, 1, 0, 'RED', 0, 1, 'Y', 1, 0, 'CONVICTED',1,12,1,'N','N','N','N','N','N','N');

INSERT INTO OFFENDER (OFFENDER_ID, FIRST_NAME, CRN, SECOND_NAME, PNC_NUMBER, CRO_NUMBER, SURNAME, FIRST_NAME_SOUNDEX, SURNAME_SOUNDEX, NOMS_NUMBER, ALLOW_SMS, DATE_OF_BIRTH_DATE,NI_NUMBER,
                      PARTITION_AREA_ID, SOFT_DELETED, ROW_VERSION, TITLE_ID, GENDER_ID, ETHNICITY_ID, NATIONALITY_ID, IMMIGRATION_STATUS_ID, LANGUAGE_ID, RELIGION_ID,
                      SECOND_NATIONALITY_ID, CREATED_DATETIME, MOST_RECENT_PRISONER_NUMBER, LAST_UPDATED_DATETIME, SEXUAL_ORIENTATION_ID, CURRENT_EXCLUSION,
                      CREATED_BY_USER_ID, LAST_UPDATED_USER_ID, TRAINING_SESSION_ID, LAST_UPDATED_USER_ID_DIVERSITY, CURRENT_DISPOSAL, CURRENT_HIGHEST_RISK_COLOUR, CURRENT_RESTRICTION,
                      INSTITUTION_ID, ESTABLISHMENT, CURRENT_TIER, PENDING_TRANSFER, CURRENT_REMAND_STATUS, OM_ALLOCATION_DECISION_ID,
                      PREV_CON_LAST_UPD_AUTH_PROV_ID, TRANSGENDER_PROCESS_ID, TRANSGENDER_CONSENT_DISCLOSE, MENTAL_HEALTH, SAFEGUARDING_ISSUE,
                      DISABILITY, IOM_NOMINAL, VULNERABILITY_ISSUE, INTERPRETER_REQUIRED)
VALUES (21,'ILBNELIWA', 'CRN21', 'ANOLPH', 'PNC21', 'CRO21', 'ALYSA', ' ', ' ', 'G3841VR', 'Y', to_date('08-NOV-97','DD-MON-RR'), 'AB212121', 1, 0, 1, 1, 1, 1, 1, 1, 1, 1, 1, to_date('12-DEC-18','DD-MON-RR'), 'G3841VR',
        to_date('12-DEC-18','DD-MON-RR'), 1, 0, 1, 1, 1, 1, 0, 'RED', 0, 1, 'Y', 1, 0, 'CONVICTED',1,12,1,'N','N','N','N','N','N','N');

INSERT INTO OFFENDER (OFFENDER_ID, FIRST_NAME, CRN, SECOND_NAME, PNC_NUMBER, CRO_NUMBER, SURNAME, FIRST_NAME_SOUNDEX, SURNAME_SOUNDEX, NOMS_NUMBER, ALLOW_SMS, DATE_OF_BIRTH_DATE,NI_NUMBER,
                      PARTITION_AREA_ID, SOFT_DELETED, ROW_VERSION, TITLE_ID, GENDER_ID, ETHNICITY_ID, NATIONALITY_ID, IMMIGRATION_STATUS_ID, LANGUAGE_ID, RELIGION_ID,
                      SECOND_NATIONALITY_ID, CREATED_DATETIME, MOST_RECENT_PRISONER_NUMBER, LAST_UPDATED_DATETIME, SEXUAL_ORIENTATION_ID, CURRENT_EXCLUSION,
                      CREATED_BY_USER_ID, LAST_UPDATED_USER_ID, TRAINING_SESSION_ID, LAST_UPDATED_USER_ID_DIVERSITY, CURRENT_DISPOSAL, CURRENT_HIGHEST_RISK_COLOUR, CURRENT_RESTRICTION,
                      INSTITUTION_ID, ESTABLISHMENT, CURRENT_TIER, PENDING_TRANSFER, CURRENT_REMAND_STATUS, OM_ALLOCATION_DECISION_ID,
                      PREV_CON_LAST_UPD_AUTH_PROV_ID, TRANSGENDER_PROCESS_ID, TRANSGENDER_CONSENT_DISCLOSE, MENTAL_HEALTH, SAFEGUARDING_ISSUE,
                      DISABILITY, IOM_NOMINAL, VULNERABILITY_ISSUE, INTERPRETER_REQUIRED)
VALUES (22,'ADNKELNA', 'CRN22', '', 'PNC22', 'CRO22', 'FATALIE', ' ', ' ', 'G4137UJ', 'Y', to_date('08-NOV-97','DD-MON-RR'), 'AB222222', 1, 0, 1, 1, 1, 1, 1, 1, 1, 1, 1, to_date('12-DEC-18','DD-MON-RR'), 'G4137UJ',
        to_date('12-DEC-18','DD-MON-RR'), 1, 0, 1, 1, 1, 1, 0, 'RED', 0, 1, 'Y', 1, 0, 'CONVICTED',1,12,1,'N','N','N','N','N','N','N');

INSERT INTO OFFENDER (OFFENDER_ID, FIRST_NAME, CRN, SECOND_NAME, PNC_NUMBER, CRO_NUMBER, SURNAME, FIRST_NAME_SOUNDEX, SURNAME_SOUNDEX, NOMS_NUMBER, ALLOW_SMS, DATE_OF_BIRTH_DATE,NI_NUMBER,
                      PARTITION_AREA_ID, SOFT_DELETED, ROW_VERSION, TITLE_ID, GENDER_ID, ETHNICITY_ID, NATIONALITY_ID, IMMIGRATION_STATUS_ID, LANGUAGE_ID, RELIGION_ID,
                      SECOND_NATIONALITY_ID, CREATED_DATETIME, MOST_RECENT_PRISONER_NUMBER, LAST_UPDATED_DATETIME, SEXUAL_ORIENTATION_ID, CURRENT_EXCLUSION,
                      CREATED_BY_USER_ID, LAST_UPDATED_USER_ID, TRAINING_SESSION_ID, LAST_UPDATED_USER_ID_DIVERSITY, CURRENT_DISPOSAL, CURRENT_HIGHEST_RISK_COLOUR, CURRENT_RESTRICTION,
                      INSTITUTION_ID, ESTABLISHMENT, CURRENT_TIER, PENDING_TRANSFER, CURRENT_REMAND_STATUS, OM_ALLOCATION_DECISION_ID,
                      PREV_CON_LAST_UPD_AUTH_PROV_ID, TRANSGENDER_PROCESS_ID, TRANSGENDER_CONSENT_DISCLOSE, MENTAL_HEALTH, SAFEGUARDING_ISSUE,
                      DISABILITY, IOM_NOMINAL, VULNERABILITY_ISSUE, INTERPRETER_REQUIRED)
VALUES (23,'STEVE', 'CRN23', '', 'PNC23', 'CRO23', 'MCDONALD', ' ', ' ', 'A5065DY', 'Y', to_date('08-NOV-97','DD-MON-RR'), 'AB232323', 1, 0, 1, 1, 1, 1, 1, 1, 1, 1, 1, to_date('12-DEC-18','DD-MON-RR'), 'A5065DY',
        to_date('12-DEC-18','DD-MON-RR'), 1, 0, 1, 1, 1, 1, 0, 'RED', 0, 1, 'Y', 1, 0, 'CONVICTED',1,12,1,'N','N','N','N','N','N','N');

INSERT INTO OFFENDER (OFFENDER_ID, FIRST_NAME, CRN, SECOND_NAME, PNC_NUMBER, CRO_NUMBER, SURNAME, FIRST_NAME_SOUNDEX, SURNAME_SOUNDEX, NOMS_NUMBER, ALLOW_SMS, DATE_OF_BIRTH_DATE,NI_NUMBER,
                      PARTITION_AREA_ID, SOFT_DELETED, ROW_VERSION, TITLE_ID, GENDER_ID, ETHNICITY_ID, NATIONALITY_ID, IMMIGRATION_STATUS_ID, LANGUAGE_ID, RELIGION_ID,
                      SECOND_NATIONALITY_ID, CREATED_DATETIME, MOST_RECENT_PRISONER_NUMBER, LAST_UPDATED_DATETIME, SEXUAL_ORIENTATION_ID, CURRENT_EXCLUSION,
                      CREATED_BY_USER_ID, LAST_UPDATED_USER_ID, TRAINING_SESSION_ID, LAST_UPDATED_USER_ID_DIVERSITY, CURRENT_DISPOSAL, CURRENT_HIGHEST_RISK_COLOUR, CURRENT_RESTRICTION,
                      INSTITUTION_ID, ESTABLISHMENT, CURRENT_TIER, PENDING_TRANSFER, CURRENT_REMAND_STATUS, OM_ALLOCATION_DECISION_ID,
                      PREV_CON_LAST_UPD_AUTH_PROV_ID, TRANSGENDER_PROCESS_ID, TRANSGENDER_CONSENT_DISCLOSE, MENTAL_HEALTH, SAFEGUARDING_ISSUE,
                      DISABILITY, IOM_NOMINAL, VULNERABILITY_ISSUE, INTERPRETER_REQUIRED)
VALUES (24,'ANDREW', 'CRN24', '', 'PNC24', 'CRO24', 'DAVIES', ' ', ' ', 'A5022DY', 'Y', to_date('08-NOV-97','DD-MON-RR'), 'AB242424', 1, 0, 1, 1, 1, 1, 1, 1, 1, 1, 1, to_date('12-DEC-18','DD-MON-RR'), 'A5022DY',
        to_date('12-DEC-18','DD-MON-RR'), 1, 0, 1, 1, 1, 1, 0, 'RED', 0, 1, 'Y', 1, 0, 'CONVICTED',1,12,1,'N','N','N','N','N','N','N');

INSERT INTO OFFENDER (OFFENDER_ID, FIRST_NAME, CRN, SECOND_NAME, PNC_NUMBER, CRO_NUMBER, SURNAME, FIRST_NAME_SOUNDEX, SURNAME_SOUNDEX, NOMS_NUMBER, ALLOW_SMS, DATE_OF_BIRTH_DATE,NI_NUMBER,
                      PARTITION_AREA_ID, SOFT_DELETED, ROW_VERSION, TITLE_ID, GENDER_ID, ETHNICITY_ID, NATIONALITY_ID, IMMIGRATION_STATUS_ID, LANGUAGE_ID, RELIGION_ID,
                      SECOND_NATIONALITY_ID, CREATED_DATETIME, MOST_RECENT_PRISONER_NUMBER, LAST_UPDATED_DATETIME, SEXUAL_ORIENTATION_ID, CURRENT_EXCLUSION,
                      CREATED_BY_USER_ID, LAST_UPDATED_USER_ID, TRAINING_SESSION_ID, LAST_UPDATED_USER_ID_DIVERSITY, CURRENT_DISPOSAL, CURRENT_HIGHEST_RISK_COLOUR, CURRENT_RESTRICTION,
                      INSTITUTION_ID, ESTABLISHMENT, CURRENT_TIER, PENDING_TRANSFER, CURRENT_REMAND_STATUS, OM_ALLOCATION_DECISION_ID,
                      PREV_CON_LAST_UPD_AUTH_PROV_ID, TRANSGENDER_PROCESS_ID, TRANSGENDER_CONSENT_DISCLOSE, MENTAL_HEALTH, SAFEGUARDING_ISSUE,
                      DISABILITY, IOM_NOMINAL, VULNERABILITY_ISSUE, INTERPRETER_REQUIRED)
VALUES (25,'JUNAID', 'CRN25', '', 'PNC25', 'CRO25', 'KHAN', ' ', ' ', 'G1030UT', 'Y', to_date('08-NOV-97','DD-MON-RR'), 'AB252525', 1, 0, 1, 1, 1, 1, 1, 1, 1, 1, 1, to_date('12-DEC-18','DD-MON-RR'), 'G1030UT',
        to_date('12-DEC-18','DD-MON-RR'), 1, 0, 1, 1, 1, 1, 0, 'RED', 0, 1, 'Y', 1, 0, 'CONVICTED',1,12,1,'N','N','N','N','N','N','N');

INSERT INTO OFFENDER (OFFENDER_ID, FIRST_NAME, CRN, SECOND_NAME, PNC_NUMBER, CRO_NUMBER, SURNAME, FIRST_NAME_SOUNDEX, SURNAME_SOUNDEX, NOMS_NUMBER, ALLOW_SMS, DATE_OF_BIRTH_DATE,NI_NUMBER,
                      PARTITION_AREA_ID, SOFT_DELETED, ROW_VERSION, TITLE_ID, GENDER_ID, ETHNICITY_ID, NATIONALITY_ID, IMMIGRATION_STATUS_ID, LANGUAGE_ID, RELIGION_ID,
                      SECOND_NATIONALITY_ID, CREATED_DATETIME, MOST_RECENT_PRISONER_NUMBER, LAST_UPDATED_DATETIME, SEXUAL_ORIENTATION_ID, CURRENT_EXCLUSION,
                      CREATED_BY_USER_ID, LAST_UPDATED_USER_ID, TRAINING_SESSION_ID, LAST_UPDATED_USER_ID_DIVERSITY, CURRENT_DISPOSAL, CURRENT_HIGHEST_RISK_COLOUR, CURRENT_RESTRICTION,
                      INSTITUTION_ID, ESTABLISHMENT, CURRENT_TIER, PENDING_TRANSFER, CURRENT_REMAND_STATUS, OM_ALLOCATION_DECISION_ID,
                      PREV_CON_LAST_UPD_AUTH_PROV_ID, TRANSGENDER_PROCESS_ID, TRANSGENDER_CONSENT_DISCLOSE, MENTAL_HEALTH, SAFEGUARDING_ISSUE,
                      DISABILITY, IOM_NOMINAL, VULNERABILITY_ISSUE, INTERPRETER_REQUIRED)
VALUES (26,'KIRK', 'CRN26', '', 'PNC26', 'CRO26', 'SUTHERLAND', ' ', ' ', 'G8378UL', 'Y', to_date('08-NOV-97','DD-MON-RR'), 'AB262626', 1, 0, 1, 1, 1, 1, 1, 1, 1, 1, 1, to_date('12-DEC-18','DD-MON-RR'), 'G8378UL',
        to_date('12-DEC-18','DD-MON-RR'), 1, 0, 1, 1, 1, 1, 0, 'RED', 0, 1, 'Y', 1, 0, 'CONVICTED',1,12,1,'N','N','N','N','N','N','N');

INSERT INTO OFFENDER (OFFENDER_ID, FIRST_NAME, CRN, SECOND_NAME, PNC_NUMBER, CRO_NUMBER, SURNAME, FIRST_NAME_SOUNDEX, SURNAME_SOUNDEX, NOMS_NUMBER, ALLOW_SMS, DATE_OF_BIRTH_DATE,NI_NUMBER,
                      PARTITION_AREA_ID, SOFT_DELETED, ROW_VERSION, TITLE_ID, GENDER_ID, ETHNICITY_ID, NATIONALITY_ID, IMMIGRATION_STATUS_ID, LANGUAGE_ID, RELIGION_ID,
                      SECOND_NATIONALITY_ID, CREATED_DATETIME, MOST_RECENT_PRISONER_NUMBER, LAST_UPDATED_DATETIME, SEXUAL_ORIENTATION_ID, CURRENT_EXCLUSION,
                      CREATED_BY_USER_ID, LAST_UPDATED_USER_ID, TRAINING_SESSION_ID, LAST_UPDATED_USER_ID_DIVERSITY, CURRENT_DISPOSAL, CURRENT_HIGHEST_RISK_COLOUR, CURRENT_RESTRICTION,
                      INSTITUTION_ID, ESTABLISHMENT, CURRENT_TIER, PENDING_TRANSFER, CURRENT_REMAND_STATUS, OM_ALLOCATION_DECISION_ID,
                      PREV_CON_LAST_UPD_AUTH_PROV_ID, TRANSGENDER_PROCESS_ID, TRANSGENDER_CONSENT_DISCLOSE, MENTAL_HEALTH, SAFEGUARDING_ISSUE,
                      DISABILITY, IOM_NOMINAL, VULNERABILITY_ISSUE, INTERPRETER_REQUIRED)
VALUES (27,'KEVIN', 'CRN27', '', 'PNC27', 'CRO27', 'WEBSTER', ' ', ' ', 'G7611UK', 'Y', to_date('08-NOV-97','DD-MON-RR'), 'AB272727', 1, 0, 1, 1, 1, 1, 1, 1, 1, 1, 1, to_date('12-DEC-18','DD-MON-RR'), 'G7611UK',
        to_date('12-DEC-18','DD-MON-RR'), 1, 0, 1, 1, 1, 1, 0, 'RED', 0, 1, 'Y', 1, 0, 'CONVICTED',1,12,1,'N','N','N','N','N','N','N');

INSERT INTO OFFENDER (OFFENDER_ID, FIRST_NAME, CRN, SECOND_NAME, PNC_NUMBER, CRO_NUMBER, SURNAME, FIRST_NAME_SOUNDEX, SURNAME_SOUNDEX, NOMS_NUMBER, ALLOW_SMS, DATE_OF_BIRTH_DATE,NI_NUMBER,
                      PARTITION_AREA_ID, SOFT_DELETED, ROW_VERSION, TITLE_ID, GENDER_ID, ETHNICITY_ID, NATIONALITY_ID, IMMIGRATION_STATUS_ID, LANGUAGE_ID, RELIGION_ID,
                      SECOND_NATIONALITY_ID, CREATED_DATETIME, MOST_RECENT_PRISONER_NUMBER, LAST_UPDATED_DATETIME, SEXUAL_ORIENTATION_ID, CURRENT_EXCLUSION,
                      CREATED_BY_USER_ID, LAST_UPDATED_USER_ID, TRAINING_SESSION_ID, LAST_UPDATED_USER_ID_DIVERSITY, CURRENT_DISPOSAL, CURRENT_HIGHEST_RISK_COLOUR, CURRENT_RESTRICTION,
                      INSTITUTION_ID, ESTABLISHMENT, CURRENT_TIER, PENDING_TRANSFER, CURRENT_REMAND_STATUS, OM_ALLOCATION_DECISION_ID,
                      PREV_CON_LAST_UPD_AUTH_PROV_ID, TRANSGENDER_PROCESS_ID, TRANSGENDER_CONSENT_DISCLOSE, MENTAL_HEALTH, SAFEGUARDING_ISSUE,
                      DISABILITY, IOM_NOMINAL, VULNERABILITY_ISSUE, INTERPRETER_REQUIRED)
VALUES (28,'PERCY', 'CRN28', '', 'PNC28', 'CRO28', 'SUGDEN', ' ', ' ', 'G7538UF', 'Y', to_date('08-NOV-97','DD-MON-RR'), 'AB282828', 1, 0, 1, 1, 1, 1, 1, 1, 1, 1, 1, to_date('12-DEC-18','DD-MON-RR'), 'G7538UF',
        to_date('12-DEC-18','DD-MON-RR'), 1, 0, 1, 1, 1, 1, 0, 'RED', 0, 1, 'Y', 1, 0, 'CONVICTED',1,12,1,'N','N','N','N','N','N','N');

INSERT INTO OFFENDER (OFFENDER_ID, FIRST_NAME, CRN, SECOND_NAME, PNC_NUMBER, CRO_NUMBER, SURNAME, FIRST_NAME_SOUNDEX, SURNAME_SOUNDEX, NOMS_NUMBER, ALLOW_SMS, DATE_OF_BIRTH_DATE,NI_NUMBER,
                      PARTITION_AREA_ID, SOFT_DELETED, ROW_VERSION, TITLE_ID, GENDER_ID, ETHNICITY_ID, NATIONALITY_ID, IMMIGRATION_STATUS_ID, LANGUAGE_ID, RELIGION_ID,
                      SECOND_NATIONALITY_ID, CREATED_DATETIME, MOST_RECENT_PRISONER_NUMBER, LAST_UPDATED_DATETIME, SEXUAL_ORIENTATION_ID, CURRENT_EXCLUSION,
                      CREATED_BY_USER_ID, LAST_UPDATED_USER_ID, TRAINING_SESSION_ID, LAST_UPDATED_USER_ID_DIVERSITY, CURRENT_DISPOSAL, CURRENT_HIGHEST_RISK_COLOUR, CURRENT_RESTRICTION,
                      INSTITUTION_ID, ESTABLISHMENT, CURRENT_TIER, PENDING_TRANSFER, CURRENT_REMAND_STATUS, OM_ALLOCATION_DECISION_ID,
                      PREV_CON_LAST_UPD_AUTH_PROV_ID, TRANSGENDER_PROCESS_ID, TRANSGENDER_CONSENT_DISCLOSE, MENTAL_HEALTH, SAFEGUARDING_ISSUE,
                      DISABILITY, IOM_NOMINAL, VULNERABILITY_ISSUE, INTERPRETER_REQUIRED)
VALUES (29,'ALF', 'CRN29', '', 'PNC29', 'CRO29', 'ROBERTS', ' ', ' ', 'G7964UN', 'Y', to_date('08-NOV-97','DD-MON-RR'), 'AB292929', 1, 0, 1, 1, 1, 1, 1, 1, 1, 1, 1, to_date('12-DEC-18','DD-MON-RR'), 'G7964UN',
        to_date('12-DEC-18','DD-MON-RR'), 1, 0, 1, 1, 1, 1, 0, 'RED', 0, 1, 'Y', 1, 0, 'CONVICTED',1,12,1,'N','N','N','N','N','N','N');

INSERT INTO OFFENDER (OFFENDER_ID, FIRST_NAME, CRN, SECOND_NAME, PNC_NUMBER, CRO_NUMBER, SURNAME, FIRST_NAME_SOUNDEX, SURNAME_SOUNDEX, NOMS_NUMBER, ALLOW_SMS, DATE_OF_BIRTH_DATE,NI_NUMBER,
                      PARTITION_AREA_ID, SOFT_DELETED, ROW_VERSION, TITLE_ID, GENDER_ID, ETHNICITY_ID, NATIONALITY_ID, IMMIGRATION_STATUS_ID, LANGUAGE_ID, RELIGION_ID,
                      SECOND_NATIONALITY_ID, CREATED_DATETIME, MOST_RECENT_PRISONER_NUMBER, LAST_UPDATED_DATETIME, SEXUAL_ORIENTATION_ID, CURRENT_EXCLUSION,
                      CREATED_BY_USER_ID, LAST_UPDATED_USER_ID, TRAINING_SESSION_ID, LAST_UPDATED_USER_ID_DIVERSITY, CURRENT_DISPOSAL, CURRENT_HIGHEST_RISK_COLOUR, CURRENT_RESTRICTION,
                      INSTITUTION_ID, ESTABLISHMENT, CURRENT_TIER, PENDING_TRANSFER, CURRENT_REMAND_STATUS, OM_ALLOCATION_DECISION_ID,
                      PREV_CON_LAST_UPD_AUTH_PROV_ID, TRANSGENDER_PROCESS_ID, TRANSGENDER_CONSENT_DISCLOSE, MENTAL_HEALTH, SAFEGUARDING_ISSUE,
                      DISABILITY, IOM_NOMINAL, VULNERABILITY_ISSUE, INTERPRETER_REQUIRED)
VALUES (30,'TYRONE', 'CRN30', '', 'PNC30', 'CRO30', 'DOBBS', ' ', ' ', 'G8331VA', 'Y', to_date('08-NOV-97','DD-MON-RR'), 'AB303030', 1, 0, 1, 1, 1, 1, 1, 1, 1, 1, 1, to_date('12-DEC-18','DD-MON-RR'), 'G8331VA',
        to_date('12-DEC-18','DD-MON-RR'), 1, 0, 1, 1, 1, 1, 0, 'RED', 0, 1, 'Y', 1, 0, 'CONVICTED',1,12,1,'N','N','N','N','N','N','N');


-- Officer - PK constraint for OFFENDER_MANAGER
INSERT INTO OFFICER (TRUST_PROVIDER_FLAG, STAFF_EMPLOYEE_ID, SURNAME, FORENAME, FORENAME2, ROW_VERSION, TRAINING_SESSION_ID, STAFF_GRADE_ID, START_DATE, END_DATE)
VALUES (0, 11, 'HANCOCK', 'SHEILA', 'LINDA', 1, 1, 1, to_date('08-NOV-11','DD-MON-RR'), to_date('08-NOV-30','DD-MON-RR'));

INSERT INTO OFFICER (TRUST_PROVIDER_FLAG, STAFF_EMPLOYEE_ID, SURNAME, FORENAME, FORENAME2, ROW_VERSION, TRAINING_SESSION_ID, STAFF_GRADE_ID, START_DATE, END_DATE)
VALUES (0, 12, 'WOOD', 'JULIE', '', 1, 1, 1, to_date('08-NOV-11','DD-MON-RR'), to_date('08-NOV-30','DD-MON-RR'));

INSERT INTO OFFICER (TRUST_PROVIDER_FLAG, STAFF_EMPLOYEE_ID, SURNAME, FORENAME, FORENAME2, ROW_VERSION, TRAINING_SESSION_ID, STAFF_GRADE_ID, START_DATE, END_DATE)
VALUES (0, 13, 'SMITH', 'TREVOR', '', 1, 1, 1, to_date('08-NOV-11','DD-MON-RR'), to_date('08-NOV-30','DD-MON-RR'));

INSERT INTO OFFICER (TRUST_PROVIDER_FLAG, STAFF_EMPLOYEE_ID, SURNAME, FORENAME, FORENAME2, ROW_VERSION, TRAINING_SESSION_ID, STAFF_GRADE_ID, START_DATE, END_DATE)
VALUES (0, 14, 'HUME', 'LYDIA', '', 1, 1, 1, to_date('08-NOV-11','DD-MON-RR'), to_date('08-NOV-30','DD-MON-RR'));

INSERT INTO OFFICER (TRUST_PROVIDER_FLAG, STAFF_EMPLOYEE_ID, SURNAME, FORENAME, FORENAME2, ROW_VERSION, TRAINING_SESSION_ID, STAFF_GRADE_ID, START_DATE, END_DATE)
VALUES (0, 15, 'BALL', 'DAVID', '', 1, 1, 1, to_date('08-NOV-11','DD-MON-RR'), to_date('08-NOV-30','DD-MON-RR'));

INSERT INTO OFFICER (TRUST_PROVIDER_FLAG, STAFF_EMPLOYEE_ID, SURNAME, FORENAME, FORENAME2, ROW_VERSION, TRAINING_SESSION_ID, STAFF_GRADE_ID, START_DATE, END_DATE)
VALUES (0, 16, 'TODD', 'ALISTAIR', '', 1, 1, 1, to_date('08-NOV-11','DD-MON-RR'), to_date('08-NOV-30','DD-MON-RR'));

INSERT INTO OFFICER (TRUST_PROVIDER_FLAG, STAFF_EMPLOYEE_ID, SURNAME, FORENAME, FORENAME2, ROW_VERSION, TRAINING_SESSION_ID, STAFF_GRADE_ID, START_DATE, END_DATE)
VALUES (0, 17, 'SNOW', 'JIM', '', 1, 1, 1, to_date('08-NOV-11','DD-MON-RR'), to_date('08-NOV-30','DD-MON-RR'));


-- Offender managers
INSERT INTO OFFENDER_MANAGER (OFFENDER_MANAGER_ID, ALLOCATION_DATE, END_DATE, ALLOCATION_STAFF_ID, TEAM_ID, PARTITION_AREA_ID,OFFENDER_ID,
                              SOFT_DELETED,ROW_VERSION,ALLOCATION_REASON_ID,PROVIDER_EMPLOYEE_ID, OFFENDER_TRANSFER_ID, PROVIDER_TEAM_ID,
                              TRAINING_SESSION_ID, TRUST_PROVIDER_FLAG,STAFF_EMPLOYEE_ID,PROBATION_AREA_ID,TRUST_PROVIDER_TEAM_ID,ACTIVE_FLAG,
                              CREATED_BY_USER_ID, CREATED_DATETIME,LAST_UPDATED_USER_ID,LAST_UPDATED_DATETIME)
VALUES (11, to_date('04-MAY-18','DD-MON-RR'), null, 11, 11, 1, 11, 0, 1, 1, null, null, null, 1, 0, 11, 11, 1, 1, 1, to_date('12-DEC-18','DD-MON-RR'), 1, to_date('12-DEC-18','DD-MON-RR'));

INSERT INTO OFFENDER_MANAGER (OFFENDER_MANAGER_ID, ALLOCATION_DATE, END_DATE, ALLOCATION_STAFF_ID, TEAM_ID, PARTITION_AREA_ID,OFFENDER_ID,
                              SOFT_DELETED,ROW_VERSION,ALLOCATION_REASON_ID,PROVIDER_EMPLOYEE_ID, OFFENDER_TRANSFER_ID, PROVIDER_TEAM_ID,
                              TRAINING_SESSION_ID, TRUST_PROVIDER_FLAG,STAFF_EMPLOYEE_ID,PROBATION_AREA_ID,TRUST_PROVIDER_TEAM_ID,ACTIVE_FLAG,
                              CREATED_BY_USER_ID, CREATED_DATETIME,LAST_UPDATED_USER_ID,LAST_UPDATED_DATETIME)
VALUES (12, to_date('04-MAY-18','DD-MON-RR'), null, 11, 11, 1, 12, 0, 1, 1,  null, null, null, 1, 0, 11, 11, 1, 1, 1, to_date('12-DEC-18','DD-MON-RR'), 1, to_date('12-DEC-18','DD-MON-RR'));

INSERT INTO OFFENDER_MANAGER (OFFENDER_MANAGER_ID, ALLOCATION_DATE, END_DATE, ALLOCATION_STAFF_ID, TEAM_ID, PARTITION_AREA_ID,OFFENDER_ID,
                              SOFT_DELETED,ROW_VERSION,ALLOCATION_REASON_ID,PROVIDER_EMPLOYEE_ID, OFFENDER_TRANSFER_ID, PROVIDER_TEAM_ID,
                              TRAINING_SESSION_ID, TRUST_PROVIDER_FLAG,STAFF_EMPLOYEE_ID,PROBATION_AREA_ID,TRUST_PROVIDER_TEAM_ID,ACTIVE_FLAG,
                              CREATED_BY_USER_ID, CREATED_DATETIME,LAST_UPDATED_USER_ID,LAST_UPDATED_DATETIME)
VALUES (13, to_date('04-MAY-18','DD-MON-RR'), null, 11, 11, 1, 13, 0, 1, 1, null, null, null, 1, 0, 11, 11, 1, 1, 1, to_date('12-DEC-18','DD-MON-RR'), 1, to_date('12-DEC-18','DD-MON-RR'));

INSERT INTO OFFENDER_MANAGER (OFFENDER_MANAGER_ID, ALLOCATION_DATE, END_DATE, ALLOCATION_STAFF_ID, TEAM_ID, PARTITION_AREA_ID,OFFENDER_ID,
                              SOFT_DELETED,ROW_VERSION,ALLOCATION_REASON_ID,PROVIDER_EMPLOYEE_ID, OFFENDER_TRANSFER_ID, PROVIDER_TEAM_ID,
                              TRAINING_SESSION_ID, TRUST_PROVIDER_FLAG,STAFF_EMPLOYEE_ID,PROBATION_AREA_ID,TRUST_PROVIDER_TEAM_ID,ACTIVE_FLAG,
                              CREATED_BY_USER_ID, CREATED_DATETIME,LAST_UPDATED_USER_ID,LAST_UPDATED_DATETIME)
VALUES (14, to_date('05-MAY-18','DD-MON-RR'), null, 12, 11, 1, 14, 0, 1, 1, null, null, null, 1, 0, 12, 11, 1, 1, 1, to_date('12-DEC-18','DD-MON-RR'), 1, to_date('12-DEC-18','DD-MON-RR'));

INSERT INTO OFFENDER_MANAGER (OFFENDER_MANAGER_ID, ALLOCATION_DATE, END_DATE, ALLOCATION_STAFF_ID, TEAM_ID, PARTITION_AREA_ID,OFFENDER_ID,
                              SOFT_DELETED,ROW_VERSION,ALLOCATION_REASON_ID,PROVIDER_EMPLOYEE_ID, OFFENDER_TRANSFER_ID, PROVIDER_TEAM_ID,
                              TRAINING_SESSION_ID, TRUST_PROVIDER_FLAG,STAFF_EMPLOYEE_ID,PROBATION_AREA_ID,TRUST_PROVIDER_TEAM_ID,ACTIVE_FLAG,
                              CREATED_BY_USER_ID, CREATED_DATETIME,LAST_UPDATED_USER_ID,LAST_UPDATED_DATETIME)
VALUES (15, to_date('05-MAY-18','DD-MON-RR'), null, 12, 11, 1, 15, 0, 1, 1, null, null, null, 1, 0, 12, 11, 1, 1, 1, to_date('12-DEC-18','DD-MON-RR'), 1, to_date('12-DEC-18','DD-MON-RR'));

INSERT INTO OFFENDER_MANAGER (OFFENDER_MANAGER_ID, ALLOCATION_DATE, END_DATE, ALLOCATION_STAFF_ID, TEAM_ID, PARTITION_AREA_ID,OFFENDER_ID,
                              SOFT_DELETED,ROW_VERSION,ALLOCATION_REASON_ID,PROVIDER_EMPLOYEE_ID, OFFENDER_TRANSFER_ID, PROVIDER_TEAM_ID,
                              TRAINING_SESSION_ID, TRUST_PROVIDER_FLAG,STAFF_EMPLOYEE_ID,PROBATION_AREA_ID,TRUST_PROVIDER_TEAM_ID,ACTIVE_FLAG,
                              CREATED_BY_USER_ID, CREATED_DATETIME,LAST_UPDATED_USER_ID,LAST_UPDATED_DATETIME)
VALUES (16, to_date('05-MAY-18','DD-MON-RR'), null, 12, 11, 1, 16, 0, 1, 1, null, null, null, 1, 0, 12, 11, 1, 1, 1, to_date('12-DEC-18','DD-MON-RR'), 1, to_date('12-DEC-18','DD-MON-RR'));

INSERT INTO OFFENDER_MANAGER (OFFENDER_MANAGER_ID, ALLOCATION_DATE, END_DATE, ALLOCATION_STAFF_ID, TEAM_ID, PARTITION_AREA_ID,OFFENDER_ID,
                              SOFT_DELETED,ROW_VERSION,ALLOCATION_REASON_ID,PROVIDER_EMPLOYEE_ID, OFFENDER_TRANSFER_ID, PROVIDER_TEAM_ID,
                              TRAINING_SESSION_ID, TRUST_PROVIDER_FLAG,STAFF_EMPLOYEE_ID,PROBATION_AREA_ID,TRUST_PROVIDER_TEAM_ID,ACTIVE_FLAG,
                              CREATED_BY_USER_ID, CREATED_DATETIME,LAST_UPDATED_USER_ID,LAST_UPDATED_DATETIME)
VALUES (17, to_date('06-MAY-18','DD-MON-RR'), null, 13, 11, 1, 17, 0, 1, 1, null, null, null, 1, 0, 13, 11, 1, 1, 1, to_date('12-DEC-18','DD-MON-RR'), 1, to_date('12-DEC-18','DD-MON-RR'));

INSERT INTO OFFENDER_MANAGER (OFFENDER_MANAGER_ID, ALLOCATION_DATE, END_DATE, ALLOCATION_STAFF_ID, TEAM_ID, PARTITION_AREA_ID,OFFENDER_ID,
                              SOFT_DELETED,ROW_VERSION,ALLOCATION_REASON_ID,PROVIDER_EMPLOYEE_ID, OFFENDER_TRANSFER_ID, PROVIDER_TEAM_ID,
                              TRAINING_SESSION_ID, TRUST_PROVIDER_FLAG,STAFF_EMPLOYEE_ID,PROBATION_AREA_ID,TRUST_PROVIDER_TEAM_ID,ACTIVE_FLAG,
                              CREATED_BY_USER_ID, CREATED_DATETIME,LAST_UPDATED_USER_ID,LAST_UPDATED_DATETIME)
VALUES (18, to_date('06-MAY-18','DD-MON-RR'), null, 13, 11, 1, 18, 0, 1, 1, null, null, null, 1, 0, 13, 11, 1, 1, 1, to_date('12-DEC-18','DD-MON-RR'), 1, to_date('12-DEC-18','DD-MON-RR'));

INSERT INTO OFFENDER_MANAGER (OFFENDER_MANAGER_ID, ALLOCATION_DATE, END_DATE, ALLOCATION_STAFF_ID, TEAM_ID, PARTITION_AREA_ID,OFFENDER_ID,
                              SOFT_DELETED,ROW_VERSION,ALLOCATION_REASON_ID,PROVIDER_EMPLOYEE_ID, OFFENDER_TRANSFER_ID, PROVIDER_TEAM_ID,
                              TRAINING_SESSION_ID, TRUST_PROVIDER_FLAG,STAFF_EMPLOYEE_ID,PROBATION_AREA_ID,TRUST_PROVIDER_TEAM_ID,ACTIVE_FLAG,
                              CREATED_BY_USER_ID, CREATED_DATETIME,LAST_UPDATED_USER_ID,LAST_UPDATED_DATETIME)
VALUES (19, to_date('06-MAY-18','DD-MON-RR'), null, 13, 11, 1, 19, 0, 1, 1, null, null, null, 1, 0, 13, 11, 1, 1, 1, to_date('12-DEC-18','DD-MON-RR'), 1, to_date('12-DEC-18','DD-MON-RR'));

INSERT INTO OFFENDER_MANAGER (OFFENDER_MANAGER_ID, ALLOCATION_DATE, END_DATE, ALLOCATION_STAFF_ID, TEAM_ID, PARTITION_AREA_ID,OFFENDER_ID,
                              SOFT_DELETED,ROW_VERSION,ALLOCATION_REASON_ID,PROVIDER_EMPLOYEE_ID, OFFENDER_TRANSFER_ID, PROVIDER_TEAM_ID,
                              TRAINING_SESSION_ID, TRUST_PROVIDER_FLAG,STAFF_EMPLOYEE_ID,PROBATION_AREA_ID,TRUST_PROVIDER_TEAM_ID,ACTIVE_FLAG,
                              CREATED_BY_USER_ID, CREATED_DATETIME,LAST_UPDATED_USER_ID,LAST_UPDATED_DATETIME)
VALUES (20, to_date('07-MAY-18','DD-MON-RR'), null, 14, 12, 1, 20, 0, 1, 1, null, null, null, 1, 0, 14, 12, 1, 1, 1, to_date('12-DEC-18','DD-MON-RR'), 1, to_date('12-DEC-18','DD-MON-RR'));

INSERT INTO OFFENDER_MANAGER (OFFENDER_MANAGER_ID, ALLOCATION_DATE, END_DATE, ALLOCATION_STAFF_ID, TEAM_ID, PARTITION_AREA_ID,OFFENDER_ID,
                              SOFT_DELETED,ROW_VERSION,ALLOCATION_REASON_ID,PROVIDER_EMPLOYEE_ID, OFFENDER_TRANSFER_ID, PROVIDER_TEAM_ID,
                              TRAINING_SESSION_ID, TRUST_PROVIDER_FLAG,STAFF_EMPLOYEE_ID,PROBATION_AREA_ID,TRUST_PROVIDER_TEAM_ID,ACTIVE_FLAG,
                              CREATED_BY_USER_ID, CREATED_DATETIME,LAST_UPDATED_USER_ID,LAST_UPDATED_DATETIME)
VALUES (21, to_date('07-MAY-18','DD-MON-RR'), null, 14, 12, 1, 21, 0, 1, 1, null, null, null, 1, 0, 14, 12, 1, 1, 1, to_date('12-DEC-18','DD-MON-RR'), 1, to_date('12-DEC-18','DD-MON-RR'));

INSERT INTO OFFENDER_MANAGER (OFFENDER_MANAGER_ID, ALLOCATION_DATE, END_DATE, ALLOCATION_STAFF_ID, TEAM_ID, PARTITION_AREA_ID,OFFENDER_ID,
                              SOFT_DELETED,ROW_VERSION,ALLOCATION_REASON_ID,PROVIDER_EMPLOYEE_ID, OFFENDER_TRANSFER_ID, PROVIDER_TEAM_ID,
                              TRAINING_SESSION_ID, TRUST_PROVIDER_FLAG,STAFF_EMPLOYEE_ID,PROBATION_AREA_ID,TRUST_PROVIDER_TEAM_ID,ACTIVE_FLAG,
                              CREATED_BY_USER_ID, CREATED_DATETIME,LAST_UPDATED_USER_ID,LAST_UPDATED_DATETIME)
VALUES (22, to_date('07-MAY-18','DD-MON-RR'), null, 14, 12, 1, 22, 0, 1, 1, null, null, null, 1, 0, 14, 12, 1, 1, 1, to_date('12-DEC-18','DD-MON-RR'), 1, to_date('12-DEC-18','DD-MON-RR'));

INSERT INTO OFFENDER_MANAGER (OFFENDER_MANAGER_ID, ALLOCATION_DATE, END_DATE, ALLOCATION_STAFF_ID, TEAM_ID, PARTITION_AREA_ID,OFFENDER_ID,
                              SOFT_DELETED,ROW_VERSION,ALLOCATION_REASON_ID,PROVIDER_EMPLOYEE_ID, OFFENDER_TRANSFER_ID, PROVIDER_TEAM_ID,
                              TRAINING_SESSION_ID, TRUST_PROVIDER_FLAG,STAFF_EMPLOYEE_ID,PROBATION_AREA_ID,TRUST_PROVIDER_TEAM_ID,ACTIVE_FLAG,
                              CREATED_BY_USER_ID, CREATED_DATETIME,LAST_UPDATED_USER_ID,LAST_UPDATED_DATETIME)
VALUES (23, to_date('08-MAY-18','DD-MON-RR'), null, 15, 12, 1, 23, 0, 1, 1, null, null, null, 1, 0, 15, 12, 1, 1, 1, to_date('12-DEC-18','DD-MON-RR'), 1, to_date('12-DEC-18','DD-MON-RR'));

INSERT INTO OFFENDER_MANAGER (OFFENDER_MANAGER_ID, ALLOCATION_DATE, END_DATE, ALLOCATION_STAFF_ID, TEAM_ID, PARTITION_AREA_ID,OFFENDER_ID,
                              SOFT_DELETED,ROW_VERSION,ALLOCATION_REASON_ID,PROVIDER_EMPLOYEE_ID, OFFENDER_TRANSFER_ID, PROVIDER_TEAM_ID,
                              TRAINING_SESSION_ID, TRUST_PROVIDER_FLAG,STAFF_EMPLOYEE_ID,PROBATION_AREA_ID,TRUST_PROVIDER_TEAM_ID,ACTIVE_FLAG,
                              CREATED_BY_USER_ID, CREATED_DATETIME,LAST_UPDATED_USER_ID,LAST_UPDATED_DATETIME)
VALUES (24, to_date('08-MAY-18','DD-MON-RR'), null, 15, 12, 1, 24, 0, 1, 1, null, null, null, 1, 0, 15, 12, 1, 1, 1, to_date('12-DEC-18','DD-MON-RR'), 1, to_date('12-DEC-18','DD-MON-RR'));

INSERT INTO OFFENDER_MANAGER (OFFENDER_MANAGER_ID, ALLOCATION_DATE, END_DATE, ALLOCATION_STAFF_ID, TEAM_ID, PARTITION_AREA_ID,OFFENDER_ID,
                              SOFT_DELETED,ROW_VERSION,ALLOCATION_REASON_ID,PROVIDER_EMPLOYEE_ID, OFFENDER_TRANSFER_ID, PROVIDER_TEAM_ID,
                              TRAINING_SESSION_ID, TRUST_PROVIDER_FLAG,STAFF_EMPLOYEE_ID,PROBATION_AREA_ID,TRUST_PROVIDER_TEAM_ID,ACTIVE_FLAG,
                              CREATED_BY_USER_ID, CREATED_DATETIME,LAST_UPDATED_USER_ID,LAST_UPDATED_DATETIME)
VALUES (25, to_date('08-MAY-18','DD-MON-RR'), null, 15, 12, 1, 25, 0, 1, 1, null, null, null, 1, 0, 15, 12, 1, 1, 1, to_date('12-DEC-18','DD-MON-RR'), 1, to_date('12-DEC-18','DD-MON-RR'));

--- Prison offender managers
INSERT INTO PRISON_OFFENDER_MANAGER (PRISON_OFFENDER_MANAGER_ID,OFFENDER_ID,PROBATION_AREA_ID,ALLOCATION_TEAM_ID, ALLOCATION_STAFF_ID, ALLOCATION_REASON_ID,
                                     TRANSFER_REASON_ID, ALLOCATION_DATE, END_DATE, ACTIVE_FLAG, SOFT_DELETED, ROW_VERSION,
                                     CREATED_DATETIME, CREATED_BY_USER_ID,LAST_UPDATED_DATETIME,LAST_UPDATED_USER_ID)
VALUES (11, 26, 12, 12, 12, 1, null, to_date('01-JAN-19','DD-MON-RR'), null, 1, 0, 1, to_date('12-DEC-18','DD-MON-RR'), 1, to_date('12-DEC-18','DD-MON-RR'), 1);


-- Responsible officers
INSERT INTO RESPONSIBLE_OFFICER (RESPONSIBLE_OFFICER_ID, OFFENDER_ID, OFFENDER_MANAGER_ID, PRISON_OFFENDER_MANAGER_ID, START_DATE, END_DATE,
                                 CREATED_BY_USER_ID,CREATED_DATETIME, LAST_UPDATED_USER_ID, LAST_UPDATED_DATETIME, ROW_VERSION)
VALUES (1, 11, 11, null, to_date('12-DEC-18','DD-MON-RR'), null, 1, to_date('12-DEC-18','DD-MON-RR'), 1, to_date('12-DEC-18','DD-MON-RR'), 1);

INSERT INTO RESPONSIBLE_OFFICER (RESPONSIBLE_OFFICER_ID, OFFENDER_ID, OFFENDER_MANAGER_ID, PRISON_OFFENDER_MANAGER_ID, START_DATE, END_DATE,
                                 CREATED_BY_USER_ID,CREATED_DATETIME, LAST_UPDATED_USER_ID, LAST_UPDATED_DATETIME, ROW_VERSION)
VALUES (2, 12, 12, null, to_date('12-DEC-18','DD-MON-RR'), null, 1, to_date('12-DEC-18','DD-MON-RR'), 1, to_date('12-DEC-18','DD-MON-RR'), 1);

INSERT INTO RESPONSIBLE_OFFICER (RESPONSIBLE_OFFICER_ID, OFFENDER_ID, OFFENDER_MANAGER_ID, PRISON_OFFENDER_MANAGER_ID, START_DATE, END_DATE,
                                 CREATED_BY_USER_ID,CREATED_DATETIME, LAST_UPDATED_USER_ID, LAST_UPDATED_DATETIME, ROW_VERSION)
VALUES (3, 13, 13, null, to_date('12-DEC-18','DD-MON-RR'), null, 1, to_date('12-DEC-18','DD-MON-RR'), 1, to_date('12-DEC-18','DD-MON-RR'), 1);

INSERT INTO RESPONSIBLE_OFFICER (RESPONSIBLE_OFFICER_ID, OFFENDER_ID, OFFENDER_MANAGER_ID, PRISON_OFFENDER_MANAGER_ID, START_DATE, END_DATE,
                                 CREATED_BY_USER_ID,CREATED_DATETIME, LAST_UPDATED_USER_ID, LAST_UPDATED_DATETIME, ROW_VERSION)
VALUES (4, 14, 14, null, to_date('12-DEC-18','DD-MON-RR'), null, 1, to_date('12-DEC-18','DD-MON-RR'), 1, to_date('12-DEC-18','DD-MON-RR'), 1);

INSERT INTO RESPONSIBLE_OFFICER (RESPONSIBLE_OFFICER_ID, OFFENDER_ID, OFFENDER_MANAGER_ID, PRISON_OFFENDER_MANAGER_ID, START_DATE, END_DATE,
                                 CREATED_BY_USER_ID,CREATED_DATETIME, LAST_UPDATED_USER_ID, LAST_UPDATED_DATETIME, ROW_VERSION)
VALUES (5, 15, 15, null, to_date('12-DEC-18','DD-MON-RR'), null, 1, to_date('12-DEC-18','DD-MON-RR'), 1, to_date('12-DEC-18','DD-MON-RR'), 1);

INSERT INTO RESPONSIBLE_OFFICER (RESPONSIBLE_OFFICER_ID, OFFENDER_ID, OFFENDER_MANAGER_ID, PRISON_OFFENDER_MANAGER_ID, START_DATE, END_DATE,
                                 CREATED_BY_USER_ID,CREATED_DATETIME, LAST_UPDATED_USER_ID, LAST_UPDATED_DATETIME, ROW_VERSION)
VALUES (6, 16, 16, null, to_date('12-DEC-18','DD-MON-RR'), null, 1, to_date('12-DEC-18','DD-MON-RR'), 1, to_date('12-DEC-18','DD-MON-RR'), 1);

INSERT INTO RESPONSIBLE_OFFICER (RESPONSIBLE_OFFICER_ID, OFFENDER_ID, OFFENDER_MANAGER_ID, PRISON_OFFENDER_MANAGER_ID, START_DATE, END_DATE,
                                 CREATED_BY_USER_ID,CREATED_DATETIME, LAST_UPDATED_USER_ID, LAST_UPDATED_DATETIME, ROW_VERSION)
VALUES (7, 17, 17, null, to_date('12-DEC-18','DD-MON-RR'), null, 1, to_date('12-DEC-18','DD-MON-RR'), 1, to_date('12-DEC-18','DD-MON-RR'), 1);

INSERT INTO RESPONSIBLE_OFFICER (RESPONSIBLE_OFFICER_ID, OFFENDER_ID, OFFENDER_MANAGER_ID, PRISON_OFFENDER_MANAGER_ID, START_DATE, END_DATE,
                                 CREATED_BY_USER_ID,CREATED_DATETIME, LAST_UPDATED_USER_ID, LAST_UPDATED_DATETIME, ROW_VERSION)
VALUES (8, 18, 18, null, to_date('12-DEC-18','DD-MON-RR'), null, 1, to_date('12-DEC-18','DD-MON-RR'), 1, to_date('12-DEC-18','DD-MON-RR'), 1);

INSERT INTO RESPONSIBLE_OFFICER (RESPONSIBLE_OFFICER_ID, OFFENDER_ID, OFFENDER_MANAGER_ID, PRISON_OFFENDER_MANAGER_ID, START_DATE, END_DATE,
                                 CREATED_BY_USER_ID,CREATED_DATETIME, LAST_UPDATED_USER_ID, LAST_UPDATED_DATETIME, ROW_VERSION)
VALUES (9, 19, 19, null, to_date('12-DEC-18','DD-MON-RR'), null, 1, to_date('12-DEC-18','DD-MON-RR'), 1, to_date('12-DEC-18','DD-MON-RR'), 1);

INSERT INTO RESPONSIBLE_OFFICER (RESPONSIBLE_OFFICER_ID, OFFENDER_ID, OFFENDER_MANAGER_ID, PRISON_OFFENDER_MANAGER_ID, START_DATE, END_DATE,
                                 CREATED_BY_USER_ID,CREATED_DATETIME, LAST_UPDATED_USER_ID, LAST_UPDATED_DATETIME, ROW_VERSION)
VALUES (10, 20, 20, null, to_date('12-DEC-18','DD-MON-RR'), null, 1, to_date('12-DEC-18','DD-MON-RR'), 1, to_date('12-DEC-18','DD-MON-RR'), 1);

INSERT INTO RESPONSIBLE_OFFICER (RESPONSIBLE_OFFICER_ID, OFFENDER_ID, OFFENDER_MANAGER_ID, PRISON_OFFENDER_MANAGER_ID, START_DATE, END_DATE,
                                 CREATED_BY_USER_ID,CREATED_DATETIME, LAST_UPDATED_USER_ID, LAST_UPDATED_DATETIME, ROW_VERSION)
VALUES (11, 21, 21, null, to_date('12-DEC-18','DD-MON-RR'), null, 1, to_date('12-DEC-18','DD-MON-RR'), 1, to_date('12-DEC-18','DD-MON-RR'), 1);

INSERT INTO RESPONSIBLE_OFFICER (RESPONSIBLE_OFFICER_ID, OFFENDER_ID, OFFENDER_MANAGER_ID, PRISON_OFFENDER_MANAGER_ID, START_DATE, END_DATE,
                                 CREATED_BY_USER_ID,CREATED_DATETIME, LAST_UPDATED_USER_ID, LAST_UPDATED_DATETIME, ROW_VERSION)
VALUES (12, 22, 22, null, to_date('12-DEC-18','DD-MON-RR'), null, 1, to_date('12-DEC-18','DD-MON-RR'), 1, to_date('12-DEC-18','DD-MON-RR'), 1);

INSERT INTO RESPONSIBLE_OFFICER (RESPONSIBLE_OFFICER_ID, OFFENDER_ID, OFFENDER_MANAGER_ID, PRISON_OFFENDER_MANAGER_ID, START_DATE, END_DATE,
                                 CREATED_BY_USER_ID,CREATED_DATETIME, LAST_UPDATED_USER_ID, LAST_UPDATED_DATETIME, ROW_VERSION)
VALUES (13, 23, 23, null, to_date('12-DEC-18','DD-MON-RR'), null, 1, to_date('12-DEC-18','DD-MON-RR'), 1, to_date('12-DEC-18','DD-MON-RR'), 1);

INSERT INTO RESPONSIBLE_OFFICER (RESPONSIBLE_OFFICER_ID, OFFENDER_ID, OFFENDER_MANAGER_ID, PRISON_OFFENDER_MANAGER_ID, START_DATE, END_DATE,
                                 CREATED_BY_USER_ID,CREATED_DATETIME, LAST_UPDATED_USER_ID, LAST_UPDATED_DATETIME, ROW_VERSION)
VALUES (14, 24, 24, null, to_date('12-DEC-18','DD-MON-RR'), null, 1, to_date('12-DEC-18','DD-MON-RR'), 1, to_date('12-DEC-18','DD-MON-RR'), 1);

INSERT INTO RESPONSIBLE_OFFICER (RESPONSIBLE_OFFICER_ID, OFFENDER_ID, OFFENDER_MANAGER_ID, PRISON_OFFENDER_MANAGER_ID, START_DATE, END_DATE,
                                 CREATED_BY_USER_ID,CREATED_DATETIME, LAST_UPDATED_USER_ID, LAST_UPDATED_DATETIME, ROW_VERSION)
VALUES (15, 25, 25, null, to_date('12-DEC-18','DD-MON-RR'), null, 1, to_date('12-DEC-18','DD-MON-RR'), 1, to_date('12-DEC-18','DD-MON-RR'), 1);

-- POM responsible officer
INSERT INTO RESPONSIBLE_OFFICER (RESPONSIBLE_OFFICER_ID, OFFENDER_ID, OFFENDER_MANAGER_ID, PRISON_OFFENDER_MANAGER_ID, START_DATE, END_DATE,
                                 CREATED_BY_USER_ID,CREATED_DATETIME, LAST_UPDATED_USER_ID, LAST_UPDATED_DATETIME, ROW_VERSION)
VALUES (16, 26, null, 11, to_date('12-DEC-18','DD-MON-RR'), null, 1, to_date('12-DEC-18','DD-MON-RR'), 1, to_date('12-DEC-18','DD-MON-RR'), 1);

-- All team table - required to satisfy entity dependencies

INSERT INTO ALL_TEAM (TRUST_PROVIDER_FLAG, TRUST_PROVIDER_TEAM_ID, PROBATION_AREA_ID, DESCRIPTION, TELEPHONE, DISTRICT_ID, START_DATE, END_DATE)
VALUES (0, 1, 11, 'All team 11', '111111111' ,1, to_date('12-DEC-18','DD-MON-RR'), to_date('12-DEC-30','DD-MON-RR'));

INSERT INTO ALL_TEAM (TRUST_PROVIDER_FLAG, TRUST_PROVIDER_TEAM_ID, PROBATION_AREA_ID, DESCRIPTION, TELEPHONE, DISTRICT_ID, START_DATE, END_DATE)
VALUES (0, 1, 12, 'All team 12', '12121212' ,2, to_date('12-DEC-18','DD-MON-RR'), to_date('12-DEC-30','DD-MON-RR'));

-- End